id,source,type,type_id,validity_status,description,status,from_engine,created_at,updated_at,country
1268,https://163.com/,Google,3,Unofficial,https://163.com/,1,Yes,2026-07-11T08:29:14.000000Z,2026-07-11T08:29:14.000000Z,China
1185,https://1news.co.nz/,Google,3,Unofficial,https://1news.co.nz/,1,Yes,2026-05-28T08:30:23.000000Z,2026-05-28T08:30:23.000000Z,New Zealand
651,https://24h.com.vn/,Google,3,Unofficial,https://24h.com.vn/,1,Yes,2025-12-18T00:19:49.000000Z,2025-12-18T00:19:49.000000Z,Vietnam
1207,https://24hmoney.vn/,Google,3,Unofficial,https://24hmoney.vn/,1,Yes,2026-05-31T08:15:26.000000Z,2026-05-31T08:15:26.000000Z,Vietnam
953,https://24newshd.tv/,Google,3,Unofficial,https://24newshd.tv/,1,Yes,2026-02-21T13:22:23.000000Z,2026-02-21T13:22:23.000000Z,Pakistan
1270,https://3g.china.com/,Google,3,Unofficial,https://3g.china.com/,1,Yes,2026-07-14T08:31:33.000000Z,2026-07-14T08:31:33.000000Z,China
1131,https://4gtv.tv/,Google,3,Unofficial,https://4gtv.tv/,1,Yes,2026-05-25T08:23:24.000000Z,2026-05-25T08:23:24.000000Z,Taiwan
825,https://52hrtt.com/,Google,3,Unofficial,https://52hrtt.com/,1,Yes,2026-01-26T14:43:06.000000Z,2026-01-26T14:43:06.000000Z,China
756,https://7news.com.au/,Google,3,Unofficial,https://7news.com.au/,1,Yes,2026-01-21T11:27:01.000000Z,2026-01-21T11:27:01.000000Z,Australia
987,https://9news.com.au/,Google,3,Unofficial,https://9news.com.au/,1,Yes,2026-02-25T13:49:02.000000Z,2026-02-25T13:49:02.000000Z,Australia
1019,https://aawsat.com/,Google,3,Unofficial,https://aawsat.com/,1,Yes,2026-03-02T19:13:53.000000Z,2026-03-02T19:13:53.000000Z,Saudi Arabia
642,https://abcnews.go.com/,Google,3,Unofficial,https://abcnews.go.com/,1,Yes,2025-12-16T01:15:09.000000Z,2025-12-16T01:15:09.000000Z,United States
1290,https://aboluowang.com/,Google,3,Unofficial,https://aboluowang.com/,1,Yes,2026-07-20T08:38:57.000000Z,2026-07-20T08:38:57.000000Z,China
1035,https://adaptresearchwriting.com/,Google,3,Unofficial,https://adaptresearchwriting.com/,1,Yes,2026-03-19T11:47:12.000000Z,2026-03-19T11:47:12.000000Z,New Zealand
656,https://afamily.vn/,Google,3,Unofficial,https://afamily.vn/,1,Yes,2025-12-18T00:44:04.000000Z,2025-12-18T00:44:04.000000Z,Vietnam
1165,https://agora-web.jp/,Google,3,Unofficial,https://agora-web.jp/,1,Yes,2026-05-27T08:49:11.000000Z,2026-05-27T08:49:11.000000Z,Japan
704,https://aha.org/,Google,3,Unofficial,https://aha.org/,1,Yes,2025-12-31T01:01:20.000000Z,2025-12-31T01:01:20.000000Z,United States
1147,https://aktualtangerang.com/,Google,3,Unofficial,https://aktualtangerang.com/,1,Yes,2026-05-26T02:11:36.000000Z,2026-05-26T02:11:36.000000Z,Indonesia
1043,https://albiladdaily.com/,Google,3,Unofficial,https://albiladdaily.com/,1,Yes,2026-03-26T01:25:32.000000Z,2026-03-26T01:25:32.000000Z,Saudi Arabia
1018,https://aleqaria.com.eg/,Google,3,Unofficial,https://aleqaria.com.eg/,1,Yes,2026-03-02T19:11:48.000000Z,2026-03-02T19:11:48.000000Z,Egypt
904,https://alloranews.com/,Google,3,Unofficial,https://alloranews.com/,1,Yes,2026-02-09T03:04:56.000000Z,2026-02-09T03:04:56.000000Z,Australia
810,https://alobacsi.com/,Google,3,Unofficial,https://alobacsi.com/,1,Yes,2026-01-26T09:29:18.000000Z,2026-01-26T09:29:18.000000Z,Vietnam
736,https://alparslandiyari.com/,Google,3,Unofficial,https://alparslandiyari.com/,1,Yes,2026-01-20T13:48:40.000000Z,2026-01-20T13:48:40.000000Z,Turkey
17,https://alwatannews.net/,Local News,7,Official,Bahrain-based news portal covering Middle East and international affairs.,1,No,2025-10-13T22:27:00.000000Z,2025-10-13T22:27:00.000000Z,Bahrain
683,https://ameera.republika.co.id/,Google,3,Unofficial,https://ameera.republika.co.id/,1,Yes,2025-12-22T20:37:34.000000Z,2025-12-22T20:37:34.000000Z,Indonesia
1187,https://amp.9news.com.au/,Google,3,Unofficial,https://amp.9news.com.au/,1,Yes,2026-05-28T08:35:26.000000Z,2026-05-28T08:35:26.000000Z,Australia
1227,https://amp.baodautu.vn/,Google,3,Unofficial,https://amp.baodautu.vn/,1,Yes,2026-06-23T08:04:53.000000Z,2026-06-23T08:04:53.000000Z,Vietnam
801,https://amp.cand.com.vn/,Google,3,Unofficial,https://amp.cand.com.vn/,1,Yes,2026-01-25T21:55:17.000000Z,2026-01-25T21:55:17.000000Z,Vietnam
1082,https://amp.dw.com/,Google,3,Unofficial,https://amp.dw.com/,1,Yes,2026-05-12T00:49:28.000000Z,2026-05-12T00:49:28.000000Z,Germany
1148,https://amp.laodong.vn/,Google,3,Unofficial,https://amp.laodong.vn/,1,Yes,2026-05-26T02:14:21.000000Z,2026-05-26T02:14:21.000000Z,Vietnam
783,https://amp.modbee.com/,Google,3,Unofficial,https://amp.modbee.com/,1,Yes,2026-01-22T15:38:23.000000Z,2026-01-22T15:38:23.000000Z,United States
1077,https://amp.suara.com/,Google,3,Unofficial,https://amp.suara.com/,1,Yes,2026-05-08T00:49:49.000000Z,2026-05-08T00:49:49.000000Z,Indonesia
1050,https://amp.vtcnews.vn/,Google,3,Unofficial,https://amp.vtcnews.vn/,1,Yes,2026-04-01T02:16:31.000000Z,2026-04-01T02:16:31.000000Z,Vietnam
18,https://aninews.in/,Local News,7,Official,"Indian news agency providing political, economic, and world news updates.",1,No,2025-10-13T22:27:00.000000Z,2025-10-13T22:27:00.000000Z,India
957,https://anninhthudo.vn/,Google,3,Unofficial,https://anninhthudo.vn/,1,Yes,2026-02-23T08:35:02.000000Z,2026-02-23T08:35:02.000000Z,Vietnam
1190,https://antifakenewscenter.com/,Google,3,Unofficial,https://antifakenewscenter.com/,1,Yes,2026-05-29T00:51:16.000000Z,2026-05-29T00:51:16.000000Z,Thailand
19,https://apnews.com/,Local News,7,Official,"Associated Press (AP), global independent news agency covering worldwide news.",1,No,2025-10-13T22:27:00.000000Z,2025-10-13T22:27:00.000000Z,United States
1285,https://app.myzaker.com/,Google,3,Unofficial,https://app.myzaker.com/,1,Yes,2026-07-16T08:41:30.000000Z,2026-07-16T08:41:30.000000Z,China
1214,https://arabstoday.net/,Google,3,Unofficial,https://arabstoday.net/,1,Yes,2026-05-31T09:03:05.000000Z,2026-05-31T09:03:05.000000Z,Egypt
1142,https://artthreat.net/,Google,3,Unofficial,https://artthreat.net/,1,Yes,2026-05-25T08:28:55.000000Z,2026-05-25T08:28:55.000000Z,Canada
1235,https://aruna.lk/,Google,3,Unofficial,https://aruna.lk/,1,Yes,2026-06-23T08:59:00.000000Z,2026-06-23T08:59:00.000000Z,Sri Lanka
20,https://arynews.tv/,Local News,7,Official,"Pakistani news channel portal delivering politics, business, and breaking news.",1,No,2025-10-13T22:27:00.000000Z,2025-10-13T22:27:00.000000Z,Pakistan
1153,https://asahi.co.jp/,Google,3,Unofficial,https://asahi.co.jp/,1,Yes,2026-05-26T08:40:58.000000Z,2026-05-26T08:40:58.000000Z,Japan
21,https://asianews.network/,Local News,7,Official,Alliance of Asian media outlets providing regional news and insights.,1,No,2025-10-13T22:27:00.000000Z,2025-10-13T22:27:00.000000Z,Singapore
690,https://astroawani.com/,Google,3,Unofficial,https://astroawani.com/,1,Yes,2025-12-29T01:06:38.000000Z,2025-12-29T01:06:38.000000Z,Malaysia
22,https://au.news.yahoo.com/,Local News,7,Official,Australian edition of Yahoo News covering national and world events.,1,No,2025-10-13T22:27:00.000000Z,2025-10-13T22:27:00.000000Z,Australia
878,https://au.sports.yahoo.com/,Google,3,Unofficial,https://au.sports.yahoo.com/,1,Yes,2026-02-04T01:33:07.000000Z,2026-02-04T01:33:07.000000Z,Australia
961,https://aydinlik.com.tr/,Google,3,Unofficial,https://aydinlik.com.tr/,1,Yes,2026-02-23T19:18:24.000000Z,2026-02-23T19:18:24.000000Z,Turkey
1008,https://ayokaltim.com/,Google,3,Unofficial,https://ayokaltim.com/,1,Yes,2026-02-28T19:42:57.000000Z,2026-02-28T19:42:57.000000Z,Indonesia
735,https://azat.tv/,Google,3,Unofficial,https://azat.tv/,1,Yes,2026-01-20T12:06:59.000000Z,2026-01-20T12:06:59.000000Z,Armenia
1162,https://azernews.az/,Google,3,Unofficial,https://azernews.az/,1,Yes,2026-05-27T08:44:13.000000Z,2026-05-27T08:44:13.000000Z,Azerbaijan
23,https://babel.antaranews.com/,Local News,7,Official,Indonesian regional news portal (Bangka Belitung) under Antara News Agency.,1,No,2025-10-13T22:27:00.000000Z,2025-10-13T22:27:00.000000Z,Indonesia
1098,https://babelinsight.id/,Google,3,Unofficial,https://babelinsight.id/,1,Yes,2026-05-24T20:55:00.000000Z,2026-05-24T20:55:00.000000Z,Indonesia
1079,https://bacaini.id/,Google,3,Unofficial,https://bacaini.id/,1,Yes,2026-05-09T00:49:58.000000Z,2026-05-09T00:49:58.000000Z,Indonesia
1013,https://bacninhtv.vn/,Google,3,Unofficial,https://bacninhtv.vn/,1,Yes,2026-03-02T08:34:12.000000Z,2026-03-02T08:34:12.000000Z,Vietnam
24,https://baguio.bomboradyo.com/,Local News,7,Official,"Local Philippine radio station site (Baguio), offering news and community updates.",1,No,2025-10-13T22:27:00.000000Z,2025-10-13T22:27:00.000000Z,Philippines
25,https://baguioheraldexpressonline.com/,Local News,7,Official,"Philippine online news site focused on Northern Luzon, Baguio region.",1,No,2025-10-13T22:27:00.000000Z,2025-10-13T22:27:00.000000Z,Philippines
662,https://bali.antaranews.com/,Google,3,Unofficial,https://bali.antaranews.com/,1,Yes,2025-12-18T01:37:56.000000Z,2025-12-18T01:37:56.000000Z,Indonesia
26,https://bali.idntimes.com/,Local News,7,Official,"Indonesian lifestyle and news portal (IDN Times, Bali edition).",1,No,2025-10-13T22:27:00.000000Z,2025-10-13T22:27:00.000000Z,Indonesia
27,https://bali.tribunnews.com/,Local News,7,Official,Indonesian local news portal (Bali) under Tribunnews network.,1,No,2025-10-13T22:27:00.000000Z,2025-10-13T22:27:00.000000Z,Indonesia
28,https://baliexpress.jawapos.com/,Local News,7,Official,Bali edition of Jawa Pos covering regional and national news.,1,No,2025-10-13T22:27:00.000000Z,2025-10-13T22:27:00.000000Z,Indonesia
29,https://baliportalnews.com/,Local News,7,Official,"Bali-based news site covering tourism, local news, and lifestyle.",1,No,2025-10-13T22:27:00.000000Z,2025-10-13T22:27:00.000000Z,Indonesia
30,https://balitribune.co.id/,Local News,7,Official,Bali Tribune online newspaper providing local and national updates.,1,No,2025-10-13T22:27:00.000000Z,2025-10-13T22:27:00.000000Z,Indonesia
31,https://bandung.kompas.com/,Local News,7,Official,Local Indonesian news portal (Bandung) under Kompas.com network.,1,No,2025-10-13T22:27:00.000000Z,2025-10-13T22:27:00.000000Z,Indonesia
32,https://bangaloremirror.indiatimes.com/,Local News,7,Official,"Indian local edition of Times Group, focused on Bangalore city news.",1,No,2025-10-13T22:27:00.000000Z,2025-10-13T22:27:00.000000Z,India
33,https://bangla.bdnews24.com/,Local News,7,Official,Bangladeshi news portal in Bangla language under bdnews24.com.,1,No,2025-10-13T22:27:00.000000Z,2025-10-13T22:27:00.000000Z,Bangladesh
1293,https://bangla.thedailystar.net/,Google,3,Unofficial,https://bangla.thedailystar.net/,1,Yes,2026-08-03T10:13:45.000000Z,2026-08-03T10:13:45.000000Z,Bangladesh
34,https://banjarmasin.tribunnews.com/,Local News,7,Official,Indonesian local news portal (Banjarmasin) under Tribunnews network.,1,No,2025-10-13T22:27:00.000000Z,2025-10-13T22:27:00.000000Z,Indonesia
1081,https://banten.akurat.co/,Google,3,Unofficial,https://banten.akurat.co/,1,Yes,2026-05-11T02:10:51.000000Z,2026-05-11T02:10:51.000000Z,Indonesia
35,https://bantenraya.co/,Local News,7,Official,Regional Indonesian news site covering Banten Province.,1,No,2025-10-13T22:27:00.000000Z,2025-10-13T22:27:00.000000Z,Indonesia
36,https://banyumas.viva.co.id/,Local News,7,Official,"Regional edition of Viva.co.id covering Banyumas, Indonesia.",1,No,2025-10-13T22:27:00.000000Z,2025-10-13T22:27:00.000000Z,Indonesia
1085,https://baobacninhtv.vn/,Google,3,Unofficial,https://baobacninhtv.vn/,1,Yes,2026-05-13T02:12:37.000000Z,2026-05-13T02:12:37.000000Z,Vietnam
37,https://baobinhdinh.vn/,Local News,7,Official,Vietnamese provincial online newspaper covering Bình Định province.,1,No,2025-10-13T22:27:00.000000Z,2025-10-13T22:27:00.000000Z,Vietnam
858,https://baocantho.com.vn/,Google,3,Unofficial,https://baocantho.com.vn/,1,Yes,2026-02-01T21:03:12.000000Z,2026-02-01T21:03:12.000000Z,Vietnam
38,https://baochinhphu.vn/,Official Government Sites,4,Official,Official Vietnamese Government News Portal publishing state updates and policies.,1,No,2025-10-13T22:27:00.000000Z,2025-10-13T22:27:00.000000Z,Vietnam
1100,https://baodaklak.vn/,Google,3,Unofficial,https://baodaklak.vn/,1,Yes,2026-05-24T21:02:38.000000Z,2026-05-24T21:02:38.000000Z,Vietnam
646,https://baodautu.vn/,Google,3,Unofficial,https://baodautu.vn/,1,Yes,2025-12-16T20:44:11.000000Z,2025-12-16T20:44:11.000000Z,Vietnam
39,https://baodongnai.com.vn/,Local News,7,Official,Vietnamese regional news portal covering Đồng Nai province.,1,No,2025-10-13T22:27:00.000000Z,2025-10-13T22:27:00.000000Z,Vietnam
1057,https://baodongthap.vn/,Google,3,Unofficial,https://baodongthap.vn/,1,Yes,2026-04-13T00:03:45.000000Z,2026-04-13T00:03:45.000000Z,Vietnam
654,https://baogialai.com.vn/,Google,3,Unofficial,https://baogialai.com.vn/,1,Yes,2025-12-18T00:34:24.000000Z,2025-12-18T00:34:24.000000Z,Vietnam
40,https://baohaiduong.vn/,Local News,7,Official,Vietnamese regional online newspaper focused on Hải Dương province.,1,No,2025-10-13T22:27:00.000000Z,2025-10-13T22:27:00.000000Z,Vietnam
1067,https://baohatinh.vn/,Google,3,Unofficial,https://baohatinh.vn/,1,Yes,2026-04-29T02:38:26.000000Z,2026-04-29T02:38:26.000000Z,Vietnam
973,https://baohiemxahoi.gov.vn/,Google,3,Unofficial,https://baohiemxahoi.gov.vn/,1,Yes,2026-02-24T01:28:29.000000Z,2026-02-24T01:28:29.000000Z,Vietnam
875,https://baokhanhhoa.vn/,Google,3,Unofficial,https://baokhanhhoa.vn/,1,Yes,2026-02-03T20:52:42.000000Z,2026-02-03T20:52:42.000000Z,Vietnam
751,https://baolangson.vn/,Google,3,Unofficial,https://baolangson.vn/,1,Yes,2026-01-21T08:10:55.000000Z,2026-01-21T08:10:55.000000Z,Vietnam
917,https://baolaocai.vn/,Google,3,Unofficial,https://baolaocai.vn/,1,Yes,2026-02-12T02:09:14.000000Z,2026-02-12T02:09:14.000000Z,Vietnam
41,https://baomoi.com/,Local News,7,Official,Vietnamese online news aggregator and portal covering various local and international topics.,1,No,2025-10-16T19:00:00.000000Z,2025-10-16T19:00:00.000000Z,Vietnam
42,https://baophapluat.vn/,Local News,7,Official,"Vietnamese online newspaper focusing on legal, political, and social news.",1,No,2025-10-16T19:00:00.000000Z,2025-10-16T19:00:00.000000Z,Vietnam
1039,https://baophutho.vn/,Google,3,Unofficial,https://baophutho.vn/,1,Yes,2026-03-24T01:06:34.000000Z,2026-03-24T01:06:34.000000Z,Vietnam
943,https://baoquangninh.vn/,Google,3,Unofficial,https://baoquangninh.vn/,1,Yes,2026-02-20T08:21:20.000000Z,2026-02-20T08:21:20.000000Z,Vietnam
920,https://baoquocte.vn/,Google,3,Unofficial,https://baoquocte.vn/,1,Yes,2026-02-13T02:22:16.000000Z,2026-02-13T02:22:16.000000Z,Vietnam
1243,https://baotayninh.vn/,Google,3,Unofficial,https://baotayninh.vn/,1,Yes,2026-07-01T01:47:33.000000Z,2026-07-01T01:47:33.000000Z,Vietnam
1051,https://baothainguyen.vn/,Google,3,Unofficial,https://baothainguyen.vn/,1,Yes,2026-04-02T02:11:50.000000Z,2026-04-02T02:11:50.000000Z,Vietnam
682,https://baothanhhoa.vn/,Google,3,Unofficial,https://baothanhhoa.vn/,1,Yes,2025-12-22T19:43:31.000000Z,2025-12-22T19:43:31.000000Z,Vietnam
43,https://baotintuc.vn/,Local News,7,Official,Official news site of Vietnam News Agency delivering national and global news.,1,No,2025-10-16T19:00:00.000000Z,2025-10-16T19:00:00.000000Z,Vietnam
715,https://baotuyenquang.com.vn/,Google,3,Unofficial,https://baotuyenquang.com.vn/,1,Yes,2026-01-08T01:51:32.000000Z,2026-01-08T01:51:32.000000Z,Vietnam
44,https://baovanhoa.vn/,Local News,7,Official,"Vietnamese cultural and lifestyle news site under the Ministry of Culture, Sports and Tourism.",1,No,2025-10-16T19:00:00.000000Z,2025-10-16T19:00:00.000000Z,Vietnam
45,https://baovinhlong.com.vn/,Local News,7,Official,Regional Vietnamese news portal focused on events and updates from Vinh Long province.,1,No,2025-10-16T19:00:00.000000Z,2025-10-16T19:00:00.000000Z,Vietnam
1074,https://baoxaydung.vn/,Google,3,Unofficial,https://baoxaydung.vn/,1,Yes,2026-05-06T01:01:25.000000Z,2026-05-06T01:01:25.000000Z,Vietnam
1211,https://bastillepost.com/,Google,3,Unofficial,https://bastillepost.com/,1,Yes,2026-05-31T08:48:50.000000Z,2026-05-31T08:48:50.000000Z,Hong Kong
1226,https://batampos.jawapos.com/,Google,3,Unofficial,https://batampos.jawapos.com/,1,Yes,2026-06-23T08:02:40.000000Z,2026-06-23T08:02:40.000000Z,Indonesia
46,https://batuahnews.id/,Local News,7,Unofficial,Indonesian online news platform delivering local and national updates.,1,No,2025-10-16T19:00:00.000000Z,2025-10-16T19:00:00.000000Z,Indonesia
747,https://bbc.co.uk/,Google,3,Unofficial,https://bbc.co.uk/,1,Yes,2026-01-20T16:27:51.000000Z,2026-01-20T16:27:51.000000Z,United Kingdom
47,https://bdnews24.com/,Local News,7,Official,"Bangladeshi online news portal publishing national, business, and world news.",1,No,2025-10-16T19:00:00.000000Z,2025-10-16T19:00:00.000000Z,Bangladesh
1173,https://beartai.com/,Google,3,Unofficial,https://beartai.com/,1,Yes,2026-05-28T00:51:09.000000Z,2026-05-28T00:51:09.000000Z,Thailand
719,https://beautynesia.id/,Google,3,Unofficial,https://beautynesia.id/,1,Yes,2026-01-08T02:17:14.000000Z,2026-01-08T02:17:14.000000Z,Indonesia
796,https://bekaci.suara.com/,Google,3,Unofficial,https://bekaci.suara.com/,1,Yes,2026-01-23T02:40:10.000000Z,2026-01-23T02:40:10.000000Z,Indonesia
48,https://bengkulu.pikiran-rakyat.com/,Local News,7,Official,"Regional edition of Pikiran Rakyat covering Bengkulu, Indonesia.",1,No,2025-10-16T19:00:00.000000Z,2025-10-16T19:00:00.000000Z,Indonesia
49,https://bengkulu.tribunnews.com/,Local News,7,Official,Tribunnews regional portal delivering news from Bengkulu province.,1,No,2025-10-16T19:00:00.000000Z,2025-10-16T19:00:00.000000Z,Indonesia
977,https://benhvienathainguyen.com.vn/,Google,3,Unofficial,https://benhvienathainguyen.com.vn/,1,Yes,2026-02-24T01:38:26.000000Z,2026-02-24T01:38:26.000000Z,Vietnam
797,https://benhvienducgiang.com/,Google,3,Unofficial,https://benhvienducgiang.com/,1,Yes,2026-01-23T02:49:23.000000Z,2026-01-23T02:49:23.000000Z,Vietnam
795,https://benhvienthucuc.vn/,Google,3,Unofficial,https://benhvienthucuc.vn/,1,Yes,2026-01-23T02:35:02.000000Z,2026-01-23T02:35:02.000000Z,Vietnam
869,https://berita.mediacorp.sg/,Google,3,Unofficial,https://berita.mediacorp.sg/,1,Yes,2026-02-03T00:02:42.000000Z,2026-02-03T00:02:42.000000Z,Singapore
1009,https://berita.rtm.gov.my/,Google,3,Unofficial,https://berita.rtm.gov.my/,1,Yes,2026-03-01T09:21:04.000000Z,2026-03-01T09:21:04.000000Z,Malaysia
844,https://beritabuana.co/,Google,3,Unofficial,https://beritabuana.co/,1,Yes,2026-01-27T15:27:21.000000Z,2026-01-27T15:27:21.000000Z,Indonesia
721,https://beritaharian.sg/,Google,3,Unofficial,https://beritaharian.sg/,1,Yes,2026-01-12T07:34:46.000000Z,2026-01-12T07:34:46.000000Z,Singapore
50,https://beritajatim.com/,Local News,7,Official,Online media providing East Java regional and national Indonesian news.,1,No,2025-10-16T19:00:00.000000Z,2025-10-16T19:00:00.000000Z,Indonesia
51,https://beritamusi.co.id/,Local News,7,Unofficial,Online Indonesian news outlet covering South Sumatra and national issues.,1,No,2025-10-16T19:00:00.000000Z,2025-10-16T19:00:00.000000Z,Indonesia
692,https://beritanasional.com/,Google,3,Unofficial,https://beritanasional.com/,1,Yes,2025-12-30T02:48:14.000000Z,2025-12-30T02:48:14.000000Z,Indonesia
52,https://betanews.id/,Local News,7,Unofficial,Indonesian online news site providing updates and features from various regions.,1,No,2025-10-16T19:00:00.000000Z,2025-10-16T19:00:00.000000Z,Indonesia
1241,https://bidiktangsel.com/,Google,3,Unofficial,https://bidiktangsel.com/,1,Yes,2026-07-01T01:45:25.000000Z,2026-07-01T01:45:25.000000Z,Indonesia
1063,https://bioengineer.org/,Google,3,Unofficial,https://bioengineer.org/,1,Yes,2026-04-23T01:01:51.000000Z,2026-04-23T01:01:51.000000Z,United Kingdom
53,https://biz.chosun.com/,Local News,7,Official,"Business section of Chosun Ilbo, one of South Korea&quot;’&quot;s largest newspapers.",1,No,2025-10-16T19:00:00.000000Z,2025-10-16T19:00:00.000000Z,South Korea
54,https://bloknot-stavropol.ru/,Local News,7,Official,Regional Russian news portal covering Stavropol area.,1,No,2025-10-16T19:00:00.000000Z,2025-10-16T19:00:00.000000Z,Russia
55,https://bloknot-volgograd.ru/,Local News,7,Official,Regional Russian portal reporting on Volgograd region news and events.,1,No,2025-10-16T19:00:00.000000Z,2025-10-16T19:00:00.000000Z,Russia
56,https://bokra.net/,Local News,7,Official,Arabic-language online media platform focusing on Middle Eastern news.,1,No,2025-10-16T19:00:00.000000Z,2025-10-16T19:00:00.000000Z,Israel
57,https://bontangpost.id/,Local News,7,Official,"Regional Indonesian online newspaper covering news from Bontang, East Kalimantan.",1,No,2025-10-16T19:00:00.000000Z,2025-10-16T19:00:00.000000Z,Indonesia
58,https://borneobulletin.com.bn/,Local News,7,Official,Brunei&quot;’&quot;s leading daily newspaper covering local and international news.,1,No,2025-10-16T19:00:00.000000Z,2025-10-16T19:00:00.000000Z,Brunei
982,https://br-cn.com/,Google,3,Unofficial,https://br-cn.com/,1,Yes,2026-02-24T16:04:01.000000Z,2026-02-24T16:04:01.000000Z,China
743,https://brandiconimage.com/,Google,3,Unofficial,https://brandiconimage.com/,1,Yes,2026-01-20T16:19:20.000000Z,2026-01-20T16:19:20.000000Z,India
59,https://busam.id/,Local News,7,Unofficial,Indonesian local online news outlet publishing various social and political stories.,1,No,2025-10-16T19:00:00.000000Z,2025-10-16T19:00:00.000000Z,Indonesia
741,https://businessday.ng/,Google,3,Unofficial,https://businessday.ng/,1,Yes,2026-01-20T16:19:08.000000Z,2026-01-20T16:19:08.000000Z,Nigeria
1124,https://businesstimes-bd.com/,Google,3,Unofficial,https://businesstimes-bd.com/,1,Yes,2026-05-25T08:21:48.000000Z,2026-05-25T08:21:48.000000Z,Bangladesh
974,https://bvdl.org.vn/,Google,3,Unofficial,https://bvdl.org.vn/,1,Yes,2026-02-24T01:29:03.000000Z,2026-02-24T01:29:03.000000Z,Vietnam
1180,https://c.m.163.com/,Google,3,Unofficial,https://c.m.163.com/,1,Yes,2026-05-28T08:24:04.000000Z,2026-05-28T08:24:04.000000Z,China
60,https://ca.news.yahoo.com/,Local News,7,Official,Canadian section of Yahoo News delivering national and world updates.,1,No,2025-10-16T19:00:00.000000Z,2025-10-16T19:00:00.000000Z,Canada
1000,https://cafebiz.vn/,Google,3,Unofficial,https://cafebiz.vn/,1,Yes,2026-02-27T08:23:45.000000Z,2026-02-27T08:23:45.000000Z,Vietnam
647,https://cafef.vn/,Google,3,Unofficial,https://cafef.vn/,1,Yes,2025-12-16T20:44:59.000000Z,2025-12-16T20:44:59.000000Z,Vietnam
61,https://calgaryherald.com/,Local News,7,Official,"Canadian daily newspaper based in Calgary providing news, opinion, and analysis.",1,No,2025-10-16T19:00:00.000000Z,2025-10-16T19:00:00.000000Z,Canada
62,https://calgarysun.com/,Local News,7,Official,Canadian tabloid newspaper focused on local and national news coverage.,1,No,2025-10-16T19:00:00.000000Z,2025-10-16T19:00:00.000000Z,Canada
748,https://canadianrecord.com/,Google,3,Unofficial,https://canadianrecord.com/,1,Yes,2026-01-20T16:48:12.000000Z,2026-01-20T16:48:12.000000Z,United States
1135,https://canberratimes.com.au/,Google,3,Unofficial,https://canberratimes.com.au/,1,Yes,2026-05-25T08:24:18.000000Z,2026-05-25T08:24:18.000000Z,Australia
1037,https://cand.com.vn/,Google,3,Unofficial,https://cand.com.vn/,1,Yes,2026-03-20T08:25:23.000000Z,2026-03-20T08:25:23.000000Z,Vietnam
63,https://capeyorkweekly.com.au/,Local News,7,Unofficial,Australian regional news site covering Cape York Peninsula.,1,No,2025-10-16T19:00:00.000000Z,2025-10-16T19:00:00.000000Z,Australia
667,https://cauayan.bomboradyo.com/,Google,3,Unofficial,https://cauayan.bomboradyo.com/,1,Yes,2025-12-18T02:08:25.000000Z,2025-12-18T02:08:25.000000Z,Philippines
64,https://cbn.globo.com/,Local News,7,Official,Brazilian news portal under Globo Network providing breaking and radio-based news.,1,No,2025-10-16T19:00:00.000000Z,2025-10-16T19:00:00.000000Z,Brazil
1164,https://cbnews.jp/,Google,3,Unofficial,https://cbnews.jp/,1,Yes,2026-05-27T08:49:04.000000Z,2026-05-27T08:49:04.000000Z,Japan
65,https://cbsaustin.com/,Local News,7,Official,Local U.S. news outlet affiliated with CBS Austin covering Texas regional news.,1,No,2025-10-16T19:00:00.000000Z,2025-10-16T19:00:00.000000Z,United States
66,https://cdo.bomboradyo.com/,Local News,7,Official,Philippine regional radio and news website for Cagayan de Oro City.,1,No,2025-10-16T19:00:00.000000Z,2025-10-16T19:00:00.000000Z,Philippines
67,https://cebudailynews.inquirer.net/,Local News,7,Official,Cebu-based online newspaper under the Philippine Daily Inquirer group.,1,No,2025-10-16T19:00:00.000000Z,2025-10-16T19:00:00.000000Z,Philippines
1080,https://ceklissatu.com/,Google,3,Unofficial,https://ceklissatu.com/,1,Yes,2026-05-11T00:50:57.000000Z,2026-05-11T00:50:57.000000Z,Indonesia
68,https://celotehriau.com/,Local News,7,Unofficial,Local Indonesian online media focused on Riau province news and culture.,1,No,2025-10-16T19:00:00.000000Z,2025-10-16T19:00:00.000000Z,Indonesia
69,https://centralluzon.politiko.com.ph/,Local News,7,Official,Philippine political news site covering the Central Luzon region.,1,No,2025-10-16T19:00:00.000000Z,2025-10-16T19:00:00.000000Z,Philippines
994,https://cesphn.org.au/,Google,3,Unofficial,https://cesphn.org.au/,1,Yes,2026-02-26T13:36:55.000000Z,2026-02-26T13:36:55.000000Z,Australia
70,https://ceylontoday.lk/,Local News,7,Official,Sri Lankan English-language daily covering national and international news.,1,No,2025-10-16T19:00:00.000000Z,2025-10-16T19:00:00.000000Z,Sri Lanka
896,https://channelstv.com/,Google,3,Unofficial,https://channelstv.com/,1,Yes,2026-02-08T19:40:19.000000Z,2026-02-08T19:40:19.000000Z,Nigeria
71,https://chatnewstoday.ca/,Local News,7,Official,"Local news outlet based in Alberta, Canada covering regional developments.",1,No,2025-10-16T19:00:00.000000Z,2025-10-16T19:00:00.000000Z,Canada
669,https://chiangmainews.co.th/,Google,3,Unofficial,https://chiangmainews.co.th/,1,Yes,2025-12-18T02:47:32.000000Z,2025-12-18T02:47:32.000000Z,Thailand
1177,https://chibanippo.co.jp/,Google,3,Unofficial,https://chibanippo.co.jp/,1,Yes,2026-05-28T08:16:27.000000Z,2026-05-28T08:16:27.000000Z,Japan
72,https://chimpreports.com/,Local News,7,Official,"Ugandan online news outlet reporting politics, security, and African affairs.",1,No,2025-10-16T19:00:00.000000Z,2025-10-16T19:00:00.000000Z,Uganda
1257,https://chinacdc.cn/,Google,3,Unofficial,https://chinacdc.cn/,1,Yes,2026-07-09T08:31:36.000000Z,2026-07-09T08:31:36.000000Z,China
1286,https://chinapress.com.my/,Google,3,Unofficial,https://chinapress.com.my/,1,Yes,2026-07-16T08:41:59.000000Z,2026-07-16T08:41:59.000000Z,Malaysia
1106,https://chinhsachcuocsong.vnanet.vn/,Google,3,Unofficial,https://chinhsachcuocsong.vnanet.vn/,1,Yes,2026-05-24T21:44:24.000000Z,2026-05-24T21:44:24.000000Z,Vietnam
1244,https://chuyendoiso.baoquangninh.vn/,Google,3,Unofficial,https://chuyendoiso.baoquangninh.vn/,1,Yes,2026-07-01T01:58:14.000000Z,2026-07-01T01:58:14.000000Z,Vietnam
1250,https://cirebonraya.com/,Google,3,Unofficial,https://cirebonraya.com/,1,Yes,2026-07-04T08:03:42.000000Z,2026-07-04T08:03:42.000000Z,Indonesia
73,https://citinewsroom.com/,Local News,7,Official,"Ghanaian digital news platform covering politics, business, and lifestyle.",1,No,2025-10-16T19:00:00.000000Z,2025-10-16T19:00:00.000000Z,Ghana
1011,https://cityhub.com.au/,Google,3,Unofficial,https://cityhub.com.au/,1,Yes,2026-03-01T13:40:35.000000Z,2026-03-01T13:40:35.000000Z,Australia
1121,https://citynews.com.au/,Google,3,Unofficial,https://citynews.com.au/,1,Yes,2026-05-25T08:21:25.000000Z,2026-05-25T08:21:25.000000Z,Australia
925,https://citynewsqbn.com.au/,Google,3,Unofficial,https://citynewsqbn.com.au/,1,Yes,2026-02-13T13:07:15.000000Z,2026-02-13T13:07:15.000000Z,Australia
1269,https://cj.sina.cn/,Google,3,Unofficial,https://cj.sina.cn/,1,Yes,2026-07-14T08:31:16.000000Z,2026-07-14T08:31:16.000000Z,China
74,https://ckpgtoday.ca/,Local News,7,Official,Canadian regional news site focusing on Prince George and northern British Columbia.,1,No,2025-10-16T19:00:00.000000Z,2025-10-16T19:00:00.000000Z,Canada
913,https://click2houston.com/,Google,3,Unofficial,https://click2houston.com/,1,Yes,2026-02-12T00:50:20.000000Z,2026-02-12T00:50:20.000000Z,United States
981,https://cmmedia.com.tw/,Google,3,Unofficial,https://cmmedia.com.tw/,1,Yes,2026-02-24T15:43:07.000000Z,2026-02-24T15:43:07.000000Z,Taiwan
996,https://cnn.com/,Google,3,Unofficial,https://cnn.com/,1,Yes,2026-02-26T13:37:08.000000Z,2026-02-26T13:37:08.000000Z,United States
804,https://cobisnis.com/,Google,3,Unofficial,https://cobisnis.com/,1,Yes,2026-01-26T00:23:43.000000Z,2026-01-26T00:23:43.000000Z,Indonesia
763,https://coloradocountycitizen.com/,Google,3,Unofficial,https://coloradocountycitizen.com/,1,Yes,2026-01-21T17:38:08.000000Z,2026-01-21T17:38:08.000000Z,United States
936,https://congan.com.vn/,Google,3,Unofficial,https://congan.com.vn/,1,Yes,2026-02-19T08:21:55.000000Z,2026-02-19T08:21:55.000000Z,Vietnam
770,https://congdankhuyenhoc.vn/,Google,3,Unofficial,https://congdankhuyenhoc.vn/,1,Yes,2026-01-22T08:09:56.000000Z,2026-01-22T08:09:56.000000Z,Vietnam
1261,https://congly.vn/,Google,3,Unofficial,https://congly.vn/,1,Yes,2026-07-10T08:08:25.000000Z,2026-07-10T08:08:25.000000Z,Vietnam
1156,https://ctee.com.tw/,Google,3,Unofficial,https://ctee.com.tw/,1,Yes,2026-05-26T08:51:35.000000Z,2026-05-26T08:51:35.000000Z,Taiwan
1166,https://ctinews.com/,Google,3,Unofficial,https://ctinews.com/,1,Yes,2026-05-27T08:49:51.000000Z,2026-05-27T08:49:51.000000Z,Taiwan
1128,https://ctwant.com/,Google,3,Unofficial,https://ctwant.com/,1,Yes,2026-05-25T08:22:53.000000Z,2026-05-25T08:22:53.000000Z,Taiwan
811,https://dabangasudan.org/,Google,3,Unofficial,https://dabangasudan.org/,1,Yes,2026-01-26T11:30:43.000000Z,2026-01-26T11:30:43.000000Z,Sudan
75,https://daibieunhandan.vn/,Local News,7,Official,Vietnamese political and government news outlet under the National Assembly.,1,No,2025-10-16T19:00:00.000000Z,2025-10-16T19:00:00.000000Z,Vietnam
76,https://daidoanket.vn/,Local News,7,Official,Vietnamese online media affiliated with the Fatherland Front covering social issues.,1,No,2025-10-16T19:00:00.000000Z,2025-10-16T19:00:00.000000Z,Vietnam
1122,https://dailyasianage.com/,Google,3,Unofficial,https://dailyasianage.com/,1,Yes,2026-05-25T08:21:34.000000Z,2026-05-25T08:21:34.000000Z,Bangladesh
77,https://dailyguardian.com.ph/,Local News,7,Official,Philippine regional news website focusing on Visayas and Western Visayas regions.,1,No,2025-10-16T19:00:00.000000Z,2025-10-16T19:00:00.000000Z,Philippines
78,https://dailyhive.com/,Local News,7,Official,Canadian online lifestyle and city news publication.,1,No,2025-10-16T19:00:00.000000Z,2025-10-16T19:00:00.000000Z,Canada
79,https://dailyinqilab.com/,Local News,7,Official,Bangladeshi newspaper covering national and international affairs.,1,No,2025-10-16T19:00:00.000000Z,2025-10-16T19:00:00.000000Z,Bangladesh
1296,https://dailymail.com/,Google,3,Unofficial,https://dailymail.com/,1,Yes,2026-09-10T08:30:06.000000Z,2026-09-10T08:30:06.000000Z,United Kingdom
1046,https://dailynews.co.th/,Google,3,Unofficial,https://dailynews.co.th/,1,Yes,2026-03-29T02:11:20.000000Z,2026-03-29T02:11:20.000000Z,Thailand
80,https://dailypakistan.com.pk/,Local News,7,Official,Major Pakistani news outlet covering local and global stories.,1,No,2025-10-16T19:00:00.000000Z,2025-10-16T19:00:00.000000Z,Pakistan
81,https://dailypost.ng/,Local News,7,Official,Nigerian online news platform delivering breaking national news.,1,No,2025-10-16T19:00:00.000000Z,2025-10-16T19:00:00.000000Z,Nigeria
812,https://dailytelegraph.com.au/,Google,3,Unofficial,https://dailytelegraph.com.au/,1,Yes,2026-01-26T11:48:52.000000Z,2026-01-26T11:48:52.000000Z,Australia
82,https://dailythepatriot.com/,Local News,7,Official,"Pakistani newspaper publishing political, social, and economic news.",1,No,2025-10-16T19:00:00.000000Z,2025-10-16T19:00:00.000000Z,Pakistan
1065,https://dailytimesng.com/,Google,3,Unofficial,https://dailytimesng.com/,1,Yes,2026-04-27T10:05:04.000000Z,2026-04-27T10:05:04.000000Z,Nigeria
894,https://dailytrust.com/,Google,3,Unofficial,https://dailytrust.com/,1,Yes,2026-02-08T19:40:11.000000Z,2026-02-08T19:40:11.000000Z,Nigeria
83,https://dairi.wahananews.co/,Local News,7,Unofficial,Regional Indonesian online news outlet covering North Sumatra.,1,No,2025-10-16T19:00:00.000000Z,2025-10-16T19:00:00.000000Z,Indonesia
1083,https://daklak24h.com.vn/,Google,3,Unofficial,https://daklak24h.com.vn/,1,Yes,2026-05-12T02:15:03.000000Z,2026-05-12T02:15:03.000000Z,Vietnam
1117,https://dangcongsan.org.vn/,Google,3,Unofficial,https://dangcongsan.org.vn/,1,Yes,2026-05-25T08:02:28.000000Z,2026-05-25T08:02:28.000000Z,Vietnam
1010,https://dantocphattrien.vietnamnet.vn/,Google,3,Unofficial,https://dantocphattrien.vietnamnet.vn/,1,Yes,2026-03-01T09:25:18.000000Z,2026-03-01T09:25:18.000000Z,Vietnam
84,https://dantri.com.vn/,Local News,7,Official,Popular Vietnamese online news platform publishing diverse national content.,1,No,2025-10-16T19:00:00.000000Z,2025-10-16T19:00:00.000000Z,Vietnam
928,https://danviet.vn/,Google,3,Unofficial,https://danviet.vn/,1,Yes,2026-02-18T08:20:48.000000Z,2026-02-18T08:20:48.000000Z,Vietnam
1109,https://dap-news.com/,Google,3,Unofficial,https://dap-news.com/,1,Yes,2026-05-25T00:51:11.000000Z,2026-05-25T00:51:11.000000Z,Cambodia
85,https://dayakdaily.com/,Local News,7,Official,"Online daily covering Sarawak, Malaysia&quot;’&quot;s regional news.",1,No,2025-10-16T19:00:00.000000Z,2025-10-16T19:00:00.000000Z,Malaysia
86,https://ddc.moph.go.th/,Official Government Sites,4,Official,Thailand Department of Disease Control official health website.,1,No,2025-10-16T19:00:00.000000Z,2025-10-16T19:00:00.000000Z,Thailand
87,https://denpasar.kompas.com/,Local News,7,Official,"Regional Kompas portal providing news from Denpasar, Bali.",1,No,2025-10-16T19:00:00.000000Z,2025-10-16T19:00:00.000000Z,Indonesia
923,https://dentonrc.com/,Google,3,Unofficial,https://dentonrc.com/,1,Yes,2026-02-13T12:23:36.000000Z,2026-02-13T12:23:36.000000Z,United States
755,https://devdiscourse.com/,Google,3,Unofficial,https://devdiscourse.com/,1,Yes,2026-01-21T10:47:13.000000Z,2026-01-21T10:47:13.000000Z,India
887,https://dhakaprokash24.com/,Google,3,Unofficial,https://dhakaprokash24.com/,1,Yes,2026-02-04T21:21:06.000000Z,2026-02-04T21:21:06.000000Z,Bangladesh
803,https://dienbientv.vn/,Google,3,Unofficial,https://dienbientv.vn/,1,Yes,2026-01-25T22:40:57.000000Z,2026-01-25T22:40:57.000000Z,Vietnam
976,https://dienbienv2.mediatech.vn/,Google,3,Unofficial,https://dienbienv2.mediatech.vn/,1,Yes,2026-02-24T01:38:17.000000Z,2026-02-24T01:38:17.000000Z,Vietnam
88,https://digicastnegros.com/,Local News,7,Unofficial,Philippine local media outlet focusing on Negros region updates.,1,No,2025-10-16T19:00:00.000000Z,2025-10-16T19:00:00.000000Z,Philippines
611,https://dinkes.acehprov.go.id/,Google,3,Unofficial,https://dinkes.acehprov.go.id/,1,Yes,2025-12-11T01:55:49.000000Z,2025-12-11T01:55:49.000000Z,Indonesia
89,https://dinkominfo.demakkab.go.id/,Official Government Sites,4,Official,"Official website of the Communication and Information Office of Demak Regency, Indonesia.",1,No,2025-10-16T19:00:00.000000Z,2025-10-16T19:00:00.000000Z,Indonesia
1031,https://disway.id/,Google,3,Unofficial,https://disway.id/,1,Yes,2026-03-13T08:12:15.000000Z,2026-03-13T08:12:15.000000Z,Indonesia
1234,https://divaina.lk/,Google,3,Unofficial,https://divaina.lk/,1,Yes,2026-06-23T08:58:55.000000Z,2026-06-23T08:58:55.000000Z,Sri Lanka
1254,https://dmgburmese.com/,Google,3,Unofficial,https://dmgburmese.com/,1,Yes,2026-07-08T08:05:19.000000Z,2026-07-08T08:05:19.000000Z,Myanmar
687,https://doanhnghiepcuocsong.vn/,Google,3,Unofficial,https://doanhnghiepcuocsong.vn/,1,Yes,2025-12-24T04:54:39.000000Z,2025-12-24T04:54:39.000000Z,Vietnam
1029,https://doanhnghiepkinhtexanh.vn/,Google,3,Unofficial,https://doanhnghiepkinhtexanh.vn/,1,Yes,2026-03-10T01:10:46.000000Z,2026-03-10T01:10:46.000000Z,Vietnam
1249,https://doanhnhan.congly.vn/,Google,3,Unofficial,https://doanhnhan.congly.vn/,1,Yes,2026-07-03T09:56:47.000000Z,2026-07-03T09:56:47.000000Z,Vietnam
809,https://docnhanh.vn/,Google,3,Unofficial,https://docnhanh.vn/,1,Yes,2026-01-26T08:18:59.000000Z,2026-01-26T08:18:59.000000Z,Vietnam
90,https://doisongphapluat.com.vn/,Local News,7,Official,"Vietnamese online newspaper providing legal, lifestyle, and entertainment content.",1,No,2025-10-16T19:00:00.000000Z,2025-10-16T19:00:00.000000Z,Vietnam
989,https://donga.com/,Google,3,Unofficial,https://donga.com/,1,Yes,2026-02-25T15:21:34.000000Z,2026-02-25T15:21:34.000000Z,South Korea
1060,https://dongascience.com/,Google,3,Unofficial,https://dongascience.com/,1,Yes,2026-04-15T15:17:30.000000Z,2026-04-15T15:17:30.000000Z,South Korea
967,https://dongnaicdc.vn/,Google,3,Unofficial,https://dongnaicdc.vn/,1,Yes,2026-02-24T00:59:34.000000Z,2026-02-24T00:59:34.000000Z,Vietnam
952,https://downtoearth.org.in/,Google,3,Unofficial,https://downtoearth.org.in/,1,Yes,2026-02-21T13:03:52.000000Z,2026-02-21T13:03:52.000000Z,India
91,https://drimble.nl/,Local News,7,Official,Dutch online portal aggregating news and updates from multiple sources.,1,No,2025-10-16T19:00:00.000000Z,2025-10-16T19:00:00.000000Z,Netherlands
92,https://dtinews.dantri.com.vn/,Local News,7,Official,Vietnamese subdomain of Dantri specializing in social and economic topics.,1,No,2025-10-16T19:00:00.000000Z,2025-10-16T19:00:00.000000Z,Vietnam
946,https://dtoday.co.kr/,Google,3,Unofficial,https://dtoday.co.kr/,1,Yes,2026-02-20T13:19:45.000000Z,2026-02-20T13:19:45.000000Z,South Korea
643,https://dw.com/,Google,3,Unofficial,https://dw.com/,1,Yes,2025-12-16T20:02:16.000000Z,2025-12-16T20:02:16.000000Z,Germany
93,https://e.vnexpress.net/,Local News,7,Official,English edition of Vietnam&quot;’&quot;s leading online newspaper VNExpress.,1,No,2025-10-16T19:00:00.000000Z,2025-10-16T19:00:00.000000Z,Vietnam
906,https://eastbaytimes.com/,Google,3,Unofficial,https://eastbaytimes.com/,1,Yes,2026-02-09T03:54:19.000000Z,2026-02-09T03:54:19.000000Z,United States
1288,https://ebiotrade.com/,Google,3,Unofficial,https://ebiotrade.com/,1,Yes,2026-07-19T08:45:33.000000Z,2026-07-19T08:45:33.000000Z,China
94,https://economia.uol.com.br/,Local News,7,Official,Brazilian business and economy news section under UOL portal.,1,No,2025-10-16T19:00:00.000000Z,2025-10-16T19:00:00.000000Z,Brazil
95,https://economictimes.indiatimes.com/,Local News,7,Official,Indian online financial newspaper covering markets and business news.,1,No,2025-10-16T19:00:00.000000Z,2025-10-16T19:00:00.000000Z,India
959,https://edaily.co.kr/,Google,3,Unofficial,https://edaily.co.kr/,1,Yes,2026-02-23T11:43:44.000000Z,2026-02-23T11:43:44.000000Z,South Korea
96,https://edition.cnn.com/,Local News,7,Official,"Global news website of CNN covering international, political, and world news.",1,No,2025-10-16T19:00:00.000000Z,2025-10-16T19:00:00.000000Z,United States
1205,https://egypt-today.com/,Google,3,Unofficial,https://egypt-today.com/,1,Yes,2026-05-30T09:03:22.000000Z,2026-05-30T09:03:22.000000Z,Egypt
97,https://ehealth.eletsonline.com/,Local News,7,Official,Indian digital magazine and portal on healthcare innovation and technology.,1,No,2025-10-16T19:00:00.000000Z,2025-10-16T19:00:00.000000Z,India
1216,https://ekonomi.espos.id/,Google,3,Unofficial,https://ekonomi.espos.id/,1,Yes,2026-06-03T02:14:51.000000Z,2026-06-03T02:14:51.000000Z,Indonesia
1097,https://eksposkaltim.com/,Google,3,Unofficial,https://eksposkaltim.com/,1,Yes,2026-05-24T20:54:54.000000Z,2026-05-24T20:54:54.000000Z,Indonesia
98,https://elevenmyanmar.com/,Local News,7,Official,Myanmar&quot;’&quot;s independent online news site publishing national and international news.,1,No,2025-10-16T19:00:00.000000Z,2025-10-16T19:00:00.000000Z,Myanmar
1023,https://elhadaf-sd.com/,Google,3,Unofficial,https://elhadaf-sd.com/,1,Yes,2026-03-02T21:50:02.000000Z,2026-03-02T21:50:02.000000Z,Sudan
634,https://elpasomatters.org/,Google,3,Unofficial,https://elpasomatters.org/,1,Yes,2025-12-16T01:08:52.000000Z,2025-12-16T01:08:52.000000Z,United States
99,https://en.antaranews.com/,Local News,7,Official,"English-language edition of Indonesia&quot;’&quot;s official national news agency, Antara.",1,No,2025-10-16T19:00:00.000000Z,2025-10-16T19:00:00.000000Z,Indonesia
7,https://en.freshnewsasia.com/index.php/en/localnews/60685-2025-06-02-08-02-09.html,Chart,12,Unofficial,Camboja,1,No,2025-08-04T05:46:49.000000Z,2025-08-04T05:48:57.000000Z,Cambodia
677,https://en.sggp.org.vn/,Google,3,Unofficial,https://en.sggp.org.vn/,1,Yes,2025-12-18T04:12:07.000000Z,2025-12-18T04:12:07.000000Z,Vietnam
678,https://en.tempo.co/,Google,3,Unofficial,https://en.tempo.co/,1,Yes,2025-12-18T04:22:25.000000Z,2025-12-18T04:22:25.000000Z,Indonesia
1171,https://en.yenisafak.com/,Google,3,Unofficial,https://en.yenisafak.com/,1,Yes,2026-05-27T09:04:50.000000Z,2026-05-27T09:04:50.000000Z,Turkey
638,https://enbeauce.com/,Google,3,Unofficial,https://enbeauce.com/,1,Yes,2025-12-16T01:11:26.000000Z,2025-12-16T01:11:26.000000Z,Canada
815,https://english.aaj.tv/,Google,3,Unofficial,https://english.aaj.tv/,1,Yes,2026-01-26T12:31:35.000000Z,2026-01-26T12:31:35.000000Z,Pakistan
1158,https://epaper.tkww.hk/,Google,3,Unofficial,https://epaper.tkww.hk/,1,Yes,2026-05-26T08:55:11.000000Z,2026-05-26T08:55:11.000000Z,Hong Kong
877,https://espn.com.au/,Google,3,Unofficial,https://espn.com.au/,1,Yes,2026-02-04T01:32:54.000000Z,2026-02-04T01:32:54.000000Z,Australia
663,https://fajarpapua.com/,Google,3,Unofficial,https://fajarpapua.com/,1,Yes,2025-12-18T01:38:13.000000Z,2025-12-18T01:38:13.000000Z,Indonesia
636,https://fiercebiotech.com/,Google,3,Unofficial,https://fiercebiotech.com/,1,Yes,2025-12-16T01:09:06.000000Z,2025-12-16T01:09:06.000000Z,United States
1052,https://fili.vn/,Google,3,Unofficial,https://fili.vn/,1,Yes,2026-04-03T01:26:28.000000Z,2026-04-03T01:26:28.000000Z,Vietnam
757,https://filmogaz.com/,Google,3,Unofficial,https://filmogaz.com/,1,Yes,2026-01-21T11:27:21.000000Z,2026-01-21T11:27:21.000000Z,Turkey
984,https://fk.unair.ac.id/,Google,3,Unofficial,https://fk.unair.ac.id/,1,Yes,2026-02-24T18:18:02.000000Z,2026-02-24T18:18:02.000000Z,Indonesia
1246,https://flores.pikiran-rakyat.com/,Google,3,Unofficial,https://flores.pikiran-rakyat.com/,1,Yes,2026-07-02T09:06:43.000000Z,2026-07-02T09:06:43.000000Z,Indonesia
1138,https://focus.scol.com.cn/,Google,3,Unofficial,https://focus.scol.com.cn/,1,Yes,2026-05-25T08:25:08.000000Z,2026-05-25T08:25:08.000000Z,China
1201,https://fountmedia.io/,Google,3,Unofficial,https://fountmedia.io/,1,Yes,2026-05-30T08:38:34.000000Z,2026-05-30T08:38:34.000000Z,United States
627,https://foxnews.com/,Google,3,Unofficial,https://foxnews.com/,1,Yes,2025-12-16T00:54:19.000000Z,2025-12-16T00:54:19.000000Z,United States
1221,https://france24.com/,Google,3,Unofficial,https://france24.com/,1,Yes,2026-06-04T19:52:39.000000Z,2026-06-04T19:52:39.000000Z,France
931,https://ftnn.com.tw/,Google,3,Unofficial,https://ftnn.com.tw/,1,Yes,2026-02-18T11:44:55.000000Z,2026-02-18T11:44:55.000000Z,Taiwan
1076,https://garuda.tv/,Google,3,Unofficial,https://garuda.tv/,1,Yes,2026-05-06T08:00:46.000000Z,2026-05-06T08:00:46.000000Z,Indonesia
1199,https://gbcode.rthk.hk/,Google,3,Unofficial,https://gbcode.rthk.hk/,1,Yes,2026-05-30T08:37:25.000000Z,2026-05-30T08:37:25.000000Z,Hong Kong
970,https://gcc.go.th/,Google,3,Unofficial,https://gcc.go.th/,1,Yes,2026-02-24T01:08:12.000000Z,2026-02-24T01:08:12.000000Z,Thailand
828,https://gefluegelnews.de/,Google,3,Unofficial,https://gefluegelnews.de/,1,Yes,2026-01-26T23:06:38.000000Z,2026-01-26T23:06:38.000000Z,Germany
995,https://geraldtonguardian.com.au/,Google,3,Unofficial,https://geraldtonguardian.com.au/,1,Yes,2026-02-26T13:37:02.000000Z,2026-02-26T13:37:02.000000Z,Australia
950,https://giadinh.suckhoedoisong.vn/,Google,3,Unofficial,https://giadinh.suckhoedoisong.vn/,1,Yes,2026-02-21T08:20:41.000000Z,2026-02-21T08:20:41.000000Z,Vietnam
1191,https://giaoduc.edu.vn/,Google,3,Unofficial,https://giaoduc.edu.vn/,1,Yes,2026-05-29T08:01:56.000000Z,2026-05-29T08:01:56.000000Z,Vietnam
1036,https://giaoducthoidai.vn/,Google,3,Unofficial,https://giaoducthoidai.vn/,1,Yes,2026-03-20T01:27:54.000000Z,2026-03-20T01:27:54.000000Z,Vietnam
1279,https://global.hk01.com/,Google,3,Unofficial,https://global.hk01.com/,1,Yes,2026-07-15T08:41:45.000000Z,2026-07-15T08:41:45.000000Z,Hong Kong
1062,https://globenewswire.com/,Google,3,Unofficial,https://globenewswire.com/,1,Yes,2026-04-23T01:01:03.000000Z,2026-04-23T01:01:03.000000Z,United States
813,https://go.seoul.co.kr/,Google,3,Unofficial,https://go.seoul.co.kr/,1,Yes,2026-01-26T11:52:36.000000Z,2026-01-26T11:52:36.000000Z,South Korea
1014,https://gocnhinphaply.nguoiduatin.vn/,Google,3,Unofficial,https://gocnhinphaply.nguoiduatin.vn/,1,Yes,2026-03-02T10:50:35.000000Z,2026-03-02T10:50:35.000000Z,Vietnam
1012,https://gonews.co.id/,Google,3,Unofficial,https://gonews.co.id/,1,Yes,2026-03-01T19:49:36.000000Z,2026-03-01T19:49:36.000000Z,Indonesia
992,https://goodmorningcc.com/,Google,3,Unofficial,https://goodmorningcc.com/,1,Yes,2026-02-26T13:13:23.000000Z,2026-02-26T13:13:23.000000Z,South Korea
1066,https://goodnewsfromindonesia.id/,Google,3,Unofficial,https://goodnewsfromindonesia.id/,1,Yes,2026-04-29T02:26:34.000000Z,2026-04-29T02:26:34.000000Z,Indonesia
1220,https://gossiplankanews.com/,Google,3,Unofficial,https://gossiplankanews.com/,1,Yes,2026-06-04T19:51:22.000000Z,2026-06-04T19:51:22.000000Z,Sri Lanka
1016,https://greekherald.com.au/,Google,3,Unofficial,https://greekherald.com.au/,1,Yes,2026-03-02T11:36:10.000000Z,2026-03-02T11:36:10.000000Z,Australia
1141,https://gulfnews.com/,Google,3,Unofficial,https://gulfnews.com/,1,Yes,2026-05-25T08:27:40.000000Z,2026-05-25T08:27:40.000000Z,United Arab Emirates
949,https://gyeongsangtoday.com/,Google,3,Unofficial,https://gyeongsangtoday.com/,1,Yes,2026-02-20T13:19:59.000000Z,2026-02-20T13:19:59.000000Z,South Korea
1064,https://haberglobal.com/,Google,3,Unofficial,https://haberglobal.com/,1,Yes,2026-04-23T01:07:25.000000Z,2026-04-23T01:07:25.000000Z,Turkey
1129,https://hakkanews.tw/,Google,3,Unofficial,https://hakkanews.tw/,1,Yes,2026-05-25T08:23:08.000000Z,2026-05-25T08:23:08.000000Z,Taiwan
1020,https://halosemarang.id/,Google,3,Unofficial,https://halosemarang.id/,1,Yes,2026-03-02T19:51:57.000000Z,2026-03-02T19:51:57.000000Z,Indonesia
876,https://hanoionline.vn/,Google,3,Unofficial,https://hanoionline.vn/,1,Yes,2026-02-03T23:53:08.000000Z,2026-02-03T23:53:08.000000Z,Vietnam
706,https://hatinh.gov.vn/,Google,3,Unofficial,https://hatinh.gov.vn/,1,Yes,2026-01-06T20:57:18.000000Z,2026-01-06T20:57:18.000000Z,Vietnam
727,https://hawaiinewsnow.com/,Google,3,Unofficial,https://hawaiinewsnow.com/,1,Yes,2026-01-18T19:41:15.000000Z,2026-01-18T19:41:15.000000Z,United States
657,https://hcdc.vn/,Google,3,Unofficial,https://hcdc.vn/,1,Yes,2025-12-18T01:03:52.000000Z,2025-12-18T01:03:52.000000Z,Vietnam
991,https://headline.co.id/,Google,3,Unofficial,https://headline.co.id/,1,Yes,2026-02-26T10:41:59.000000Z,2026-02-26T10:41:59.000000Z,Indonesia
671,https://health.detik.com/,Google,3,Unofficial,https://health.detik.com/,1,Yes,2025-12-18T03:16:32.000000Z,2025-12-18T03:16:32.000000Z,Indonesia
670,https://health.kapook.com/,Google,3,Unofficial,https://health.kapook.com/,1,Yes,2025-12-18T03:11:04.000000Z,2025-12-18T03:11:04.000000Z,Thailand
963,https://health.kompas.com/,Google,3,Unofficial,https://health.kompas.com/,1,Yes,2026-02-23T19:54:10.000000Z,2026-02-23T19:54:10.000000Z,Indonesia
1154,https://health.ltn.com.tw/,Google,3,Unofficial,https://health.ltn.com.tw/,1,Yes,2026-05-26T08:49:48.000000Z,2026-05-26T08:49:48.000000Z,Taiwan
909,https://healthandme.com/,Google,3,Unofficial,https://healthandme.com/,1,Yes,2026-02-11T21:08:23.000000Z,2026-02-11T21:08:23.000000Z,United Kingdom
629,https://healthbeat.org/,Google,3,Unofficial,https://healthbeat.org/,1,Yes,2025-12-16T01:03:15.000000Z,2025-12-16T01:03:15.000000Z,United States
1178,https://healthnews.com.tw/,Google,3,Unofficial,https://healthnews.com.tw/,1,Yes,2026-05-28T08:19:11.000000Z,2026-05-28T08:19:11.000000Z,Taiwan
700,https://helenair.com/,Google,3,Unofficial,https://helenair.com/,1,Yes,2025-12-31T00:46:30.000000Z,2025-12-31T00:46:30.000000Z,United States
649,https://hellobacsi.com/,Google,3,Unofficial,https://hellobacsi.com/,1,Yes,2025-12-17T00:29:18.000000Z,2025-12-17T00:29:18.000000Z,Vietnam
867,https://heloindonesia.com/,Google,3,Unofficial,https://heloindonesia.com/,1,Yes,2026-02-02T03:07:06.000000Z,2026-02-02T03:07:06.000000Z,Indonesia
861,https://herald-dispatch.com/,Google,3,Unofficial,https://herald-dispatch.com/,1,Yes,2026-02-02T00:51:20.000000Z,2026-02-02T00:51:20.000000Z,United States
1105,https://hfocus.org/,Google,3,Unofficial,https://hfocus.org/,1,Yes,2026-05-24T21:41:42.000000Z,2026-05-24T21:41:42.000000Z,Thailand
786,https://hindi.awazthevoice.in/,Google,3,Unofficial,https://hindi.awazthevoice.in/,1,Yes,2026-01-23T00:32:23.000000Z,2026-01-23T00:32:23.000000Z,India
791,https://hindi.downtoearth.org.in/,Google,3,Unofficial,https://hindi.downtoearth.org.in/,1,Yes,2026-01-23T00:46:22.000000Z,2026-01-23T00:46:22.000000Z,India
832,https://hindi.latestly.com/,Google,3,Unofficial,https://hindi.latestly.com/,1,Yes,2026-01-27T03:39:19.000000Z,2026-01-27T03:39:19.000000Z,India
831,https://hindi.news18.com/,Google,3,Unofficial,https://hindi.news18.com/,1,Yes,2026-01-27T03:39:15.000000Z,2026-01-27T03:39:15.000000Z,India
902,https://hindi.theprint.in/,Google,3,Unofficial,https://hindi.theprint.in/,1,Yes,2026-02-08T23:00:30.000000Z,2026-02-08T23:00:30.000000Z,India
1281,https://hk.epochtimes.com/,Google,3,Unofficial,https://hk.epochtimes.com/,1,Yes,2026-07-15T08:42:49.000000Z,2026-07-15T08:42:49.000000Z,Hong Kong
1200,https://hk.on.cc/,Google,3,Unofficial,https://hk.on.cc/,1,Yes,2026-05-30T08:37:55.000000Z,2026-05-30T08:37:55.000000Z,Hong Kong
1264,https://hk.ulifestyle.com.hk/,Google,3,Unofficial,https://hk.ulifestyle.com.hk/,1,Yes,2026-07-10T08:37:08.000000Z,2026-07-10T08:37:08.000000Z,Hong Kong
821,https://hk01.com/,Google,3,Unofficial,https://hk01.com/,1,Yes,2026-01-26T12:35:27.000000Z,2026-01-26T12:35:27.000000Z,Hong Kong
1287,https://hkcd.com.hk/,Google,3,Unofficial,https://hkcd.com.hk/,1,Yes,2026-07-16T08:47:02.000000Z,2026-07-16T08:47:02.000000Z,Hong Kong
824,https://hntrbrk.com/,Google,3,Unofficial,https://hntrbrk.com/,1,Yes,2026-01-26T13:57:01.000000Z,2026-01-26T13:57:01.000000Z,United States
781,https://homeophyto.topsante.com/,Google,3,Unofficial,https://homeophyto.topsante.com/,1,Yes,2026-01-22T14:58:44.000000Z,2026-01-22T14:58:44.000000Z,France
746,https://hpj.com/,Google,3,Unofficial,https://hpj.com/,1,Yes,2026-01-20T16:27:28.000000Z,2026-01-20T16:27:28.000000Z,United States
1086,https://huengaynay.vn/,Google,3,Unofficial,https://huengaynay.vn/,1,Yes,2026-05-20T00:57:27.000000Z,2026-05-20T00:57:27.000000Z,Vietnam
1271,https://huxiu.com/,Google,3,Unofficial,https://huxiu.com/,1,Yes,2026-07-14T08:31:50.000000Z,2026-07-14T08:31:50.000000Z,China
694,https://hypeabis.id/,Google,3,Unofficial,https://hypeabis.id/,1,Yes,2025-12-30T02:53:05.000000Z,2025-12-30T02:53:05.000000Z,Indonesia
787,https://ibc24.in/,Google,3,Unofficial,https://ibc24.in/,1,Yes,2026-01-23T00:32:26.000000Z,2026-01-23T00:32:26.000000Z,India
738,https://ibtimes.co.uk/,Google,3,Unofficial,https://ibtimes.co.uk/,1,Yes,2026-01-20T14:38:33.000000Z,2026-01-20T14:38:33.000000Z,United Kingdom
745,https://idomavoice.com/,Google,3,Unofficial,https://idomavoice.com/,1,Yes,2026-01-20T16:19:28.000000Z,2026-01-20T16:19:28.000000Z,Nigeria
841,https://ihram.co.id/,Google,3,Unofficial,https://ihram.co.id/,1,Yes,2026-01-27T09:28:17.000000Z,2026-01-27T09:28:17.000000Z,Indonesia
739,https://ilgazzettino.it/,Google,3,Unofficial,https://ilgazzettino.it/,1,Yes,2026-01-20T15:40:46.000000Z,2026-01-20T15:40:46.000000Z,Italy
823,https://imaeil.com/,Google,3,Unofficial,https://imaeil.com/,1,Yes,2026-01-26T12:37:03.000000Z,2026-01-26T12:37:03.000000Z,South Korea
1149,https://indailysa.com.au/,Google,3,Unofficial,https://indailysa.com.au/,1,Yes,2026-05-26T08:27:03.000000Z,2026-05-26T08:27:03.000000Z,Australia
892,https://india.com/,Google,3,Unofficial,https://india.com/,1,Yes,2026-02-04T22:07:32.000000Z,2026-02-04T22:07:32.000000Z,India
890,https://indianews.in/,Google,3,Unofficial,https://indianews.in/,1,Yes,2026-02-04T21:23:48.000000Z,2026-02-04T21:23:48.000000Z,India
732,https://indianexpress.com/,Google,3,Unofficial,https://indianexpress.com/,1,Yes,2026-01-20T11:50:00.000000Z,2026-01-20T11:50:00.000000Z,India
808,https://indikatorbisnis.com/,Google,3,Unofficial,https://indikatorbisnis.com/,1,Yes,2026-01-26T08:10:36.000000Z,2026-01-26T08:10:36.000000Z,Indonesia
710,https://indonesia.focustaiwan.tw/,Google,3,Unofficial,https://indonesia.focustaiwan.tw/,1,Yes,2026-01-07T20:28:30.000000Z,2026-01-07T20:28:30.000000Z,Taiwan
621,https://indonesia.go.id/,Google,3,Unofficial,https://indonesia.go.id/,1,Yes,2025-12-11T21:46:19.000000Z,2025-12-11T21:46:19.000000Z,Indonesia
988,https://indonesiaexpat.id/,Google,3,Unofficial,https://indonesiaexpat.id/,1,Yes,2026-02-25T13:49:07.000000Z,2026-02-25T13:49:07.000000Z,Indonesia
1003,https://indonesiakini.id/,Google,3,Unofficial,https://indonesiakini.id/,1,Yes,2026-02-27T14:36:34.000000Z,2026-02-27T14:36:34.000000Z,Indonesia
941,https://indonesiare.co.id/,Google,3,Unofficial,https://indonesiare.co.id/,1,Yes,2026-02-20T01:16:22.000000Z,2026-02-20T01:16:22.000000Z,Indonesia
1075,https://inet.detik.com/,Google,3,Unofficial,https://inet.detik.com/,1,Yes,2026-05-06T01:46:46.000000Z,2026-05-06T01:46:46.000000Z,Indonesia
645,https://inews.id/,Google,3,Unofficial,https://inews.id/,1,Yes,2025-12-16T20:34:41.000000Z,2025-12-16T20:34:41.000000Z,Indonesia
708,https://infobae.com/,Google,3,Unofficial,https://infobae.com/,1,Yes,2026-01-07T17:51:58.000000Z,2026-01-07T17:51:58.000000Z,Argentina
689,https://infogarut.id/,Google,3,Unofficial,https://infogarut.id/,1,Yes,2025-12-29T01:03:22.000000Z,2025-12-29T01:03:22.000000Z,Indonesia
1104,https://infonasional.com/,Google,3,Unofficial,https://infonasional.com/,1,Yes,2026-05-24T21:39:11.000000Z,2026-05-24T21:39:11.000000Z,Indonesia
1112,https://infoquest.co.th/,Google,3,Unofficial,https://infoquest.co.th/,1,Yes,2026-05-25T00:54:09.000000Z,2026-05-25T00:54:09.000000Z,Thailand
767,https://inhnews.in/,Google,3,Unofficial,https://inhnews.in/,1,Yes,2026-01-21T18:21:50.000000Z,2026-01-21T18:21:50.000000Z,India
1103,https://inikata.co.id/,Google,3,Unofficial,https://inikata.co.id/,1,Yes,2026-05-24T21:13:06.000000Z,2026-05-24T21:13:06.000000Z,Indonesia
697,https://inilah.com/,Google,3,Unofficial,https://inilah.com/,1,Yes,2025-12-30T22:44:15.000000Z,2025-12-30T22:44:15.000000Z,Indonesia
1093,https://iniriau.com/,Google,3,Unofficial,https://iniriau.com/,1,Yes,2026-05-24T02:11:06.000000Z,2026-05-24T02:11:06.000000Z,Indonesia
914,https://inkl.com/,Google,3,Unofficial,https://inkl.com/,1,Yes,2026-02-12T00:50:23.000000Z,2026-02-12T00:50:23.000000Z,Australia
1038,https://inshorts.com/,Google,3,Unofficial,https://inshorts.com/,1,Yes,2026-03-22T00:34:52.000000Z,2026-03-22T00:34:52.000000Z,India
954,https://insidestategovernment.com.au/,Google,3,Unofficial,https://insidestategovernment.com.au/,1,Yes,2026-02-21T13:31:48.000000Z,2026-02-21T13:31:48.000000Z,Australia
792,https://instagram.com/,Google,3,Unofficial,https://instagram.com/,1,Yes,2026-01-23T02:18:47.000000Z,2026-01-23T02:18:47.000000Z,United States
713,https://integritasnews.com/,Google,3,Unofficial,https://integritasnews.com/,1,Yes,2026-01-08T01:42:09.000000Z,2026-01-08T01:42:09.000000Z,Indonesia
979,https://interest.co.nz/,Google,3,Unofficial,https://interest.co.nz/,1,Yes,2026-02-24T11:40:03.000000Z,2026-02-24T11:40:03.000000Z,New Zealand
1170,https://islandsbusiness.com/,Google,3,Unofficial,https://islandsbusiness.com/,1,Yes,2026-05-27T08:59:26.000000Z,2026-05-27T08:59:26.000000Z,Fiji
802,https://isranews.org/,Google,3,Unofficial,https://isranews.org/,1,Yes,2026-01-25T22:39:28.000000Z,2026-01-25T22:39:28.000000Z,Thailand
885,https://italiasette.it/,Google,3,Unofficial,https://italiasette.it/,1,Yes,2026-02-04T15:53:14.000000Z,2026-02-04T15:53:14.000000Z,Italy
1294,https://ittefaq.com.bd/,Google,3,Unofficial,https://ittefaq.com.bd/,1,Yes,2026-08-03T10:13:50.000000Z,2026-08-03T10:13:50.000000Z,Bangladesh
833,https://jagran.com/,Google,3,Unofficial,https://jagran.com/,1,Yes,2026-01-27T04:33:01.000000Z,2026-01-27T04:33:01.000000Z,India
932,https://jamill.kr/,Google,3,Unofficial,https://jamill.kr/,1,Yes,2026-02-18T12:29:03.000000Z,2026-02-18T12:29:03.000000Z,South Korea
834,https://jantaserishta.com/,Google,3,Unofficial,https://jantaserishta.com/,1,Yes,2026-01-27T06:18:14.000000Z,2026-01-27T06:18:14.000000Z,India
893,https://jateng.disway.id/,Google,3,Unofficial,https://jateng.disway.id/,1,Yes,2026-02-05T09:02:55.000000Z,2026-02-05T09:02:55.000000Z,Indonesia
100,https://jatimtimes.com/,Google,3,Official,Indonesian regional news outlet focusing on East Java social and political news.,1,No,2025-10-16T18:00:00.000000Z,2025-10-16T18:00:00.000000Z,Indonesia
101,https://javedch.com/,Google,3,Official,"Pakistani online news portal providing updates on current affairs, politics, and lifestyle.",1,No,2025-10-16T18:00:00.000000Z,2025-10-16T18:00:00.000000Z,Pakistan
1087,https://jawaban.com/,Google,3,Unofficial,https://jawaban.com/,1,Yes,2026-05-21T00:49:25.000000Z,2026-05-21T00:49:25.000000Z,Indonesia
1078,https://jawapos.com/,Google,3,Unofficial,https://jawapos.com/,1,Yes,2026-05-09T00:49:52.000000Z,2026-05-09T00:49:52.000000Z,Indonesia
1136,https://jiemian.com/,Google,3,Unofficial,https://jiemian.com/,1,Yes,2026-05-25T08:24:43.000000Z,2026-05-25T08:24:43.000000Z,China
102,https://jogja.tribunnews.com/,Google,3,Official,"Regional Tribunnews portal for Yogyakarta, Indonesia, delivering local and national updates.",1,No,2025-10-16T18:00:00.000000Z,2025-10-16T18:00:00.000000Z,Indonesia
853,https://jogja.viva.co.id/,Google,3,Unofficial,https://jogja.viva.co.id/,1,Yes,2026-01-28T08:54:24.000000Z,2026-01-28T08:54:24.000000Z,Indonesia
103,https://jogjapolitan.harianjogja.com/,Google,3,Official,"Yogyakarta-based online newspaper publishing politics, economy, and cultural news.",1,No,2025-10-16T18:00:00.000000Z,2025-10-16T18:00:00.000000Z,Indonesia
104,https://joglojateng.com/,Google,3,Unofficial,Indonesian news platform covering Central Java region.,1,No,2025-10-16T18:00:00.000000Z,2025-10-16T18:00:00.000000Z,Indonesia
993,https://joongboo.com/,Google,3,Unofficial,https://joongboo.com/,1,Yes,2026-02-26T13:13:31.000000Z,2026-02-26T13:13:31.000000Z,South Korea
618,https://js100.com/,Google,3,Unofficial,https://js100.com/,1,Yes,2025-12-11T20:01:53.000000Z,2025-12-11T20:01:53.000000Z,Thailand
1068,https://jtvmadiun.com/,Google,3,Unofficial,https://jtvmadiun.com/,1,Yes,2026-04-29T02:41:28.000000Z,2026-04-29T02:41:28.000000Z,Indonesia
782,https://justthenews.com/,Google,3,Unofficial,https://justthenews.com/,1,Yes,2026-01-22T15:21:08.000000Z,2026-01-22T15:21:08.000000Z,United States
105,https://kabarbanten.pikiran-rakyat.com/,Google,3,Official,Regional edition of Pikiran Rakyat delivering Banten province news.,1,No,2025-10-16T18:00:00.000000Z,2025-10-16T18:00:00.000000Z,Indonesia
709,https://kabarbanyuwangi.co.id/,Google,3,Unofficial,https://kabarbanyuwangi.co.id/,1,Yes,2026-01-07T20:28:22.000000Z,2026-01-07T20:28:22.000000Z,Indonesia
106,https://kabarcirebon.pikiran-rakyat.com/,Google,3,Official,Regional Pikiran Rakyat edition focused on Cirebon area news.,1,No,2025-10-16T18:00:00.000000Z,2025-10-16T18:00:00.000000Z,Indonesia
107,https://kabarhariini.id/,Google,3,Unofficial,Indonesian digital news site covering national and local events.,1,No,2025-10-16T18:00:00.000000Z,2025-10-16T18:00:00.000000Z,Indonesia
962,https://kabarin.com/,Google,3,Unofficial,https://kabarin.com/,1,Yes,2026-02-23T19:54:04.000000Z,2026-02-23T19:54:04.000000Z,Indonesia
108,https://kabarmadura.id/,Google,3,Unofficial,Online news portal focusing on Madura island&quot;’&quot;s regional updates.,1,No,2025-10-16T18:00:00.000000Z,2025-10-16T18:00:00.000000Z,Indonesia
109,https://kabarmajalengka.pikiran-rakyat.com/,Google,3,Official,"Regional Pikiran Rakyat site for Majalengka, West Java.",1,No,2025-10-16T18:00:00.000000Z,2025-10-16T18:00:00.000000Z,Indonesia
110,https://kabarpriangan.pikiran-rakyat.com/,Google,3,Official,Regional Pikiran Rakyat portal reporting from Priangan region.,1,No,2025-10-16T18:00:00.000000Z,2025-10-16T18:00:00.000000Z,Indonesia
111,https://kabulnow.com/,Google,3,Official,Afghan independent news outlet covering Afghanistan&quot;’&quot;s current affairs.,1,No,2025-10-16T18:00:00.000000Z,2025-10-16T18:00:00.000000Z,Afghanistan
921,https://kalteng.antaranews.com/,Google,3,Unofficial,https://kalteng.antaranews.com/,1,Yes,2026-02-13T05:45:03.000000Z,2026-02-13T05:45:03.000000Z,Indonesia
112,https://kaltim.antaranews.com/,Google,3,Official,Regional branch of Antara News focusing on East Kalimantan updates.,1,No,2025-10-16T18:00:00.000000Z,2025-10-16T18:00:00.000000Z,Indonesia
10,https://kaltim.antaranews.com/berita/239053/dinkes-kaltim-catat-kasus-dbd-mencapai-2210-kasus,Google,3,Official,Indonesia Kaltim,1,No,2025-08-04T05:48:23.000000Z,2025-08-04T05:48:23.000000Z,Indonesia
113,https://kaltim.tribunnews.com/,Google,3,Official,Tribunnews regional portal for East Kalimantan province.,1,No,2025-10-16T18:00:00.000000Z,2025-10-16T18:00:00.000000Z,Indonesia
114,https://kaltimpost.jawapos.com/,Google,3,Official,East Kalimantan&quot;’&quot;s daily news site under Jawa Pos network.,1,No,2025-10-16T18:00:00.000000Z,2025-10-16T18:00:00.000000Z,Indonesia
665,https://kampucheathmey.com/,Google,3,Unofficial,https://kampucheathmey.com/,1,Yes,2025-12-18T01:41:13.000000Z,2025-12-18T01:41:13.000000Z,Cambodia
1238,https://kanzhongguo.eu/,Google,3,Unofficial,https://kanzhongguo.eu/,1,Yes,2026-06-30T23:59:50.000000Z,2026-06-30T23:59:50.000000Z,China
1111,https://kaohoon.com/,Google,3,Unofficial,https://kaohoon.com/,1,Yes,2026-05-25T00:53:54.000000Z,2026-05-25T00:53:54.000000Z,Thailand
1024,https://karar.com/,Google,3,Unofficial,https://karar.com/,1,Yes,2026-03-02T21:52:15.000000Z,2026-03-02T21:52:15.000000Z,Turkey
115,https://karawangpost.pikiran-rakyat.com/,Google,3,Official,"Local Pikiran Rakyat edition for Karawang, Indonesia.",1,No,2025-10-16T18:00:00.000000Z,2025-10-16T18:00:00.000000Z,Indonesia
116,https://karpatalja.ma/,Google,3,Official,Moroccan online news portal covering national and Maghreb region affairs.,1,No,2025-10-16T18:00:00.000000Z,2025-10-16T18:00:00.000000Z,Morocco
117,https://kathmandupost.com/,Google,3,Official,Leading English-language newspaper of Nepal providing national and global news.,1,No,2025-10-16T18:00:00.000000Z,2025-10-16T18:00:00.000000Z,Nepal
1126,https://kdfnews.com/,Google,3,Unofficial,https://kdfnews.com/,1,Yes,2026-05-25T08:22:21.000000Z,2026-05-25T08:22:21.000000Z,South Korea
1231,https://kdhnews.com/,Google,3,Unofficial,https://kdhnews.com/,1,Yes,2026-06-23T08:42:00.000000Z,2026-06-23T08:42:00.000000Z,United States
1058,https://kdsn.co.kr/,Google,3,Unofficial,https://kdsn.co.kr/,1,Yes,2026-04-14T01:41:34.000000Z,2026-04-14T01:41:34.000000Z,South Korea
983,https://kemkes.go.id/,Google,3,Unofficial,https://kemkes.go.id/,1,Yes,2026-02-24T18:17:57.000000Z,2026-02-24T18:17:57.000000Z,Indonesia
686,https://kenh14.vn/,Google,3,Unofficial,https://kenh14.vn/,1,Yes,2025-12-24T04:52:19.000000Z,2025-12-24T04:52:19.000000Z,Vietnam
118,https://kepri.antaranews.com/,Google,3,Official,"Antara regional portal for Riau Islands Province, Indonesia.",1,No,2025-10-16T18:00:00.000000Z,2025-10-16T18:00:00.000000Z,Indonesia
119,https://keralakaumudi.com/,Google,3,Official,Indian Malayalam-language newspaper publishing regional and international updates.,1,No,2025-10-16T18:00:00.000000Z,2025-10-16T18:00:00.000000Z,India
1049,https://kevesko.vn/,Google,3,Unofficial,https://kevesko.vn/,1,Yes,2026-03-31T02:13:34.000000Z,2026-03-31T02:13:34.000000Z,Vietnam
120,https://kfdm.com/,Google,3,Official,Local U.S. CBS-affiliated news station covering Southeast Texas.,1,No,2025-10-16T18:00:00.000000Z,2025-10-16T18:00:00.000000Z,United States
641,https://kffhealthnews.org/,Google,3,Unofficial,https://kffhealthnews.org/,1,Yes,2025-12-16T01:15:03.000000Z,2025-12-16T01:15:03.000000Z,United States
1107,https://kh.cc-times.com/,Google,3,Unofficial,https://kh.cc-times.com/,1,Yes,2026-05-25T00:50:42.000000Z,2026-05-25T00:50:42.000000Z,Cambodia
901,https://khabargaon.com/,Google,3,Unofficial,https://khabargaon.com/,1,Yes,2026-02-08T22:41:34.000000Z,2026-02-08T22:41:34.000000Z,India
1295,https://khaophuket.com/,Google,3,Unofficial,https://khaophuket.com/,1,Yes,2026-08-10T08:07:45.000000Z,2026-08-10T08:07:45.000000Z,Thailand
685,https://khaosod.co.th/,Google,3,Unofficial,https://khaosod.co.th/,1,Yes,2025-12-22T20:50:10.000000Z,2025-12-22T20:50:10.000000Z,Thailand
1282,https://khoahocdoisong.vn/,Google,3,Unofficial,https://khoahocdoisong.vn/,1,Yes,2026-07-15T09:22:38.000000Z,2026-07-15T09:22:38.000000Z,Vietnam
998,https://khoahocphothong.vn/,Google,3,Unofficial,https://khoahocphothong.vn/,1,Yes,2026-02-27T08:23:35.000000Z,2026-02-27T08:23:35.000000Z,Vietnam
848,https://khonkaenlink.info/,Google,3,Unofficial,https://khonkaenlink.info/,1,Yes,2026-01-27T15:49:22.000000Z,2026-01-27T15:49:22.000000Z,Thailand
843,https://khq.com/,Google,3,Unofficial,https://khq.com/,1,Yes,2026-01-27T15:01:23.000000Z,2026-01-27T15:01:23.000000Z,United States
121,https://kidotalkradio.com/,Google,3,Unofficial,U.S. Idaho-based conservative talk radio and news website.,1,No,2025-10-16T18:00:00.000000Z,2025-10-16T18:00:00.000000Z,United States
122,https://kienthuc.net.vn/,Google,3,Official,"Vietnamese online newspaper delivering science, society, and entertainment content.",1,No,2025-10-16T18:00:00.000000Z,2025-10-16T18:00:00.000000Z,Vietnam
1172,https://kilasjatim.com/,Google,3,Unofficial,https://kilasjatim.com/,1,Yes,2026-05-28T00:49:31.000000Z,2026-05-28T00:49:31.000000Z,Indonesia
1195,https://kingtop.com.tw/,Google,3,Unofficial,https://kingtop.com.tw/,1,Yes,2026-05-29T08:23:38.000000Z,2026-05-29T08:23:38.000000Z,Taiwan
1028,https://kinhte.congthuong.vn/,Google,3,Unofficial,https://kinhte.congthuong.vn/,1,Yes,2026-03-06T08:19:17.000000Z,2026-03-06T08:19:17.000000Z,Vietnam
712,https://kinhtedothi.vn/,Google,3,Unofficial,https://kinhtedothi.vn/,1,Yes,2026-01-08T01:30:25.000000Z,2026-01-08T01:30:25.000000Z,Vietnam
871,https://kku.ac.th/,Google,3,Unofficial,https://kku.ac.th/,1,Yes,2026-02-03T00:04:44.000000Z,2026-02-03T00:04:44.000000Z,Thailand
1168,https://knews.com.tw/,Google,3,Unofficial,https://knews.com.tw/,1,Yes,2026-05-27T08:50:45.000000Z,2026-05-27T08:50:45.000000Z,Taiwan
714,https://komchadluek.net/,Google,3,Unofficial,https://komchadluek.net/,1,Yes,2026-01-08T01:48:15.000000Z,2026-01-08T01:48:15.000000Z,Thailand
718,https://kompas.com/,Google,3,Unofficial,https://kompas.com/,1,Yes,2026-01-08T02:17:00.000000Z,2026-01-08T02:17:00.000000Z,Indonesia
616,https://kompas.id/,Google,3,Unofficial,https://kompas.id/,1,Yes,2025-12-11T01:56:08.000000Z,2025-12-11T01:56:08.000000Z,Indonesia
850,https://kompas.tv/,Google,3,Unofficial,https://kompas.tv/,1,Yes,2026-01-28T08:53:51.000000Z,2026-01-28T08:53:51.000000Z,Indonesia
652,https://kompasiana.com/,Google,3,Unofficial,https://kompasiana.com/,1,Yes,2025-12-18T00:23:47.000000Z,2025-12-18T00:23:47.000000Z,Indonesia
922,https://kookjeilbo.com/,Google,3,Unofficial,https://kookjeilbo.com/,1,Yes,2026-02-13T10:01:05.000000Z,2026-02-13T10:01:05.000000Z,South Korea
1222,https://koranmanado.co.id/,Google,3,Unofficial,https://koranmanado.co.id/,1,Yes,2026-06-05T08:01:29.000000Z,2026-06-05T08:01:29.000000Z,Indonesia
947,https://koreajn.co.kr/,Google,3,Unofficial,https://koreajn.co.kr/,1,Yes,2026-02-20T13:19:50.000000Z,2026-02-20T13:19:50.000000Z,South Korea
123,https://koreajoongangdaily.joins.com/,Google,3,Official,"English-language daily published by JoongAng Ilbo, South Korea.",1,No,2025-10-16T18:00:00.000000Z,2025-10-16T18:00:00.000000Z,South Korea
717,https://kosmo.com.my/,Google,3,Unofficial,https://kosmo.com.my/,1,Yes,2026-01-08T02:13:50.000000Z,2026-01-08T02:13:50.000000Z,Malaysia
124,https://kpl.gov.la/,Chart,12,Official,Official Lao News Agency portal providing national government and economic updates.,1,No,2025-10-16T18:00:00.000000Z,2025-10-16T18:00:00.000000Z,Laos
125,https://krdo.com/,Google,3,Official,U.S. regional news outlet covering Colorado local and national stories.,1,No,2025-10-16T18:00:00.000000Z,2025-10-16T18:00:00.000000Z,United States
975,https://ksbtdanang.vn/,Google,3,Unofficial,https://ksbtdanang.vn/,1,Yes,2026-02-24T01:38:03.000000Z,2026-02-24T01:38:03.000000Z,Vietnam
948,https://ksmnews.co.kr/,Google,3,Unofficial,https://ksmnews.co.kr/,1,Yes,2026-02-20T13:19:53.000000Z,2026-02-20T13:19:53.000000Z,South Korea
784,https://kstatecollegian.com/,Google,3,Unofficial,https://kstatecollegian.com/,1,Yes,2026-01-22T15:38:30.000000Z,2026-01-22T15:38:30.000000Z,United States
126,https://ktok.iheart.com/,Google,3,Unofficial,Oklahoma-based news and talk radio portal under iHeart network.,1,No,2025-10-16T18:00:00.000000Z,2025-10-16T18:00:00.000000Z,United States
711,https://kumparan.com/,Google,3,Unofficial,https://kumparan.com/,1,Yes,2026-01-07T20:29:07.000000Z,2026-01-07T20:29:07.000000Z,Indonesia
127,https://kupang.tribunnews.com/,Google,3,Official,"Regional Tribunnews portal reporting from Kupang, East Nusa Tenggara.",1,No,2025-10-16T18:00:00.000000Z,2025-10-16T18:00:00.000000Z,Indonesia
635,https://kwqc.com/,Google,3,Unofficial,https://kwqc.com/,1,Yes,2025-12-16T01:08:55.000000Z,2025-12-16T01:08:55.000000Z,United States
934,https://kyeonggi.com/,Google,3,Unofficial,https://kyeonggi.com/,1,Yes,2026-02-18T13:18:04.000000Z,2026-02-18T13:18:04.000000Z,South Korea
624,https://la1ere.franceinfo.fr/,Google,3,Unofficial,https://la1ere.franceinfo.fr/,1,Yes,2025-12-16T00:51:51.000000Z,2025-12-16T00:51:51.000000Z,France
128,https://la1ere.francetvinfo.fr/,Google,3,Official,French overseas territories news portal by France Télévisions.,1,No,2025-10-16T18:00:00.000000Z,2025-10-16T18:00:00.000000Z,France
814,https://ladbible.com/,Google,3,Unofficial,https://ladbible.com/,1,Yes,2026-01-26T12:31:29.000000Z,2026-01-26T12:31:29.000000Z,United Kingdom
883,https://lafune.eu/,Google,3,Unofficial,https://lafune.eu/,1,Yes,2026-02-04T15:52:58.000000Z,2026-02-04T15:52:58.000000Z,Italy
129,https://lampost.co/,Google,3,Official,Lampung-based Indonesian newspaper publishing digital local and national news.,1,No,2025-10-16T18:00:00.000000Z,2025-10-16T18:00:00.000000Z,Indonesia
130,https://laodong.vn/,Google,3,Official,Vietnamese official labor newspaper publishing social and economic content.,1,No,2025-10-16T18:00:00.000000Z,2025-10-16T18:00:00.000000Z,Vietnam
131,https://laodongthudo.vn/,Google,3,Official,Hanoi-based labor and socio-economic news outlet.,1,No,2025-10-16T18:00:00.000000Z,2025-10-16T18:00:00.000000Z,Vietnam
862,https://latimes.com/,Google,3,Unofficial,https://latimes.com/,1,Yes,2026-02-02T02:45:11.000000Z,2026-02-02T02:45:11.000000Z,United States
132,https://leadership.ng/,Google,3,Official,"Nigerian online newspaper publishing political, economic, and social updates.",1,No,2025-10-16T18:00:00.000000Z,2025-10-16T18:00:00.000000Z,Nigeria
849,https://lebak.inews.id/,Google,3,Unofficial,https://lebak.inews.id/,1,Yes,2026-01-28T08:53:47.000000Z,2026-01-28T08:53:47.000000Z,Indonesia
1155,https://leho.com.tw/,Google,3,Unofficial,https://leho.com.tw/,1,Yes,2026-05-26T08:51:24.000000Z,2026-05-26T08:51:24.000000Z,Taiwan
740,https://lesprosdelapetiteenfance.fr/,Google,3,Unofficial,https://lesprosdelapetiteenfance.fr/,1,Yes,2026-01-20T15:53:16.000000Z,2026-01-20T15:53:16.000000Z,France
1258,https://life.tw/,Google,3,Unofficial,https://life.tw/,1,Yes,2026-07-09T08:40:56.000000Z,2026-07-09T08:40:56.000000Z,Taiwan
644,https://lifestyle.bisnis.com/,Google,3,Unofficial,https://lifestyle.bisnis.com/,1,Yes,2025-12-16T20:34:37.000000Z,2025-12-16T20:34:37.000000Z,Indonesia
723,https://lifestyle.sindonews.com/,Google,3,Unofficial,https://lifestyle.sindonews.com/,1,Yes,2026-01-15T08:05:31.000000Z,2026-01-15T08:05:31.000000Z,Indonesia
655,https://lifestyle.znews.vn/,Google,3,Unofficial,https://lifestyle.znews.vn/,1,Yes,2025-12-18T00:44:00.000000Z,2025-12-18T00:44:00.000000Z,Vietnam
625,https://linfo.re/,Google,3,Unofficial,https://linfo.re/,1,Yes,2025-12-16T00:51:55.000000Z,2025-12-16T00:51:55.000000Z,France
1034,https://lingkar.news/,Google,3,Unofficial,https://lingkar.news/,1,Yes,2026-03-16T00:57:28.000000Z,2026-03-16T00:57:28.000000Z,Indonesia
133,https://lintasgayo.co/,Google,3,Unofficial,Local Indonesian news portal from Aceh focusing on Gayo region.,1,No,2025-10-16T18:00:00.000000Z,2025-10-16T18:00:00.000000Z,Indonesia
675,https://liputan6.com/,Google,3,Unofficial,https://liputan6.com/,1,Yes,2025-12-18T03:57:22.000000Z,2025-12-18T03:57:22.000000Z,Indonesia
660,https://liputanoke.com/,Google,3,Unofficial,https://liputanoke.com/,1,Yes,2025-12-18T01:24:47.000000Z,2025-12-18T01:24:47.000000Z,Indonesia
806,https://liramedia.co.id/,Google,3,Unofficial,https://liramedia.co.id/,1,Yes,2026-01-26T00:23:51.000000Z,2026-01-26T00:23:51.000000Z,Indonesia
820,https://litenews.hk/,Google,3,Unofficial,https://litenews.hk/,1,Yes,2026-01-26T12:35:23.000000Z,2026-01-26T12:35:23.000000Z,Hong Kong
855,https://livehindustan.com/,Google,3,Unofficial,https://livehindustan.com/,1,Yes,2026-02-01T19:22:18.000000Z,2026-02-01T19:22:18.000000Z,India
764,https://livelaw.in/,Google,3,Unofficial,https://livelaw.in/,1,Yes,2026-01-21T17:38:12.000000Z,2026-01-21T17:38:12.000000Z,India
997,https://logos-pres.md/,Google,3,Unofficial,https://logos-pres.md/,1,Yes,2026-02-26T15:21:56.000000Z,2026-02-26T15:21:56.000000Z,Moldova
1218,https://lokmattimes.com/,Google,3,Unofficial,https://lokmattimes.com/,1,Yes,2026-06-04T19:32:34.000000Z,2026-06-04T19:32:34.000000Z,India
134,https://lombokpost.jawapos.com/,Google,3,Official,Lombok-based online news under Jawa Pos network.,1,No,2025-10-16T18:00:00.000000Z,2025-10-16T18:00:00.000000Z,Indonesia
968,https://luatvietnam.vn/,Google,3,Unofficial,https://luatvietnam.vn/,1,Yes,2026-02-24T00:59:46.000000Z,2026-02-24T00:59:46.000000Z,Vietnam
836,https://lvz.de/,Google,3,Unofficial,https://lvz.de/,1,Yes,2026-01-27T06:53:01.000000Z,2026-01-27T06:53:01.000000Z,Germany
1277,https://m.21jingji.com/,Google,3,Unofficial,https://m.21jingji.com/,1,Yes,2026-07-15T08:41:34.000000Z,2026-07-15T08:41:34.000000Z,China
1084,https://m.antaranews.com/,Google,3,Unofficial,https://m.antaranews.com/,1,Yes,2026-05-13T02:10:45.000000Z,2026-05-13T02:10:45.000000Z,Indonesia
699,https://m.economictimes.com/,Google,3,Unofficial,https://m.economictimes.com/,1,Yes,2025-12-31T00:39:29.000000Z,2025-12-31T00:39:29.000000Z,India
135,https://m.haberturk.com/,Google,3,Official,Mobile version of Turkish news outlet Habertürk.,1,No,2025-10-16T18:00:00.000000Z,2025-10-16T18:00:00.000000Z,Turkey
1096,https://m.halloriau.com/,Google,3,Unofficial,https://m.halloriau.com/,1,Yes,2026-05-24T02:11:28.000000Z,2026-05-24T02:11:28.000000Z,Indonesia
1140,https://m.hkej.com/,Google,3,Unofficial,https://m.hkej.com/,1,Yes,2026-05-25T08:25:59.000000Z,2026-05-25T08:25:59.000000Z,Hong Kong
136,https://m.phnompenhpost.com/,Google,3,Official,"Mobile site of The Phnom Penh Post, a Cambodian English-language newspaper.",1,No,2025-10-16T18:00:00.000000Z,2025-10-16T18:00:00.000000Z,Cambodia
1247,https://m.sohu.com/,Google,3,Unofficial,https://m.sohu.com/,1,Yes,2026-07-03T09:39:10.000000Z,2026-07-03T09:39:10.000000Z,China
777,https://m.tf.co.kr/,Google,3,Unofficial,https://m.tf.co.kr/,1,Yes,2026-01-22T10:48:39.000000Z,2026-01-22T10:48:39.000000Z,South Korea
1137,https://m.thepaper.cn/,Google,3,Unofficial,https://m.thepaper.cn/,1,Yes,2026-05-25T08:24:45.000000Z,2026-05-25T08:24:45.000000Z,China
137,https://m.tribunnews.com/,Google,3,Official,"Mobile version of Tribunnews, a leading Indonesian online news portal.",1,No,2025-10-16T18:00:00.000000Z,2025-10-16T18:00:00.000000Z,Indonesia
138,https://macaudailytimes.com.mo/,Google,3,Official,English-language daily newspaper from Macau publishing regional and international updates.,1,No,2025-10-16T18:00:00.000000Z,2025-10-16T18:00:00.000000Z,Macau
1092,https://magzter.com/,Google,3,Unofficial,https://magzter.com/,1,Yes,2026-05-23T00:51:49.000000Z,2026-05-23T00:51:49.000000Z,United States
139,https://majoriti.com.my/,Google,3,Official,Malaysian online news outlet publishing national and lifestyle news.,1,No,2025-10-16T18:00:00.000000Z,2025-10-16T18:00:00.000000Z,Malaysia
140,https://makassar.antaranews.com/,Google,3,Official,Antara regional news branch focusing on Makassar and South Sulawesi.,1,No,2025-10-16T18:00:00.000000Z,2025-10-16T18:00:00.000000Z,Indonesia
141,https://makassar.tribunnews.com/,Google,3,Official,"Tribunnews regional portal for Makassar, South Sulawesi.",1,No,2025-10-16T18:00:00.000000Z,2025-10-16T18:00:00.000000Z,Indonesia
872,https://maklumat.id/,Google,3,Unofficial,https://maklumat.id/,1,Yes,2026-02-03T00:30:28.000000Z,2026-02-03T00:30:28.000000Z,Indonesia
851,https://malangtimes.com/,Google,3,Unofficial,https://malangtimes.com/,1,Yes,2026-01-28T08:54:03.000000Z,2026-01-28T08:54:03.000000Z,Indonesia
142,https://malawi24.com/,Google,3,Official,Malawian digital newspaper publishing breaking and social news.,1,No,2025-10-16T18:00:00.000000Z,2025-10-16T18:00:00.000000Z,Malawi
915,https://malaymail.com/,Google,3,Unofficial,https://malaymail.com/,1,Yes,2026-02-12T00:50:25.000000Z,2026-02-12T00:50:25.000000Z,Malaysia
143,https://malaysia.news.yahoo.com/,Google,3,Official,Yahoo News Malaysia section covering political and social updates.,1,No,2025-10-16T18:00:00.000000Z,2025-10-16T18:00:00.000000Z,Malaysia
144,https://malaysiagazette.com/,Google,3,Official,Malaysian online news platform publishing national and ASEAN updates.,1,No,2025-10-16T18:00:00.000000Z,2025-10-16T18:00:00.000000Z,Malaysia
918,https://malaysiakini.com/,Google,3,Unofficial,https://malaysiakini.com/,1,Yes,2026-02-12T04:18:21.000000Z,2026-02-12T04:18:21.000000Z,Malaysia
1265,https://malaysiatribune.news/,Google,3,Unofficial,https://malaysiatribune.news/,1,Yes,2026-07-11T08:04:47.000000Z,2026-07-11T08:04:47.000000Z,Malaysia
145,https://manado.tribunnews.com/,Google,3,Official,Tribunnews regional portal focused on Manado and North Sulawesi news.,1,No,2025-10-16T18:00:00.000000Z,2025-10-16T18:00:00.000000Z,Indonesia
146,https://mangish.net/,Google,3,Unofficial,Iraqi Chaldean cultural and news portal.,1,No,2025-10-16T18:00:00.000000Z,2025-10-16T18:00:00.000000Z,Iraq
147,https://manilastandard.net/,Google,3,Official,"Philippine English-language daily covering national, business, and opinion news.",1,No,2025-10-16T18:00:00.000000Z,2025-10-16T18:00:00.000000Z,Philippines
695,https://marketeeronline.co/,Google,3,Unofficial,https://marketeeronline.co/,1,Yes,2025-12-30T02:57:48.000000Z,2025-12-30T02:57:48.000000Z,Thailand
148,https://marunadanmalayalee.com/,Google,3,Official,Malayalam-language Indian online newspaper focused on global Malayalee community.,1,No,2025-10-16T18:00:00.000000Z,2025-10-16T18:00:00.000000Z,India
149,https://mashriqtv.pk/,Google,3,Official,Pakistani news channel website covering political and entertainment updates.,1,No,2025-10-16T18:00:00.000000Z,2025-10-16T18:00:00.000000Z,Pakistan
620,https://matichon.co.th/,Google,3,Unofficial,https://matichon.co.th/,1,Yes,2025-12-11T20:02:17.000000Z,2025-12-11T20:02:17.000000Z,Thailand
150,https://mb.com.ph/,Google,3,Official,Manila Bulletin — one of the Philippines&quot;’&quot; largest English-language newspapers.,1,No,2025-10-16T18:00:00.000000Z,2025-10-16T18:00:00.000000Z,Philippines
1145,https://mc-doualiya.com/,Google,3,Unofficial,https://mc-doualiya.com/,1,Yes,2026-05-25T08:37:54.000000Z,2026-05-25T08:37:54.000000Z,France
728,https://medcom.id/,Google,3,Unofficial,https://medcom.id/,1,Yes,2026-01-20T08:07:13.000000Z,2026-01-20T08:07:13.000000Z,Indonesia
1001,https://media.chinhphu.vn/,Google,3,Unofficial,https://media.chinhphu.vn/,1,Yes,2026-02-27T10:26:51.000000Z,2026-02-27T10:26:51.000000Z,Vietnam
151,https://mediacenter.riau.go.id/,Chart,12,Official,Official Riau Provincial Government media and public information center.,1,No,2025-10-16T18:00:00.000000Z,2025-10-16T18:00:00.000000Z,Indonesia
152,https://mediaindonesia.com/,Google,3,Official,"National Indonesian newspaper covering politics, economy, and lifestyle.",1,No,2025-10-16T18:00:00.000000Z,2025-10-16T18:00:00.000000Z,Indonesia
868,https://mediarakata.com/,Google,3,Unofficial,https://mediarakata.com/,1,Yes,2026-02-02T03:07:12.000000Z,2026-02-02T03:07:12.000000Z,Indonesia
1223,https://mediaselangor.com/,Google,3,Unofficial,https://mediaselangor.com/,1,Yes,2026-06-22T19:30:51.000000Z,2026-06-22T19:30:51.000000Z,Malaysia
1143,https://medicaldoc.jp/,Google,3,Unofficial,https://medicaldoc.jp/,1,Yes,2026-05-25T08:30:12.000000Z,2026-05-25T08:30:12.000000Z,Japan
924,https://medicalrepublic.com.au/,Google,3,Unofficial,https://medicalrepublic.com.au/,1,Yes,2026-02-13T13:07:10.000000Z,2026-02-13T13:07:10.000000Z,Australia
153,https://medicalxpress.com/,Google,3,Official,International science and medical research news platform.,1,No,2025-10-16T18:00:00.000000Z,2025-10-16T18:00:00.000000Z,United States
985,https://medquest.co.id/,Google,3,Unofficial,https://medquest.co.id/,1,Yes,2026-02-24T18:18:48.000000Z,2026-02-24T18:18:48.000000Z,Indonesia
154,https://megapolitan.antaranews.com/,Google,3,Official,Antara regional portal covering Greater Jakarta (Megapolitan) area.,1,No,2025-10-16T18:00:00.000000Z,2025-10-16T18:00:00.000000Z,Indonesia
155,https://megapolitan.kompas.com/,Google,3,Official,Kompas sub-portal focusing on Jakarta metropolitan news and lifestyle.,1,No,2025-10-16T18:00:00.000000Z,2025-10-16T18:00:00.000000Z,Indonesia
156,https://menafn.com/,Google,3,Official,Middle East North Africa Financial Network providing business and market news.,1,No,2025-10-16T18:00:00.000000Z,2025-10-16T18:00:00.000000Z,Jordan
1071,https://merahputih.com/,Google,3,Unofficial,https://merahputih.com/,1,Yes,2026-05-06T00:56:42.000000Z,2026-05-06T00:56:42.000000Z,Indonesia
865,https://mercurynews.com/,Google,3,Unofficial,https://mercurynews.com/,1,Yes,2026-02-02T02:56:21.000000Z,2026-02-02T02:56:21.000000Z,United States
664,https://merdeka.com/,Google,3,Unofficial,https://merdeka.com/,1,Yes,2025-12-18T01:38:20.000000Z,2025-12-18T01:38:20.000000Z,Indonesia
157,https://metro.batampos.co.id/,Google,3,Official,Online Batam Pos portal focusing on Batam and Kepulauan Riau updates.,1,No,2025-10-16T18:00:00.000000Z,2025-10-16T18:00:00.000000Z,Indonesia
1225,https://metropolis.batampos.co.id/,Google,3,Unofficial,https://metropolis.batampos.co.id/,1,Yes,2026-06-23T08:02:35.000000Z,2026-06-23T08:02:35.000000Z,Indonesia
798,https://metroriau.com/,Google,3,Unofficial,https://metroriau.com/,1,Yes,2026-01-23T02:54:01.000000Z,2026-01-23T02:54:01.000000Z,Indonesia
960,https://meyka.com/,Google,3,Unofficial,https://meyka.com/,1,Yes,2026-02-23T13:41:15.000000Z,2026-02-23T13:41:15.000000Z,Turkey
158,https://mgorod.kz/,Google,3,Official,Kazakhstani online news portal publishing local and regional reports.,1,No,2025-10-16T18:00:00.000000Z,2025-10-16T18:00:00.000000Z,Kazakhstan
873,https://mgronline.com/,Google,3,Unofficial,https://mgronline.com/,1,Yes,2026-02-03T20:12:48.000000Z,2026-02-03T20:12:48.000000Z,Thailand
1072,https://minanews.net/,Google,3,Unofficial,https://minanews.net/,1,Yes,2026-05-06T00:56:58.000000Z,2026-05-06T00:56:58.000000Z,Indonesia
159,https://mindanaotimes.com.ph/,Google,3,Official,"Philippine regional newspaper based in Davao, Mindanao.",1,No,2025-10-16T18:00:00.000000Z,2025-10-16T18:00:00.000000Z,Philippines
705,https://mindanews.com/,Google,3,Unofficial,https://mindanews.com/,1,Yes,2025-12-31T01:04:33.000000Z,2025-12-31T01:04:33.000000Z,Philippines
696,https://minews.id/,Google,3,Unofficial,https://minews.id/,1,Yes,2025-12-30T22:43:25.000000Z,2025-12-30T22:43:25.000000Z,Indonesia
990,https://minutemirror.com.pk/,Google,3,Unofficial,https://minutemirror.com.pk/,1,Yes,2026-02-25T15:37:00.000000Z,2026-02-25T15:37:00.000000Z,Pakistan
1213,https://mirror.co.uk/,Google,3,Unofficial,https://mirror.co.uk/,1,Yes,2026-05-31T08:53:48.000000Z,2026-05-31T08:53:48.000000Z,United Kingdom
986,https://mirrormedia.mg/,Google,3,Unofficial,https://mirrormedia.mg/,1,Yes,2026-02-25T11:44:55.000000Z,2026-02-25T11:44:55.000000Z,Taiwan
160,https://mistar.id/,Google,3,Unofficial,North Sumatra-based Indonesian online newspaper.,1,No,2025-10-16T18:00:00.000000Z,2025-10-16T18:00:00.000000Z,Indonesia
1021,https://mitraauto.id/,Google,3,Unofficial,https://mitraauto.id/,1,Yes,2026-03-02T20:00:35.000000Z,2026-03-02T20:00:35.000000Z,Indonesia
1056,https://mk.co.kr/,Google,3,Unofficial,https://mk.co.kr/,1,Yes,2026-04-10T01:18:32.000000Z,2026-04-10T01:18:32.000000Z,South Korea
161,https://mmnews.tv/,Google,3,Official,Pakistani digital news network delivering national and international content.,1,No,2025-10-16T18:00:00.000000Z,2025-10-16T18:00:00.000000Z,Pakistan
162,https://mmpeacemonitor.org/,Google,3,Official,Myanmar-focused site tracking political and humanitarian developments.,1,No,2025-10-16T18:00:00.000000Z,2025-10-16T18:00:00.000000Z,Myanmar
847,https://mnnhanchinh.hanoi.edu.vn/,Google,3,Unofficial,https://mnnhanchinh.hanoi.edu.vn/,1,Yes,2026-01-27T15:31:49.000000Z,2026-01-27T15:31:49.000000Z,Vietnam
965,https://mobile.astroawani.com/,Google,3,Unofficial,https://mobile.astroawani.com/,1,Yes,2026-02-24T00:54:37.000000Z,2026-02-24T00:54:37.000000Z,Malaysia
163,https://moh.gov.bn/,Chart,12,Official,Official Ministry of Health website of Brunei Darussalam.,1,No,2025-10-16T18:00:00.000000Z,2025-10-16T18:00:00.000000Z,Brunei
6,https://moh.gov.bn/news/situasi-terkini-jangkitan-covid-19-di-negara-brunei-darussalam/,Google,3,Official,Brunei,1,No,2025-08-04T05:46:32.000000Z,2025-08-04T05:46:32.000000Z,Brunei
164,https://moh.gov.kh/,Chart,12,Official,Official Ministry of Health Cambodia website providing health news and updates.,1,No,2025-10-16T18:00:00.000000Z,2025-10-16T18:00:00.000000Z,Cambodia
1006,https://moitruong.net.vn/,Google,3,Unofficial,https://moitruong.net.vn/,1,Yes,2026-02-28T09:27:41.000000Z,2026-02-28T09:27:41.000000Z,Vietnam
1027,https://mommiesdaily.com/,Google,3,Unofficial,https://mommiesdaily.com/,1,Yes,2026-03-06T00:52:30.000000Z,2026-03-06T00:52:30.000000Z,Indonesia
622,https://momsmoney.kontan.co.id/,Google,3,Unofficial,https://momsmoney.kontan.co.id/,1,Yes,2025-12-11T21:46:32.000000Z,2025-12-11T21:46:32.000000Z,Indonesia
1130,https://money.udn.com/,Google,3,Unofficial,https://money.udn.com/,1,Yes,2026-05-25T08:23:20.000000Z,2026-05-25T08:23:20.000000Z,Taiwan
1182,https://more-news.tw/,Google,3,Unofficial,https://more-news.tw/,1,Yes,2026-05-28T08:26:10.000000Z,2026-05-28T08:26:10.000000Z,Taiwan
759,https://morgenpost.de/,Google,3,Unofficial,https://morgenpost.de/,1,Yes,2026-01-21T16:41:35.000000Z,2026-01-21T16:41:35.000000Z,Germany
937,https://motthegioi.vn/,Google,3,Unofficial,https://motthegioi.vn/,1,Yes,2026-02-19T08:21:58.000000Z,2026-02-19T08:21:58.000000Z,Vietnam
818,https://mrjjxw.com/,Google,3,Unofficial,https://mrjjxw.com/,1,Yes,2026-01-26T12:33:37.000000Z,2026-01-26T12:33:37.000000Z,China
720,https://multimedia.anamai.moph.go.th/,Google,3,Unofficial,https://multimedia.anamai.moph.go.th/,1,Yes,2026-01-08T02:21:28.000000Z,2026-01-08T02:21:28.000000Z,Thailand
165,https://munsifdaily.com/,Google,3,Official,Indian Urdu-language newspaper publishing daily local and international news.,1,No,2025-10-16T18:00:00.000000Z,2025-10-16T18:00:00.000000Z,India
166,https://mwnation.com/,Google,3,Official,Malawi Nation online daily publishing national and global news.,1,No,2025-10-16T18:00:00.000000Z,2025-10-16T18:00:00.000000Z,Malawi
1275,https://myanmar-now.org/,Google,3,Unofficial,https://myanmar-now.org/,1,Yes,2026-07-15T08:10:53.000000Z,2026-07-15T08:10:53.000000Z,Myanmar
859,https://mymotherlode.com/,Google,3,Unofficial,https://mymotherlode.com/,1,Yes,2026-02-01T21:26:31.000000Z,2026-02-01T21:26:31.000000Z,United States
167,https://mynbc15.com/,Google,3,Official,"Local U.S. NBC affiliate serving Mobile, Alabama region.",1,No,2025-10-16T18:00:00.000000Z,2025-10-16T18:00:00.000000Z,United States
168,https://mynorthwest.com/,Google,3,Official,U.S. Northwest-based online news platform covering Seattle and Pacific region.,1,No,2025-10-16T18:00:00.000000Z,2025-10-16T18:00:00.000000Z,United States
761,https://mypmp.net/,Google,3,Unofficial,https://mypmp.net/,1,Yes,2026-01-21T17:34:42.000000Z,2026-01-21T17:34:42.000000Z,United States
1263,https://mytvsuper.com/,Google,3,Unofficial,https://mytvsuper.com/,1,Yes,2026-07-10T08:36:41.000000Z,2026-07-10T08:36:41.000000Z,Hong Kong
1240,https://n.yam.com/,Google,3,Unofficial,https://n.yam.com/,1,Yes,2026-07-01T00:53:51.000000Z,2026-07-01T00:53:51.000000Z,Taiwan
169,https://nagalandpost.com/,Google,3,Official,Indian English-language newspaper based in Nagaland.,1,No,2025-10-16T18:00:00.000000Z,2025-10-16T18:00:00.000000Z,India
766,https://naidunia.com/,Google,3,Unofficial,https://naidunia.com/,1,Yes,2026-01-21T18:21:37.000000Z,2026-01-21T18:21:37.000000Z,India
955,https://nambuccavalley.newsofthearea.com.au/,Google,3,Unofficial,https://nambuccavalley.newsofthearea.com.au/,1,Yes,2026-02-21T13:31:51.000000Z,2026-02-21T13:31:51.000000Z,Australia
674,https://nasional.kompas.com/,Google,3,Unofficial,https://nasional.kompas.com/,1,Yes,2025-12-18T03:43:14.000000Z,2025-12-18T03:43:14.000000Z,Indonesia
899,https://navbharatlive.com/,Google,3,Unofficial,https://navbharatlive.com/,1,Yes,2026-02-08T22:32:18.000000Z,2026-02-08T22:32:18.000000Z,India
900,https://navbharattimes.indiatimes.com/,Google,3,Unofficial,https://navbharattimes.indiatimes.com/,1,Yes,2026-02-08T22:41:30.000000Z,2026-02-08T22:41:30.000000Z,India
170,https://nawabineka.com/,Google,3,Unofficial,Indonesian online platform delivering diverse local and national content.,1,No,2025-10-16T18:00:00.000000Z,2025-10-16T18:00:00.000000Z,Indonesia
817,https://nbd.com.cn/,Google,3,Unofficial,https://nbd.com.cn/,1,Yes,2026-01-26T12:33:23.000000Z,2026-01-26T12:33:23.000000Z,China
830,https://ndtv.in/,Google,3,Unofficial,https://ndtv.in/,1,Yes,2026-01-27T03:39:08.000000Z,2026-01-27T03:39:08.000000Z,India
826,https://nefes.com.tr/,Google,3,Unofficial,https://nefes.com.tr/,1,Yes,2026-01-26T17:33:21.000000Z,2026-01-26T17:33:21.000000Z,Turkey
1015,https://neoskosmos.com/,Google,3,Unofficial,https://neoskosmos.com/,1,Yes,2026-03-02T11:36:04.000000Z,2026-03-02T11:36:04.000000Z,Australia
1176,https://nepalipatro.com.np/,Google,3,Unofficial,https://nepalipatro.com.np/,1,Yes,2026-05-28T08:15:06.000000Z,2026-05-28T08:15:06.000000Z,Nepal
1030,https://netlife.vn/,Google,3,Unofficial,https://netlife.vn/,1,Yes,2026-03-12T08:20:20.000000Z,2026-03-12T08:20:20.000000Z,Vietnam
171,https://neworleanscitybusiness.com/,Google,3,Official,Business news publication serving the New Orleans metropolitan area.,1,No,2025-10-16T18:00:00.000000Z,2025-10-16T18:00:00.000000Z,United States
1120,https://news.az/,Google,3,Unofficial,https://news.az/,1,Yes,2026-05-25T08:18:58.000000Z,2026-05-25T08:18:58.000000Z,Azerbaijan
944,https://news.bbsi.co.kr/,Google,3,Unofficial,https://news.bbsi.co.kr/,1,Yes,2026-02-20T13:17:56.000000Z,2026-02-20T13:17:56.000000Z,South Korea
1110,https://news.ch7.com/,Google,3,Unofficial,https://news.ch7.com/,1,Yes,2026-05-25T00:53:41.000000Z,2026-05-25T00:53:41.000000Z,Thailand
172,https://news.china.com.au/,Google,3,Official,Australian-based portal covering Chinese and international news.,1,No,2025-10-16T18:00:00.000000Z,2025-10-16T18:00:00.000000Z,Australia
173,https://news.china.com/,Google,3,Official,"Chinese national news portal covering politics, economy, and culture.",1,No,2025-10-16T18:00:00.000000Z,2025-10-16T18:00:00.000000Z,China
1188,https://news.cnr.cn/,Google,3,Unofficial,https://news.cnr.cn/,1,Yes,2026-05-28T08:35:44.000000Z,2026-05-28T08:35:44.000000Z,China
733,https://news.com.au/,Google,3,Unofficial,https://news.com.au/,1,Yes,2026-01-20T11:54:32.000000Z,2026-01-20T11:54:32.000000Z,Australia
1228,https://news.creaders.net/,Google,3,Unofficial,https://news.creaders.net/,1,Yes,2026-06-23T08:20:53.000000Z,2026-06-23T08:20:53.000000Z,China
1134,https://news.cts.com.tw/,Google,3,Unofficial,https://news.cts.com.tw/,1,Yes,2026-05-25T08:24:01.000000Z,2026-05-25T08:24:01.000000Z,Taiwan
838,https://news.de/,Google,3,Unofficial,https://news.de/,1,Yes,2026-01-27T06:53:15.000000Z,2026-01-27T06:53:15.000000Z,Germany
174,https://news.detik.com/,Google,3,Official,Detik.com&quot;’&quot;s general news section covering national and international events.,1,No,2025-10-16T18:00:00.000000Z,2025-10-16T18:00:00.000000Z,Indonesia
9,https://news.detik.com/berita/d-7945491/kemenkes-deteksi-7-kasus-covid-19-di-indonesia,Google,3,Official,Indoensia kasus Covid,1,No,2025-08-04T05:47:58.000000Z,2025-08-04T05:47:58.000000Z,Indonesia
1127,https://news.ebc.net.tw/,Google,3,Unofficial,https://news.ebc.net.tw/,1,Yes,2026-05-25T08:22:50.000000Z,2026-05-25T08:22:50.000000Z,Taiwan
175,https://news.google.com/,Google,3,Official,Google News platform aggregating global and local news from multiple sources.,1,No,2025-10-16T18:00:00.000000Z,2025-10-16T18:00:00.000000Z,United States
176,https://news.harianjogja.com/,Google,3,Official,Subdomain of Harian Jogja focusing on regional and national breaking news.,1,No,2025-10-16T18:00:00.000000Z,2025-10-16T18:00:00.000000Z,Indonesia
1167,https://news.ipcf.org.tw/,Google,3,Unofficial,https://news.ipcf.org.tw/,1,Yes,2026-05-27T08:49:59.000000Z,2026-05-27T08:49:59.000000Z,Taiwan
177,https://news.livedoor.com/,Google,3,Official,Japanese online portal aggregating domestic and entertainment news.,1,No,2025-10-16T18:00:00.000000Z,2025-10-16T18:00:00.000000Z,Japan
779,https://news.ltn.com.tw/,Google,3,Unofficial,https://news.ltn.com.tw/,1,Yes,2026-01-22T10:50:18.000000Z,2026-01-22T10:50:18.000000Z,Taiwan
731,https://news.nate.com/,Google,3,Unofficial,https://news.nate.com/,1,Yes,2026-01-20T11:41:43.000000Z,2026-01-20T11:41:43.000000Z,South Korea
1255,https://news.nextapple.com/,Google,3,Unofficial,https://news.nextapple.com/,1,Yes,2026-07-08T08:49:17.000000Z,2026-07-08T08:49:17.000000Z,Taiwan
178,https://news.ntv.co.jp/,Google,3,Official,Japanese TV network NTV&quot;’&quot;s online news platform.,1,No,2025-10-16T18:00:00.000000Z,2025-10-16T18:00:00.000000Z,Japan
1181,https://news.pchome.com.tw/,Google,3,Unofficial,https://news.pchome.com.tw/,1,Yes,2026-05-28T08:24:40.000000Z,2026-05-28T08:24:40.000000Z,Taiwan
1144,https://news.pts.org.tw/,Google,3,Unofficial,https://news.pts.org.tw/,1,Yes,2026-05-25T08:32:00.000000Z,2026-05-25T08:32:00.000000Z,Taiwan
1280,https://news.qq.com/,Google,3,Unofficial,https://news.qq.com/,1,Yes,2026-07-15T08:41:49.000000Z,2026-07-15T08:41:49.000000Z,China
1139,https://news.rthk.hk/,Google,3,Unofficial,https://news.rthk.hk/,1,Yes,2026-05-25T08:25:43.000000Z,2026-05-25T08:25:43.000000Z,Hong Kong
1179,https://news.sbs.co.kr/,Google,3,Unofficial,https://news.sbs.co.kr/,1,Yes,2026-05-28T08:20:29.000000Z,2026-05-28T08:20:29.000000Z,South Korea
1208,https://news.ssbcrack.com/,Google,3,Unofficial,https://news.ssbcrack.com/,1,Yes,2026-05-31T08:28:26.000000Z,2026-05-31T08:28:26.000000Z,India
1088,https://news.trueid.net/,Google,3,Unofficial,https://news.trueid.net/,1,Yes,2026-05-21T00:53:10.000000Z,2026-05-21T00:53:10.000000Z,Thailand
1133,https://news.ttv.com.tw/,Google,3,Unofficial,https://news.ttv.com.tw/,1,Yes,2026-05-25T08:23:57.000000Z,2026-05-25T08:23:57.000000Z,Taiwan
179,https://news.tuoitre.vn/,Google,3,Official,Vietnamese online newspaper publishing national and lifestyle content.,1,No,2025-10-16T18:00:00.000000Z,2025-10-16T18:00:00.000000Z,Vietnam
1194,https://news.tvb.com/,Google,3,Unofficial,https://news.tvb.com/,1,Yes,2026-05-29T08:17:23.000000Z,2026-05-29T08:17:23.000000Z,Hong Kong
180,https://news.webindia123.com/,Google,3,Official,Indian online portal aggregating news across diverse topics and regions.,1,No,2025-10-16T18:00:00.000000Z,2025-10-16T18:00:00.000000Z,India
1125,https://news.yahoo.co.jp/,Google,3,Unofficial,https://news.yahoo.co.jp/,1,Yes,2026-05-25T08:22:12.000000Z,2026-05-25T08:22:12.000000Z,Japan
778,https://news1.kr/,Google,3,Unofficial,https://news1.kr/,1,Yes,2026-01-22T10:48:44.000000Z,2026-01-22T10:48:44.000000Z,South Korea
888,https://news4nation.com/,Google,3,Unofficial,https://news4nation.com/,1,Yes,2026-02-04T21:23:38.000000Z,2026-02-04T21:23:38.000000Z,India
835,https://news4teachers.de/,Google,3,Unofficial,https://news4teachers.de/,1,Yes,2026-01-27T06:52:55.000000Z,2026-01-27T06:52:55.000000Z,Germany
911,https://news8000.com/,Google,3,Unofficial,https://news8000.com/,1,Yes,2026-02-12T00:32:28.000000Z,2026-02-12T00:32:28.000000Z,United States
780,https://news9live.com/,Google,3,Unofficial,https://news9live.com/,1,Yes,2026-01-22T11:55:25.000000Z,2026-01-22T11:55:25.000000Z,India
788,https://newsaroma.com/,Google,3,Unofficial,https://newsaroma.com/,1,Yes,2026-01-23T00:32:30.000000Z,2026-01-23T00:32:30.000000Z,India
181,https://newscentral.africa/,Google,3,Official,Pan-African online media delivering continental and global news.,1,No,2025-10-16T18:00:00.000000Z,2025-10-16T18:00:00.000000Z,Nigeria
980,https://newsclip.be/,Google,3,Unofficial,https://newsclip.be/,1,Yes,2026-02-24T15:38:25.000000Z,2026-02-24T15:38:25.000000Z,Thailand
182,https://newsflash.ph/,Google,3,Unofficial,Philippine online news outlet focusing on national updates and alerts.,1,No,2025-10-16T18:00:00.000000Z,2025-10-16T18:00:00.000000Z,Philippines
1123,https://newsgram.com/,Google,3,Unofficial,https://newsgram.com/,1,Yes,2026-05-25T08:21:36.000000Z,2026-05-25T08:21:36.000000Z,India
183,https://newsinfo.inquirer.net/,Google,3,Official,Philippine Daily Inquirer&quot;’&quot;s main news portal for national affairs.,1,No,2025-10-16T18:00:00.000000Z,2025-10-16T18:00:00.000000Z,Philippines
776,https://newsis.com/,Google,3,Unofficial,https://newsis.com/,1,Yes,2026-01-22T10:48:35.000000Z,2026-01-22T10:48:35.000000Z,South Korea
184,https://newskarnataka.com/,Google,3,Official,Regional Indian digital newspaper covering Karnataka state news.,1,No,2025-10-16T18:00:00.000000Z,2025-10-16T18:00:00.000000Z,India
790,https://newsnasha.com/,Google,3,Unofficial,https://newsnasha.com/,1,Yes,2026-01-23T00:32:53.000000Z,2026-01-23T00:32:53.000000Z,India
927,https://newsnationtv.com/,Google,3,Unofficial,https://newsnationtv.com/,1,Yes,2026-02-17T01:27:05.000000Z,2026-02-17T01:27:05.000000Z,India
185,https://newsofnepal.com/,Google,3,Official,Nepali-language online newspaper providing national and international updates.,1,No,2025-10-16T18:00:00.000000Z,2025-10-16T18:00:00.000000Z,Nepal
1048,https://newsonair.gov.in/,Google,3,Unofficial,https://newsonair.gov.in/,1,Yes,2026-03-31T02:01:31.000000Z,2026-03-31T02:01:31.000000Z,India
1202,https://newsweekjapan.jp/,Google,3,Unofficial,https://newsweekjapan.jp/,1,Yes,2026-05-30T08:44:10.000000Z,2026-05-30T08:44:10.000000Z,Japan
1040,https://newswise.com/,Google,3,Unofficial,https://newswise.com/,1,Yes,2026-03-24T14:57:41.000000Z,2026-03-24T14:57:41.000000Z,United States
1025,https://newswit.com/,Google,3,Unofficial,https://newswit.com/,1,Yes,2026-03-03T01:02:57.000000Z,2026-03-03T01:02:57.000000Z,Thailand
1159,https://newszoom.kr/,Google,3,Unofficial,https://newszoom.kr/,1,Yes,2026-05-26T08:56:02.000000Z,2026-05-26T08:56:02.000000Z,South Korea
1061,https://newvision.co.ug/,Google,3,Unofficial,https://newvision.co.ug/,1,Yes,2026-04-17T00:10:01.000000Z,2026-04-17T00:10:01.000000Z,Uganda
729,https://newzimbabwe.com/,Google,3,Unofficial,https://newzimbabwe.com/,1,Yes,2026-01-20T10:27:43.000000Z,2026-01-20T10:27:43.000000Z,Zimbabwe
186,https://ngaynay.vn/,Google,3,Official,Vietnamese digital news and lifestyle magazine.,1,No,2025-10-16T18:00:00.000000Z,2025-10-16T18:00:00.000000Z,Vietnam
1260,https://nghean24h.vn/,Google,3,Unofficial,https://nghean24h.vn/,1,Yes,2026-07-10T08:07:39.000000Z,2026-07-10T08:07:39.000000Z,Vietnam
724,https://nguoi-noi-tieng.com/,Google,3,Unofficial,https://nguoi-noi-tieng.com/,1,Yes,2026-01-15T08:19:20.000000Z,2026-01-15T08:19:20.000000Z,Vietnam
726,https://nguoiduatin.vn/,Google,3,Unofficial,https://nguoiduatin.vn/,1,Yes,2026-01-18T18:50:19.000000Z,2026-01-18T18:50:19.000000Z,Vietnam
1289,https://nguonluc.com.vn/,Google,3,Unofficial,https://nguonluc.com.vn/,1,Yes,2026-07-19T09:30:03.000000Z,2026-07-19T09:30:03.000000Z,Vietnam
772,https://nhachannuoi.vn/,Google,3,Unofficial,https://nhachannuoi.vn/,1,Yes,2026-01-22T08:41:42.000000Z,2026-01-22T08:41:42.000000Z,Vietnam
187,https://nhandan.vn/,Google,3,Official,Official newspaper of the Communist Party of Vietnam.,1,No,2025-10-16T18:00:00.000000Z,2025-10-16T18:00:00.000000Z,Vietnam
188,https://nieuws.nl/,Google,3,Official,Dutch online portal delivering national and local news updates.,1,No,2025-10-16T18:00:00.000000Z,2025-10-16T18:00:00.000000Z,Netherlands
926,https://nigeriainfo.fm/,Google,3,Unofficial,https://nigeriainfo.fm/,1,Yes,2026-02-14T03:33:22.000000Z,2026-02-14T03:33:22.000000Z,Nigeria
189,https://nikvesti.com/,Google,3,Official,Ukrainian regional news outlet based in Mykolaiv.,1,No,2025-10-16T18:00:00.000000Z,2025-10-16T18:00:00.000000Z,Ukraine
703,https://nj.com/,Google,3,Unofficial,https://nj.com/,1,Yes,2025-12-31T00:58:15.000000Z,2025-12-31T00:58:15.000000Z,United States
190,https://nkytribune.com/,Google,3,Official,Local U.S. news platform focused on Northern Kentucky region.,1,No,2025-10-16T18:00:00.000000Z,2025-10-16T18:00:00.000000Z,United States
191,https://nld.com.vn/,Google,3,Official,Vietnamese national newspaper providing socio-political and economic news.,1,No,2025-10-16T18:00:00.000000Z,2025-10-16T18:00:00.000000Z,Vietnam
1291,https://nokorwatnews.com/,Google,3,Unofficial,https://nokorwatnews.com/,1,Yes,2026-07-21T09:49:54.000000Z,2026-07-21T09:49:54.000000Z,Cambodia
945,https://nongmin.com/,Google,3,Unofficial,https://nongmin.com/,1,Yes,2026-02-20T13:19:42.000000Z,2026-02-20T13:19:42.000000Z,South Korea
971,https://nongnghiephuuco.vn/,Google,3,Unofficial,https://nongnghiephuuco.vn/,1,Yes,2026-02-24T01:10:25.000000Z,2026-02-24T01:10:25.000000Z,Vietnam
668,https://nongnghiepmoitruong.vn/,Google,3,Unofficial,https://nongnghiepmoitruong.vn/,1,Yes,2025-12-18T02:14:08.000000Z,2025-12-18T02:14:08.000000Z,Vietnam
854,https://nongsaeng.go.th/,Google,3,Unofficial,https://nongsaeng.go.th/,1,Yes,2026-01-28T09:15:24.000000Z,2026-01-28T09:15:24.000000Z,Thailand
637,https://noovo.info/,Google,3,Unofficial,https://noovo.info/,1,Yes,2025-12-16T01:11:14.000000Z,2025-12-16T01:11:14.000000Z,Canada
192,https://northeastnow.com/,Google,3,Official,Indian online news portal focusing on Northeast India coverage.,1,No,2025-10-16T18:00:00.000000Z,2025-10-16T18:00:00.000000Z,India
1196,https://nownews.seoul.co.kr/,Google,3,Unofficial,https://nownews.seoul.co.kr/,1,Yes,2026-05-29T08:28:11.000000Z,2026-05-29T08:28:11.000000Z,South Korea
1210,https://ntdtv.com/,Google,3,Unofficial,https://ntdtv.com/,1,Yes,2026-05-31T08:45:32.000000Z,2026-05-31T08:45:32.000000Z,United States
1045,https://ntnews.com.au/,Google,3,Unofficial,https://ntnews.com.au/,1,Yes,2026-03-28T14:20:09.000000Z,2026-03-28T14:20:09.000000Z,Australia
1161,https://ntvnews.id/,Google,3,Unofficial,https://ntvnews.id/,1,Yes,2026-05-27T08:08:00.000000Z,2026-05-27T08:08:00.000000Z,Indonesia
193,https://nusantara-news.co/,Google,3,Unofficial,Indonesian independent online news portal publishing various national issues.,1,No,2025-10-16T18:00:00.000000Z,2025-10-16T18:00:00.000000Z,Indonesia
194,https://nversia.ru/,Google,3,Official,Russian regional online portal covering Saratov region news.,1,No,2025-10-16T18:00:00.000000Z,2025-10-16T18:00:00.000000Z,Russia
829,https://nypost.com/,Google,3,Unofficial,https://nypost.com/,1,Yes,2026-01-27T02:17:19.000000Z,2026-01-27T02:17:19.000000Z,United States
639,https://nytimes.com/,Google,3,Unofficial,https://nytimes.com/,1,Yes,2025-12-16T01:14:52.000000Z,2025-12-16T01:14:52.000000Z,United States
1160,https://nz.news.yahoo.com/,Google,3,Unofficial,https://nz.news.yahoo.com/,1,Yes,2026-05-26T08:56:39.000000Z,2026-05-26T08:56:39.000000Z,New Zealand
628,https://odh.ohio.gov/,Google,3,Unofficial,https://odh.ohio.gov/,1,Yes,2025-12-16T01:02:59.000000Z,2025-12-16T01:02:59.000000Z,United States
195,https://odishatv.in/,Google,3,Official,Indian regional news channel&quot;’&quot;s online portal providing live and breaking updates.,1,No,2025-10-16T18:00:00.000000Z,2025-10-16T18:00:00.000000Z,India
196,https://oklahoma.gov/,Chart,12,Official,"Official government portal for the state of Oklahoma, USA.",1,No,2025-10-16T18:00:00.000000Z,2025-10-16T18:00:00.000000Z,United States
1189,https://omandaily.om/,Google,3,Unofficial,https://omandaily.om/,1,Yes,2026-05-28T08:36:48.000000Z,2026-05-28T08:36:48.000000Z,Oman
197,https://ommcomnews.com/,Google,3,Official,Indian Odisha-based online media publishing political and development news.,1,No,2025-10-16T18:00:00.000000Z,2025-10-16T18:00:00.000000Z,India
198,https://onenewstvchannel.com/,Local News,7,Unofficial,An online TV news channel providing local and international news coverage.,1,No,2025-10-13T22:27:00.000000Z,2025-10-13T22:27:00.000000Z,Pakistan
631,https://opb.org/,Google,3,Unofficial,https://opb.org/,1,Yes,2025-12-16T01:08:35.000000Z,2025-12-16T01:08:35.000000Z,United States
799,https://opendata.ddc.moph.go.th/,Google,3,Unofficial,https://opendata.ddc.moph.go.th/,1,Yes,2026-01-23T03:01:48.000000Z,2026-01-23T03:01:48.000000Z,Thailand
842,https://optometryadvisor.com/,Google,3,Unofficial,https://optometryadvisor.com/,1,Yes,2026-01-27T15:00:35.000000Z,2026-01-27T15:00:35.000000Z,United States
633,https://oregonlive.com/,Google,3,Unofficial,https://oregonlive.com/,1,Yes,2025-12-16T01:08:48.000000Z,2025-12-16T01:08:48.000000Z,United States
199,https://organiser.org/,Local News,7,Official,Indian weekly publication covering socio-political topics and cultural news.,1,No,2025-10-13T22:27:00.000000Z,2025-10-13T22:27:00.000000Z,India
789,https://organizeindia.in/,Google,3,Unofficial,https://organizeindia.in/,1,Yes,2026-01-23T00:32:44.000000Z,2026-01-23T00:32:44.000000Z,India
1278,https://orientaldaily.com.my/,Google,3,Unofficial,https://orientaldaily.com.my/,1,Yes,2026-07-15T08:41:38.000000Z,2026-07-15T08:41:38.000000Z,Malaysia
837,https://osthessen-news.de/,Google,3,Unofficial,https://osthessen-news.de/,1,Yes,2026-01-27T06:53:08.000000Z,2026-01-27T06:53:08.000000Z,Germany
881,https://ostsee-zeitung.de/,Google,3,Unofficial,https://ostsee-zeitung.de/,1,Yes,2026-02-04T15:47:38.000000Z,2026-02-04T15:47:38.000000Z,Germany
200,https://ottawacitizen.com/,Local News,7,Official,"Canadian news outlet covering Ottawa and national events, politics, and lifestyle.",1,No,2025-10-13T22:27:00.000000Z,2025-10-13T22:27:00.000000Z,Canada
1252,https://ottumwacourier.com/,Google,3,Unofficial,https://ottumwacourier.com/,1,Yes,2026-07-07T09:14:28.000000Z,2026-07-07T09:14:28.000000Z,United States
201,https://outbreaknewstoday.substack.com/,HTML,8,Unofficial,Health-focused publication reporting global outbreaks and public health updates.,1,No,2025-10-13T22:27:00.000000Z,2025-10-13T22:27:00.000000Z,United States
1239,https://outlookindia.com/,Google,3,Unofficial,https://outlookindia.com/,1,Yes,2026-07-01T00:17:17.000000Z,2026-07-01T00:17:17.000000Z,India
886,https://outsideonline.com/,Google,3,Unofficial,https://outsideonline.com/,1,Yes,2026-02-04T19:09:58.000000Z,2026-02-04T19:09:58.000000Z,United States
827,https://ozgunkocaeli.com.tr/,Google,3,Unofficial,https://ozgunkocaeli.com.tr/,1,Yes,2026-01-26T17:33:38.000000Z,2026-01-26T17:33:38.000000Z,Turkey
749,https://pacificcross.com.vn/,Google,3,Unofficial,https://pacificcross.com.vn/,1,Yes,2026-01-20T21:51:54.000000Z,2026-01-20T21:51:54.000000Z,Vietnam
202,https://padang.tribunnews.com/,Local News,7,Official,Regional news portal of Tribunnews covering Padang and West Sumatra region.,1,No,2025-10-13T22:27:00.000000Z,2025-10-13T22:27:00.000000Z,Indonesia
203,https://padek.jawapos.com/,Local News,7,Official,"Padang Ekspres, part of Jawa Pos network, providing local and national news.",1,No,2025-10-13T22:27:00.000000Z,2025-10-13T22:27:00.000000Z,Indonesia
680,https://pahami.id/,Google,3,Unofficial,https://pahami.id/,1,Yes,2025-12-22T19:35:37.000000Z,2025-12-22T19:35:37.000000Z,Indonesia
204,https://palawan-news.com/,Local News,7,Unofficial,"Local news portal focused on Palawan, Philippines, covering politics, environment, and society.",1,No,2025-10-13T22:27:00.000000Z,2025-10-13T22:27:00.000000Z,Philippines
205,https://paltv.disway.id/,Local News,7,Official,Disway regional branch for Palu TV-based local and national news updates.,1,No,2025-10-13T22:27:00.000000Z,2025-10-13T22:27:00.000000Z,Indonesia
206,https://papuabarat.antaranews.com/,Official Government Sites,4,Official,Antara News regional site for West Papua province.,1,No,2025-10-13T22:27:00.000000Z,2025-10-13T22:27:00.000000Z,Indonesia
626,https://passeportsante.net/,Google,3,Unofficial,https://passeportsante.net/,1,Yes,2025-12-16T00:52:00.000000Z,2025-12-16T00:52:00.000000Z,France
1174,https://patrolipost.com/,Google,3,Unofficial,https://patrolipost.com/,1,Yes,2026-05-28T08:02:35.000000Z,2026-05-28T08:02:35.000000Z,Indonesia
207,https://pekanbaru.tribunnews.com/,Local News,7,Official,Regional news portal of Tribunnews covering Pekanbaru and Riau region.,1,No,2025-10-13T22:27:00.000000Z,2025-10-13T22:27:00.000000Z,Indonesia
903,https://pentapostagma.gr/,Google,3,Unofficial,https://pentapostagma.gr/,1,Yes,2026-02-09T02:04:17.000000Z,2026-02-09T02:04:17.000000Z,Greece
208,https://peopledaily.digital/,Local News,7,Unofficial,Digital news platform delivering global and regional updates on society and business.,1,No,2025-10-13T22:27:00.000000Z,2025-10-13T22:27:00.000000Z,United Kingdom
1070,https://peraknew.com/,Google,3,Unofficial,https://peraknew.com/,1,Yes,2026-05-04T19:41:31.000000Z,2026-05-04T19:41:31.000000Z,Malaysia
209,https://phim.health.gov.mw/,Official Government Sites,4,Official,Public Health Institute of Malawi providing national health data and reports.,1,No,2025-10-13T22:27:00.000000Z,2025-10-13T22:27:00.000000Z,Malawi
942,https://phunuonline.com.vn/,Google,3,Unofficial,https://phunuonline.com.vn/,1,Yes,2026-02-20T08:21:07.000000Z,2026-02-20T08:21:07.000000Z,Vietnam
907,https://phunuphapluat.nguoiduatin.vn/,Google,3,Unofficial,https://phunuphapluat.nguoiduatin.vn/,1,Yes,2026-02-09T05:03:52.000000Z,2026-02-09T05:03:52.000000Z,Vietnam
1069,https://phunutoday.vn/,Google,3,Unofficial,https://phunutoday.vn/,1,Yes,2026-05-02T00:10:34.000000Z,2026-05-02T00:10:34.000000Z,Vietnam
999,https://phunuvietnam.vn/,Google,3,Unofficial,https://phunuvietnam.vn/,1,Yes,2026-02-27T08:23:42.000000Z,2026-02-27T08:23:42.000000Z,Vietnam
210,https://pia.gov.ph/,Official Government Sites,4,Official,Philippine Information Agency official site for government communications.,1,No,2025-10-13T22:27:00.000000Z,2025-10-13T22:27:00.000000Z,Philippines
882,https://pisatoday.it/,Google,3,Unofficial,https://pisatoday.it/,1,Yes,2026-02-04T15:52:53.000000Z,2026-02-04T15:52:53.000000Z,Italy
978,https://plo.vn/,Google,3,Unofficial,https://plo.vn/,1,Yes,2026-02-24T10:13:53.000000Z,2026-02-24T10:13:53.000000Z,Vietnam
211,https://pmnewsnigeria.com/,Local News,7,Official,"Online Nigerian news platform providing national, business, and entertainment updates.",1,No,2025-10-13T22:27:00.000000Z,2025-10-13T22:27:00.000000Z,Nigeria
840,https://policycircle.org/,Google,3,Unofficial,https://policycircle.org/,1,Yes,2026-01-27T08:39:23.000000Z,2026-01-27T08:39:23.000000Z,India
212,https://pontianak.tribunnews.com/,Local News,7,Official,"Tribunnews portal for Pontianak region, reporting local and national stories.",1,No,2025-10-13T22:27:00.000000Z,2025-10-13T22:27:00.000000Z,Indonesia
1091,https://pontianakpost.jawapos.com/,Google,3,Unofficial,https://pontianakpost.jawapos.com/,1,Yes,2026-05-22T02:11:25.000000Z,2026-05-22T02:11:25.000000Z,Indonesia
213,https://portal.lviv.ua/,Local News,7,Official,Local Ukrainian news portal covering events and reports from Lviv region.,1,No,2025-10-13T22:27:00.000000Z,2025-10-13T22:27:00.000000Z,Ukraine
1118,https://portugalresident.com/,Google,3,Unofficial,https://portugalresident.com/,1,Yes,2026-05-25T08:13:30.000000Z,2026-05-25T08:13:30.000000Z,Portugal
1262,https://positiveanglenews.com/,Google,3,Unofficial,https://positiveanglenews.com/,1,Yes,2026-07-10T08:18:38.000000Z,2026-07-10T08:18:38.000000Z,India
1108,https://postkhmer.com/,Google,3,Unofficial,https://postkhmer.com/,1,Yes,2026-05-25T00:50:45.000000Z,2026-05-25T00:50:45.000000Z,Cambodia
1089,https://posttoday.com/,Google,3,Unofficial,https://posttoday.com/,1,Yes,2026-05-21T00:53:24.000000Z,2026-05-21T00:53:24.000000Z,Thailand
958,https://pptvhd36.com/,Google,3,Unofficial,https://pptvhd36.com/,1,Yes,2026-02-23T09:24:59.000000Z,2026-02-23T09:24:59.000000Z,Thailand
1283,https://pr.moph.go.th/,Google,3,Unofficial,https://pr.moph.go.th/,1,Yes,2026-07-16T08:07:30.000000Z,2026-07-16T08:07:30.000000Z,Thailand
214,https://prahaar.in/,Local News,7,Official,Indian Marathi-language news portal covering regional and national topics.,1,No,2025-10-13T22:27:00.000000Z,2025-10-13T22:27:00.000000Z,India
969,https://prd.go.th/,Google,3,Unofficial,https://prd.go.th/,1,Yes,2026-02-24T01:07:32.000000Z,2026-02-24T01:07:32.000000Z,Thailand
742,https://premiumtimesng.com/,Google,3,Unofficial,https://premiumtimesng.com/,1,Yes,2026-01-20T16:19:12.000000Z,2026-01-20T16:19:12.000000Z,Nigeria
215,https://primamedia.ru/,Local News,7,Official,Russian Far East regional news agency providing economy and politics coverage.,1,No,2025-10-13T22:27:00.000000Z,2025-10-13T22:27:00.000000Z,Russia
716,https://primo.co.th/,Google,3,Unofficial,https://primo.co.th/,1,Yes,2026-01-08T01:59:37.000000Z,2026-01-08T01:59:37.000000Z,Thailand
1026,https://probolinggokota.go.id/,Google,3,Unofficial,https://probolinggokota.go.id/,1,Yes,2026-03-05T08:11:48.000000Z,2026-03-05T08:11:48.000000Z,Indonesia
216,https://prohaba.tribunnews.com/,Local News,7,Official,Tribunnews Aceh regional site focusing on community news and local events.,1,No,2025-10-13T22:27:00.000000Z,2025-10-13T22:27:00.000000Z,Indonesia
217,https://promedmail.org/,HTML,8,Official,Global reporting system for emerging diseases and outbreaks from health professionals.,1,No,2025-10-13T22:27:00.000000Z,2025-10-13T22:27:00.000000Z,Global
218,https://pronedra.ru/,Local News,7,Unofficial,"Russian-language online news portal covering energy, politics, and economy.",1,No,2025-10-13T22:27:00.000000Z,2025-10-13T22:27:00.000000Z,Russia
219,https://prooren.ru/,Local News,7,Unofficial,Regional news portal from Russia covering Orenburg region.,1,No,2025-10-13T22:27:00.000000Z,2025-10-13T22:27:00.000000Z,Russia
845,https://pscd.prd.go.th/,Google,3,Unofficial,https://pscd.prd.go.th/,1,Yes,2026-01-27T15:29:14.000000Z,2026-01-27T15:29:14.000000Z,Thailand
220,https://publications.aap.org/,JSON,9,Official,Official publications site for the American Academy of Pediatrics.,1,No,2025-10-13T22:27:00.000000Z,2025-10-13T22:27:00.000000Z,United States
221,https://punchng.com/,Local News,7,Official,"One of Nigeria&quot;’&quot;s leading newspapers covering politics, business, and entertainment.",1,No,2025-10-13T22:27:00.000000Z,2025-10-13T22:27:00.000000Z,Nigeria
222,https://punto.com.ph/,Local News,7,Unofficial,Local Filipino news outlet reporting community events and public affairs.,1,No,2025-10-13T22:27:00.000000Z,2025-10-13T22:27:00.000000Z,Philippines
839,https://qare.fr/,Google,3,Unofficial,https://qare.fr/,1,Yes,2026-01-27T07:44:30.000000Z,2026-01-27T07:44:30.000000Z,France
223,https://qazinform.com/,Local News,7,Official,Kazinform – Kazakhstan&quot;’&quot;s official news agency providing national and international news.,1,No,2025-10-13T22:27:00.000000Z,2025-10-13T22:27:00.000000Z,Kazakhstan
1204,https://qna.org.qa/,Google,3,Unofficial,https://qna.org.qa/,1,Yes,2026-05-30T08:59:42.000000Z,2026-05-30T08:59:42.000000Z,Qatar
1209,https://qnews.com.au/,Google,3,Unofficial,https://qnews.com.au/,1,Yes,2026-05-31T08:32:35.000000Z,2026-05-31T08:32:35.000000Z,Australia
224,https://quadratin.com/,Local News,7,Official,Quadratín – Mexican news agency network with local and national coverage.,1,No,2025-10-13T22:27:00.000000Z,2025-10-13T22:27:00.000000Z,Mexico
225,https://quezoncity.gov.ph/,Official Government Sites,4,Official,Official website of Quezon City government providing public services and news.,1,No,2025-10-13T22:27:00.000000Z,2025-10-13T22:27:00.000000Z,Philippines
226,https://radarbanjarmasin.jawapos.com/,Local News,7,Official,Jawa Pos regional site for Banjarmasin providing local and business news.,1,No,2025-10-13T22:27:00.000000Z,2025-10-13T22:27:00.000000Z,Indonesia
227,https://radarbanyumas.disway.id/,Local News,7,Official,Local Banyumas news site under Disway network.,1,No,2025-10-13T22:27:00.000000Z,2025-10-13T22:27:00.000000Z,Indonesia
228,https://radarbengkulu.disway.id/,Local News,7,Official,Regional Bengkulu news portal managed by Disway group.,1,No,2025-10-13T22:27:00.000000Z,2025-10-13T22:27:00.000000Z,Indonesia
229,https://radarbromo.jawapos.com/,Local News,7,Official,"Jawa Pos regional branch covering Probolinggo, Pasuruan, and East Java news.",1,No,2025-10-13T22:27:00.000000Z,2025-10-13T22:27:00.000000Z,Indonesia
230,https://radarjember.jawapos.com/,Local News,7,Official,Jawa Pos branch providing local news from Jember area.,1,No,2025-10-13T22:27:00.000000Z,2025-10-13T22:27:00.000000Z,Indonesia
231,https://radarjogja.jawapos.com/,Local News,7,Official,Jawa Pos Yogyakarta edition providing regional updates and local coverage.,1,No,2025-10-13T22:27:00.000000Z,2025-10-13T22:27:00.000000Z,Indonesia
12,https://radarjogja.jawapos.com/jogja/656071866/potensi-demam-berdarah-dengue-dbd-meningkat-selama-kemarau-basah-dinkes-kota-jogja-hingga-mei-2025-sudah-ada-161-kasus,Google,3,Official,radar Jogja,1,No,2025-08-04T05:49:58.000000Z,2025-08-04T05:49:58.000000Z,Indonesia
232,https://radarlamongan.jawapos.com/,Local News,7,Official,Local Lamongan-based news site under Jawa Pos network.,1,No,2025-10-13T22:27:00.000000Z,2025-10-13T22:27:00.000000Z,Indonesia
233,https://radarmadiun.jawapos.com/,Local News,7,Official,Jawa Pos Madiun edition covering East Java&quot;’&quot;s Madiun region.,1,No,2025-10-13T22:27:00.000000Z,2025-10-13T22:27:00.000000Z,Indonesia
234,https://radarmalang.jawapos.com/,Local News,7,Official,Jawa Pos Malang edition providing East Java local news.,1,No,2025-10-13T22:27:00.000000Z,2025-10-13T22:27:00.000000Z,Indonesia
235,https://radarmojokerto.jawapos.com/,Local News,7,Official,Jawa Pos Mojokerto edition providing regional updates.,1,No,2025-10-13T22:27:00.000000Z,2025-10-13T22:27:00.000000Z,Indonesia
236,https://radarsolo.jawapos.com/,Local News,7,Official,Jawa Pos Solo edition providing local and business news.,1,No,2025-10-13T22:27:00.000000Z,2025-10-13T22:27:00.000000Z,Indonesia
1047,https://radartuban.jawapos.com/,Google,3,Unofficial,https://radartuban.jawapos.com/,1,Yes,2026-03-30T08:14:55.000000Z,2026-03-30T08:14:55.000000Z,Indonesia
237,https://radartulungagung.jawapos.com/,Local News,7,Official,Jawa Pos Tulungagung edition reporting local events and East Java updates.,1,No,2025-10-13T22:27:00.000000Z,2025-10-13T22:27:00.000000Z,Indonesia
238,https://radioetoil.com/,Local News,7,Unofficial,Online radio station offering talk shows and news programs.,1,No,2025-10-13T22:27:00.000000Z,2025-10-13T22:27:00.000000Z,Haiti
239,https://radyopilipinas.ph/,Official Government Sites,4,Official,Official government radio network of the Philippines providing national information.,1,No,2025-10-13T22:27:00.000000Z,2025-10-13T22:27:00.000000Z,Philippines
884,https://rainews.it/,Google,3,Unofficial,https://rainews.it/,1,Yes,2026-02-04T15:53:02.000000Z,2026-02-04T15:53:02.000000Z,Italy
889,https://rajexpress.com/,Google,3,Unofficial,https://rajexpress.com/,1,Yes,2026-02-04T21:23:43.000000Z,2026-02-04T21:23:43.000000Z,India
908,https://raptorpersecutionuk.org/,Google,3,Unofficial,https://raptorpersecutionuk.org/,1,Yes,2026-02-11T20:38:54.000000Z,2026-02-11T20:38:54.000000Z,United Kingdom
1236,https://rata.lk/,Google,3,Unofficial,https://rata.lk/,1,Yes,2026-06-23T08:59:03.000000Z,2026-06-23T08:59:03.000000Z,Sri Lanka
870,https://ratchaburi.prd.go.th/,Google,3,Unofficial,https://ratchaburi.prd.go.th/,1,Yes,2026-02-03T00:04:40.000000Z,2026-02-03T00:04:40.000000Z,Thailand
240,https://rbtv.disway.id/,Local News,7,Official,Disway-affiliated regional broadcaster reporting local and national news.,1,No,2025-10-13T22:27:00.000000Z,2025-10-13T22:27:00.000000Z,Indonesia
1102,https://rctiplus.com/,Google,3,Unofficial,https://rctiplus.com/,1,Yes,2026-05-24T21:12:28.000000Z,2026-05-24T21:12:28.000000Z,Indonesia
1217,https://regional.espos.id/,Google,3,Unofficial,https://regional.espos.id/,1,Yes,2026-06-03T02:15:01.000000Z,2026-06-03T02:15:01.000000Z,Indonesia
241,https://regional.kompas.com/,Local News,7,Official,Regional segment of Kompas.com covering local and provincial Indonesian news.,1,No,2025-10-13T22:27:00.000000Z,2025-10-13T22:27:00.000000Z,Indonesia
1002,https://regionriverina.com.au/,Google,3,Unofficial,https://regionriverina.com.au/,1,Yes,2026-02-27T13:48:54.000000Z,2026-02-27T13:48:54.000000Z,Australia
242,https://rejabar.republika.co.id/,Local News,7,Official,Republika regional portal for West Java region.,1,No,2025-10-13T22:27:00.000000Z,2025-10-13T22:27:00.000000Z,Indonesia
243,https://rejogja.republika.co.id/,Local News,7,Official,Republika regional portal for Yogyakarta region.,1,No,2025-10-13T22:27:00.000000Z,2025-10-13T22:27:00.000000Z,Indonesia
244,https://reliefweb.int/,HTML,8,Official,Global humanitarian information service by the UN Office for the Coordination of Humanitarian Affairs.,1,No,2025-10-13T22:27:00.000000Z,2025-10-13T22:27:00.000000Z,Global
245,https://remate.ph/,Local News,7,Unofficial,"Philippine news portal covering crime, entertainment, and local news.",1,No,2025-10-13T22:27:00.000000Z,2025-10-13T22:27:00.000000Z,Philippines
774,https://retractionwatch.com/,Google,3,Unofficial,https://retractionwatch.com/,1,Yes,2026-01-22T10:02:14.000000Z,2026-01-22T10:02:14.000000Z,United States
1115,https://riau.suara.com/,Google,3,Unofficial,https://riau.suara.com/,1,Yes,2026-05-25T02:11:11.000000Z,2026-05-25T02:11:11.000000Z,Indonesia
1116,https://riaueditor.com/,Google,3,Unofficial,https://riaueditor.com/,1,Yes,2026-05-25T02:12:01.000000Z,2026-05-25T02:12:01.000000Z,Indonesia
246,https://risingnepaldaily.com/,Local News,7,Official,Official English-language newspaper of Nepal.,1,No,2025-10-13T22:27:00.000000Z,2025-10-13T22:27:00.000000Z,Nepal
247,https://rmn.ph/,Local News,7,Official,Radio Mindanao Network official news site providing nationwide coverage.,1,No,2025-10-13T22:27:00.000000Z,2025-10-13T22:27:00.000000Z,Philippines
1229,https://rnz.co.nz/,Google,3,Unofficial,https://rnz.co.nz/,1,Yes,2026-06-23T08:21:48.000000Z,2026-06-23T08:21:48.000000Z,New Zealand
912,https://rollingstone.com/,Google,3,Unofficial,https://rollingstone.com/,1,Yes,2026-02-12T00:32:35.000000Z,2026-02-12T00:32:35.000000Z,United States
248,https://ronggo.id/,Local News,7,Unofficial,Local Indonesian digital news platform providing regional updates.,1,No,2025-10-13T22:27:00.000000Z,2025-10-13T22:27:00.000000Z,Indonesia
249,https://rpnradio.com/,Local News,7,Official,Radio Philippines Network providing national news and entertainment.,1,No,2025-10-13T22:27:00.000000Z,2025-10-13T22:27:00.000000Z,Philippines
250,https://rri.co.id/,Official Government Sites,4,Official,Official Indonesian public radio broadcaster providing national news and information.,1,No,2025-10-13T22:27:00.000000Z,2025-10-13T22:27:00.000000Z,Indonesia
1094,https://ruangriau.com/,Google,3,Unofficial,https://ruangriau.com/,1,Yes,2026-05-24T02:11:15.000000Z,2026-05-24T02:11:15.000000Z,Indonesia
864,https://ruralradio.com/,Google,3,Unofficial,https://ruralradio.com/,1,Yes,2026-02-02T02:45:29.000000Z,2026-02-02T02:45:29.000000Z,United States
1113,https://ryt9.com/,Google,3,Unofficial,https://ryt9.com/,1,Yes,2026-05-25T00:55:57.000000Z,2026-05-25T00:55:57.000000Z,Thailand
1197,https://saba.ye/,Google,3,Unofficial,https://saba.ye/,1,Yes,2026-05-29T08:34:53.000000Z,2026-05-29T08:34:53.000000Z,Yemen
251,https://sabahmedia.com/,Local News,7,Unofficial,Local Malaysian news outlet focused on Sabah regional issues.,1,No,2025-10-13T22:27:00.000000Z,2025-10-13T22:27:00.000000Z,Malaysia
1042,https://sanook.com/,Google,3,Unofficial,https://sanook.com/,1,Yes,2026-03-25T01:50:15.000000Z,2026-03-25T01:50:15.000000Z,Thailand
1232,https://santafenewmexican.com/,Google,3,Unofficial,https://santafenewmexican.com/,1,Yes,2026-06-23T08:42:05.000000Z,2026-06-23T08:42:05.000000Z,United States
1150,https://sbs.com.au/,Google,3,Unofficial,https://sbs.com.au/,1,Yes,2026-05-26T08:38:20.000000Z,2026-05-26T08:38:20.000000Z,Australia
640,https://scientificamerican.com/,Google,3,Unofficial,https://scientificamerican.com/,1,Yes,2025-12-16T01:14:59.000000Z,2025-12-16T01:14:59.000000Z,United States
1273,https://scooptw.com/,Google,3,Unofficial,https://scooptw.com/,1,Yes,2026-07-14T09:19:10.000000Z,2026-07-14T09:19:10.000000Z,Taiwan
1237,https://secretchina.com/,Google,3,Unofficial,https://secretchina.com/,1,Yes,2026-06-30T23:58:18.000000Z,2026-06-30T23:58:18.000000Z,China
252,https://sehatnegeriku.kemkes.go.id/,Official Government Sites,4,Official,Official Ministry of Health Indonesia site providing health campaigns and reports.,1,No,2025-10-13T22:27:00.000000Z,2025-10-13T22:27:00.000000Z,Indonesia
1251,https://setn.com/,Google,3,Unofficial,https://setn.com/,1,Yes,2026-07-07T08:36:43.000000Z,2026-07-07T08:36:43.000000Z,Taiwan
253,https://sg.news.yahoo.com/,Local News,7,Official,Yahoo! Singapore news aggregator covering international and regional updates.,1,No,2025-10-13T22:27:00.000000Z,2025-10-13T22:27:00.000000Z,Singapore
1059,https://shabiba.com/,Google,3,Unofficial,https://shabiba.com/,1,Yes,2026-04-15T02:48:37.000000Z,2026-04-15T02:48:37.000000Z,Oman
254,https://shafaq.com/,Local News,7,Unofficial,Iraqi independent news portal delivering national and regional updates.,1,No,2025-10-13T22:27:00.000000Z,2025-10-13T22:27:00.000000Z,Iraq
255,https://sheridanmedia.com/,Local News,7,Unofficial,US-based regional media outlet providing Wyoming news and talk radio.,1,No,2025-10-13T22:27:00.000000Z,2025-10-13T22:27:00.000000Z,United States
760,https://shropshirelive.com/,Google,3,Unofficial,https://shropshirelive.com/,1,Yes,2026-01-21T17:10:19.000000Z,2026-01-21T17:10:19.000000Z,United Kingdom
1099,https://siakapkeli.my/,Google,3,Unofficial,https://siakapkeli.my/,1,Yes,2026-05-24T20:58:02.000000Z,2026-05-24T20:58:02.000000Z,Malaysia
1044,https://siamnews.com/,Google,3,Unofficial,https://siamnews.com/,1,Yes,2026-03-26T01:55:59.000000Z,2026-03-26T01:55:59.000000Z,Thailand
256,https://siamrath.co.th/,Local News,7,Official,Thai-language news website covering national and entertainment news.,1,No,2025-10-13T22:27:00.000000Z,2025-10-13T22:27:00.000000Z,Thailand
257,https://sierraloaded.sl/,Local News,7,Unofficial,Sierra Leone-based online news portal delivering national and entertainment updates.,1,No,2025-10-13T22:27:00.000000Z,2025-10-13T22:27:00.000000Z,Sierra Leone
880,https://singtao.ca/,Google,3,Unofficial,https://singtao.ca/,1,Yes,2026-02-04T04:30:28.000000Z,2026-02-04T04:30:28.000000Z,Canada
1233,https://sinhala.asianmirror.lk/,Google,3,Unofficial,https://sinhala.asianmirror.lk/,1,Yes,2026-06-23T08:58:52.000000Z,2026-06-23T08:58:52.000000Z,Sri Lanka
679,https://smartraveller.gov.au/,Google,3,Unofficial,https://smartraveller.gov.au/,1,Yes,2025-12-18T04:28:02.000000Z,2025-12-18T04:28:02.000000Z,Australia
852,https://smartsumbar.com/,Google,3,Unofficial,https://smartsumbar.com/,1,Yes,2026-01-28T08:54:07.000000Z,2026-01-28T08:54:07.000000Z,Indonesia
754,https://smh.com.au/,Google,3,Unofficial,https://smh.com.au/,1,Yes,2026-01-21T10:20:55.000000Z,2026-01-21T10:20:55.000000Z,Australia
258,https://smninewschannel.com/,Local News,7,Official,Philippine-based SMNI News Channel broadcasting national and global reports.,1,No,2025-10-13T22:27:00.000000Z,2025-10-13T22:27:00.000000Z,Philippines
1032,https://sohuutritue.net.vn/,Google,3,Unofficial,https://sohuutritue.net.vn/,1,Yes,2026-03-13T08:22:18.000000Z,2026-03-13T08:22:18.000000Z,Vietnam
259,https://solo.tribunnews.com/,Local News,7,Official,Tribunnews site for Solo region providing local coverage.,1,No,2025-10-13T22:27:00.000000Z,2025-10-13T22:27:00.000000Z,Indonesia
260,https://solopos.espos.id/,Local News,7,Official,"Local news portal based in Solo, Central Java, Indonesia.",1,No,2025-10-13T22:27:00.000000Z,2025-10-13T22:27:00.000000Z,Indonesia
261,https://soloraya.harianjogja.com/,Local News,7,Official,Harian Jogja sub-portal for Solo Raya regional coverage.,1,No,2025-10-13T22:27:00.000000Z,2025-10-13T22:27:00.000000Z,Indonesia
1005,https://sondhitalk.com/,Google,3,Unofficial,https://sondhitalk.com/,1,Yes,2026-02-28T09:26:39.000000Z,2026-02-28T09:26:39.000000Z,Thailand
1224,https://soyte.hanoi.gov.vn/,Google,3,Unofficial,https://soyte.hanoi.gov.vn/,1,Yes,2026-06-22T19:34:29.000000Z,2026-06-22T19:34:29.000000Z,Vietnam
659,https://soyte.tuyenquang.gov.vn/,Google,3,Unofficial,https://soyte.tuyenquang.gov.vn/,1,Yes,2025-12-18T01:12:17.000000Z,2025-12-18T01:12:17.000000Z,Vietnam
1219,https://spectator.com.au/,Google,3,Unofficial,https://spectator.com.au/,1,Yes,2026-06-04T19:41:09.000000Z,2026-06-04T19:41:09.000000Z,Australia
1095,https://spiritriau.com/,Google,3,Unofficial,https://spiritriau.com/,1,Yes,2026-05-24T02:11:24.000000Z,2026-05-24T02:11:24.000000Z,Indonesia
653,https://springnews.co.th/,Google,3,Unofficial,https://springnews.co.th/,1,Yes,2025-12-18T00:30:50.000000Z,2025-12-18T00:30:50.000000Z,Thailand
262,https://srilankamirror.com/,Local News,7,Unofficial,Sri Lankan independent online news outlet.,1,No,2025-10-13T22:27:00.000000Z,2025-10-13T22:27:00.000000Z,Sri Lanka
263,https://steiermark.orf.at/,Local News,7,Official,Austrian Broadcasting Corporation regional portal for Styria.,1,No,2025-10-13T22:27:00.000000Z,2025-10-13T22:27:00.000000Z,Austria
856,https://stern.de/,Google,3,Unofficial,https://stern.de/,1,Yes,2026-02-01T19:52:48.000000Z,2026-02-01T19:52:48.000000Z,Germany
1186,https://stratnewsglobal.com/,Google,3,Unofficial,https://stratnewsglobal.com/,1,Yes,2026-05-28T08:30:41.000000Z,2026-05-28T08:30:41.000000Z,India
264,https://stthomassource.com/,Local News,7,Unofficial,US Virgin Islands online newspaper covering local and regional updates.,1,No,2025-10-13T22:27:00.000000Z,2025-10-13T22:27:00.000000Z,United States
1022,https://suara.com/,Google,3,Unofficial,https://suara.com/,1,Yes,2026-03-02T20:20:36.000000Z,2026-03-02T20:20:36.000000Z,Indonesia
265,https://suarabaru.id/,Local News,7,Unofficial,Indonesian local news portal covering various regional events.,1,No,2025-10-13T22:27:00.000000Z,2025-10-13T22:27:00.000000Z,Indonesia
1090,https://suarakalbar.co.id/,Google,3,Unofficial,https://suarakalbar.co.id/,1,Yes,2026-05-21T02:10:16.000000Z,2026-05-21T02:10:16.000000Z,Indonesia
266,https://suarantb.com/,Local News,7,Official,"Regional online newspaper covering West Nusa Tenggara, Indonesia.",1,No,2025-10-13T22:27:00.000000Z,2025-10-13T22:27:00.000000Z,Indonesia
673,https://suarasurabaya.net/,Google,3,Unofficial,https://suarasurabaya.net/,1,Yes,2025-12-18T03:42:58.000000Z,2025-12-18T03:42:58.000000Z,Indonesia
753,https://suckhoecong.vn/,Google,3,Unofficial,https://suckhoecong.vn/,1,Yes,2026-01-21T08:47:06.000000Z,2026-01-21T08:47:06.000000Z,Vietnam
1245,https://suckhoecongdongonline.vn/,Google,3,Unofficial,https://suckhoecongdongonline.vn/,1,Yes,2026-07-02T08:06:53.000000Z,2026-07-02T08:06:53.000000Z,Vietnam
648,https://suckhoedoisong.vn/,Google,3,Unofficial,https://suckhoedoisong.vn/,1,Yes,2025-12-16T21:40:55.000000Z,2025-12-16T21:40:55.000000Z,Vietnam
1253,https://suckhoemoitruong.com.vn/,Google,3,Unofficial,https://suckhoemoitruong.com.vn/,1,Yes,2026-07-07T09:29:37.000000Z,2026-07-07T09:29:37.000000Z,Vietnam
956,https://sudantribune.net/,Google,3,Unofficial,https://sudantribune.net/,1,Yes,2026-02-21T18:01:50.000000Z,2026-02-21T18:01:50.000000Z,Sudan
693,https://sukabumiupdate.com/,Google,3,Unofficial,https://sukabumiupdate.com/,1,Yes,2025-12-30T02:48:34.000000Z,2025-12-30T02:48:34.000000Z,Indonesia
267,https://sulsel.herald.id/,Local News,7,Unofficial,Local online news portal for South Sulawesi region.,1,No,2025-10-13T22:27:00.000000Z,2025-10-13T22:27:00.000000Z,Indonesia
268,https://sulteng.antaranews.com/,Official Government Sites,4,Official,Antara News Central Sulawesi regional portal.,1,No,2025-10-13T22:27:00.000000Z,2025-10-13T22:27:00.000000Z,Indonesia
935,https://sultramedia.id/,Google,3,Unofficial,https://sultramedia.id/,1,Yes,2026-02-19T08:12:28.000000Z,2026-02-19T08:12:28.000000Z,Indonesia
269,https://sumatra.bisnis.com/,Local News,7,Official,Bisnis Indonesia regional portal for Sumatra economic and business news.,1,No,2025-10-13T22:27:00.000000Z,2025-10-13T22:27:00.000000Z,Indonesia
1184,https://sunmedia.tw/,Google,3,Unofficial,https://sunmedia.tw/,1,Yes,2026-05-28T08:26:18.000000Z,2026-05-28T08:26:18.000000Z,Taiwan
270,https://surabaya.kompas.com/,Local News,7,Official,Kompas.com Surabaya regional portal covering East Java news.,1,No,2025-10-13T22:27:00.000000Z,2025-10-13T22:27:00.000000Z,Indonesia
271,https://surabaya.tribunnews.com/,Local News,7,Official,Tribunnews Surabaya regional portal reporting local and community updates.,1,No,2025-10-13T22:27:00.000000Z,2025-10-13T22:27:00.000000Z,Indonesia
773,https://surfcoastnews.com.au/,Google,3,Unofficial,https://surfcoastnews.com.au/,1,Yes,2026-01-22T10:01:56.000000Z,2026-01-22T10:01:56.000000Z,Australia
272,https://suryamalang.tribunnews.com/,Local News,7,Official,Tribunnews Malang edition providing East Java coverage.,1,No,2025-10-13T22:27:00.000000Z,2025-10-13T22:27:00.000000Z,Indonesia
1152,https://sydney.edu.au/,Google,3,Unofficial,https://sydney.edu.au/,1,Yes,2026-05-26T08:38:31.000000Z,2026-05-26T08:38:31.000000Z,Australia
273,https://t.media/,Local News,7,Unofficial,Media platform delivering curated content and global headlines.,1,No,2025-10-13T22:27:00.000000Z,2025-10-13T22:27:00.000000Z,Russia
1297,https://taiwanhot.net/,Google,3,Unofficial,https://taiwanhot.net/,1,Yes,2026-09-10T08:32:46.000000Z,2026-09-10T08:32:46.000000Z,Taiwan
879,https://talk.ltn.com.tw/,Google,3,Unofficial,https://talk.ltn.com.tw/,1,Yes,2026-02-04T03:59:10.000000Z,2026-02-04T03:59:10.000000Z,Taiwan
964,https://tamanhhospital.vn/,Google,3,Unofficial,https://tamanhhospital.vn/,1,Yes,2026-02-23T20:14:12.000000Z,2026-02-23T20:14:12.000000Z,Vietnam
274,https://tangselpos.id/,Local News,7,Unofficial,Local Tangerang Selatan digital news portal.,1,No,2025-10-13T22:27:00.000000Z,2025-10-13T22:27:00.000000Z,Indonesia
1183,https://taronews.tw/,Google,3,Unofficial,https://taronews.tw/,1,Yes,2026-05-28T08:26:16.000000Z,2026-05-28T08:26:16.000000Z,Taiwan
275,https://tass.ru/,Local News,7,Official,Russian state-owned news agency providing global and national coverage.,1,No,2025-10-13T22:27:00.000000Z,2025-10-13T22:27:00.000000Z,Russia
1017,https://tatimes.com.au/,Google,3,Unofficial,https://tatimes.com.au/,1,Yes,2026-03-02T13:38:53.000000Z,2026-03-02T13:38:53.000000Z,Australia
1215,https://tatoli.tl/,Google,3,Unofficial,https://tatoli.tl/,1,Yes,2026-06-03T02:13:44.000000Z,2026-06-03T02:13:44.000000Z,Timor-Leste
730,https://telanganatoday.com/,Google,3,Unofficial,https://telanganatoday.com/,1,Yes,2026-01-20T11:10:48.000000Z,2026-01-20T11:10:48.000000Z,India
276,https://tengrinews.kz/,Local News,7,Official,Kazakhstan&quot;’&quot;s popular online news portal with national and business updates.,1,No,2025-10-13T22:27:00.000000Z,2025-10-13T22:27:00.000000Z,Kazakhstan
277,https://ternate.tribunnews.com/,Local News,7,Official,Tribunnews regional portal for Ternate providing local updates.,1,No,2025-10-13T22:27:00.000000Z,2025-10-13T22:27:00.000000Z,Indonesia
905,https://texastribune.org/,Google,3,Unofficial,https://texastribune.org/,1,Yes,2026-02-09T03:54:09.000000Z,2026-02-09T03:54:09.000000Z,United States
793,https://th.yanhee.net/,Google,3,Unofficial,https://th.yanhee.net/,1,Yes,2026-01-23T02:26:24.000000Z,2026-01-23T02:26:24.000000Z,Thailand
951,https://thaich8.com/,Google,3,Unofficial,https://thaich8.com/,1,Yes,2026-02-21T09:24:52.000000Z,2026-02-21T09:24:52.000000Z,Thailand
725,https://thainewsonline.co/,Google,3,Unofficial,https://thainewsonline.co/,1,Yes,2026-01-18T18:47:21.000000Z,2026-01-18T18:47:21.000000Z,Thailand
617,https://thaipbs.or.th/,Google,3,Unofficial,https://thaipbs.or.th/,1,Yes,2025-12-11T20:01:48.000000Z,2025-12-11T20:01:48.000000Z,Thailand
681,https://thaipost.net/,Google,3,Unofficial,https://thaipost.net/,1,Yes,2025-12-22T19:40:38.000000Z,2025-12-22T19:40:38.000000Z,Thailand
722,https://thaipr.net/,Google,3,Unofficial,https://thaipr.net/,1,Yes,2026-01-12T07:47:51.000000Z,2026-01-12T07:47:51.000000Z,Thailand
619,https://thairath.co.th/,Google,3,Unofficial,https://thairath.co.th/,1,Yes,2025-12-11T20:02:13.000000Z,2025-12-11T20:02:13.000000Z,Thailand
750,https://thanglong.chinhphu.vn/,Google,3,Unofficial,https://thanglong.chinhphu.vn/,1,Yes,2026-01-21T08:10:51.000000Z,2026-01-21T08:10:51.000000Z,Vietnam
278,https://thanhnien.vn/,Local News,7,Official,Vietnamese national newspaper providing domestic and international news.,1,No,2025-10-13T22:27:00.000000Z,2025-10-13T22:27:00.000000Z,Vietnam
279,https://thanhtra.com.vn/,Official Government Sites,4,Official,Vietnam&quot;’&quot;s official inspection and anti-corruption news site.,1,No,2025-10-13T22:27:00.000000Z,2025-10-13T22:27:00.000000Z,Vietnam
666,https://thansettakij.com/,Google,3,Unofficial,https://thansettakij.com/,1,Yes,2025-12-18T01:48:17.000000Z,2025-12-18T01:48:17.000000Z,Thailand
1163,https://theannapurnaexpress.com/,Google,3,Unofficial,https://theannapurnaexpress.com/,1,Yes,2026-05-27T08:44:15.000000Z,2026-05-27T08:44:15.000000Z,Nepal
734,https://theaustralian.com.au/,Google,3,Unofficial,https://theaustralian.com.au/,1,Yes,2026-01-20T11:54:36.000000Z,2026-01-20T11:54:36.000000Z,Australia
1114,https://thebangkokinsight.com/,Google,3,Unofficial,https://thebangkokinsight.com/,1,Yes,2026-05-25T00:56:37.000000Z,2026-05-25T00:56:37.000000Z,Thailand
898,https://theberkshireedge.com/,Google,3,Unofficial,https://theberkshireedge.com/,1,Yes,2026-02-08T20:02:15.000000Z,2026-02-08T20:02:15.000000Z,United States
280,https://thechronicle.com.ph/,Local News,7,Unofficial,"Philippine-based news portal covering politics, current events, and social issues.",1,No,2025-10-16T15:00:00.000000Z,2025-10-16T15:00:00.000000Z,Philippines
613,https://theconversation.com/,Google,3,Unofficial,https://theconversation.com/,1,Yes,2025-12-11T01:55:56.000000Z,2025-12-11T01:55:56.000000Z,Australia
281,https://theedgemalaysia.com/,Local News,7,Official,Leading Malaysian business and financial news publication providing insights and analysis.,1,No,2025-10-16T15:00:00.000000Z,2025-10-16T15:00:00.000000Z,Malaysia
744,https://thegazellenews.com/,Google,3,Unofficial,https://thegazellenews.com/,1,Yes,2026-01-20T16:19:24.000000Z,2026-01-20T16:19:24.000000Z,Nigeria
939,https://thehawk.in/,Google,3,Unofficial,https://thehawk.in/,1,Yes,2026-02-19T13:39:37.000000Z,2026-02-19T13:39:37.000000Z,India
698,https://thehealthsite.com/,Google,3,Unofficial,https://thehealthsite.com/,1,Yes,2025-12-31T00:39:26.000000Z,2025-12-31T00:39:26.000000Z,India
891,https://theindiadaily.com/,Google,3,Unofficial,https://theindiadaily.com/,1,Yes,2026-02-04T21:23:51.000000Z,2026-02-04T21:23:51.000000Z,India
768,https://thelallantop.com/,Google,3,Unofficial,https://thelallantop.com/,1,Yes,2026-01-21T18:41:57.000000Z,2026-01-21T18:41:57.000000Z,India
785,https://thelucknowtribune.com/,Google,3,Unofficial,https://thelucknowtribune.com/,1,Yes,2026-01-23T00:32:18.000000Z,2026-01-23T00:32:18.000000Z,India
1119,https://themandarin.com.au/,Google,3,Unofficial,https://themandarin.com.au/,1,Yes,2026-05-25T08:18:50.000000Z,2026-05-25T08:18:50.000000Z,Australia
1198,https://thenationonlineng.net/,Google,3,Unofficial,https://thenationonlineng.net/,1,Yes,2026-05-30T08:36:33.000000Z,2026-05-30T08:36:33.000000Z,Nigeria
1041,https://thenewsmill.com/,Google,3,Unofficial,https://thenewsmill.com/,1,Yes,2026-03-25T01:42:01.000000Z,2026-03-25T01:42:01.000000Z,India
816,https://thepaper.cn/,Google,3,Unofficial,https://thepaper.cn/,1,Yes,2026-01-26T12:32:46.000000Z,2026-01-26T12:32:46.000000Z,China
282,https://thepatriot.in/,Local News,7,Unofficial,Indian digital newspaper focusing on national and cultural news coverage.,1,No,2025-10-16T15:00:00.000000Z,2025-10-16T15:00:00.000000Z,India
283,https://theprint.in/,Local News,7,Official,"Indian online news platform offering independent coverage of politics, defense, and economy.",1,No,2025-10-16T15:00:00.000000Z,2025-10-16T15:00:00.000000Z,India
284,https://thesouthfirst.com/,Local News,7,Unofficial,Independent digital media platform covering South India&quot;’&quot;s regional issues and governance.,1,No,2025-10-16T15:00:00.000000Z,2025-10-16T15:00:00.000000Z,India
929,https://thestandard.co/,Google,3,Unofficial,https://thestandard.co/,1,Yes,2026-02-18T09:24:18.000000Z,2026-02-18T09:24:18.000000Z,Thailand
897,https://thestar.ng/,Google,3,Unofficial,https://thestar.ng/,1,Yes,2026-02-08T19:40:38.000000Z,2026-02-08T19:40:38.000000Z,Nigeria
285,https://thesun.my/,Local News,7,Official,Malaysian English-language daily newspaper reporting local and global affairs.,1,No,2025-10-16T15:00:00.000000Z,2025-10-16T15:00:00.000000Z,Malaysia
286,https://thethaiger.com/,Local News,7,Unofficial,Thailand-based English news portal covering Thai and Southeast Asian news.,1,No,2025-10-16T15:00:00.000000Z,2025-10-16T15:00:00.000000Z,Thailand
287,https://thethaovanhoa.vn/,Local News,7,Official,Vietnamese news and cultural portal under Vietnam News Agency.,1,No,2025-10-16T15:00:00.000000Z,2025-10-16T15:00:00.000000Z,Vietnam
288,https://thewest.com.au/,Local News,7,Official,Australian daily news portal providing coverage of Western Australia and global updates.,1,No,2025-10-16T15:00:00.000000Z,2025-10-16T15:00:00.000000Z,Australia
289,https://thewhistler.ng/,Local News,7,Unofficial,"Nigerian independent online newspaper covering politics, business, and corruption.",1,No,2025-10-16T15:00:00.000000Z,2025-10-16T15:00:00.000000Z,Nigeria
1259,https://thiennhienmoitruong.vn/,Google,3,Unofficial,https://thiennhienmoitruong.vn/,1,Yes,2026-07-10T08:06:27.000000Z,2026-07-10T08:06:27.000000Z,Vietnam
1053,https://thieunien.vn/,Google,3,Unofficial,https://thieunien.vn/,1,Yes,2026-04-04T02:22:56.000000Z,2026-04-04T02:22:56.000000Z,Vietnam
702,https://thinkglobalhealth.org/,Google,3,Unofficial,https://thinkglobalhealth.org/,1,Yes,2025-12-31T00:58:06.000000Z,2025-12-31T00:58:06.000000Z,United States
895,https://thisdaylive.com/,Google,3,Unofficial,https://thisdaylive.com/,1,Yes,2026-02-08T19:40:15.000000Z,2026-02-08T19:40:15.000000Z,Nigeria
672,https://thuonghieucongluan.com.vn/,Google,3,Unofficial,https://thuonghieucongluan.com.vn/,1,Yes,2025-12-18T03:26:27.000000Z,2025-12-18T03:26:27.000000Z,Vietnam
966,https://thuvienphapluat.vn/,Google,3,Unofficial,https://thuvienphapluat.vn/,1,Yes,2026-02-24T00:59:30.000000Z,2026-02-24T00:59:30.000000Z,Vietnam
1054,https://tiasang.com.vn/,Google,3,Unofficial,https://tiasang.com.vn/,1,Yes,2026-04-04T02:22:59.000000Z,2026-04-04T02:22:59.000000Z,Vietnam
972,https://tiemchunglongchau.com.vn/,Google,3,Unofficial,https://tiemchunglongchau.com.vn/,1,Yes,2026-02-24T01:27:36.000000Z,2026-02-24T01:27:36.000000Z,Vietnam
1004,https://tiengchuong.chinhphu.vn/,Google,3,Unofficial,https://tiengchuong.chinhphu.vn/,1,Yes,2026-02-27T20:28:36.000000Z,2026-02-27T20:28:36.000000Z,Vietnam
800,https://tiengiang.gov.vn/,Google,3,Unofficial,https://tiengiang.gov.vn/,1,Yes,2026-01-23T03:06:54.000000Z,2026-01-23T03:06:54.000000Z,Vietnam
290,https://tienphong.vn/,Local News,7,Official,"Vietnamese national newspaper focused on youth, society, and culture.",1,No,2025-10-16T15:00:00.000000Z,2025-10-16T15:00:00.000000Z,Vietnam
938,https://tiin.vn/,Google,3,Unofficial,https://tiin.vn/,1,Yes,2026-02-19T08:22:05.000000Z,2026-02-19T08:22:05.000000Z,Vietnam
291,https://timesindonesia.co.id/,Local News,7,Official,"Indonesian regional online media delivering local, business, and national news.",1,No,2025-10-16T15:00:00.000000Z,2025-10-16T15:00:00.000000Z,Indonesia
13,https://timesindonesia.co.id/peristiwa-daerah/540712/kasus-leptospirosis-naik-20-persen-dinkes-pacitan-anggarkan-rp2632-juta,Google,3,Official,times indonesia,1,No,2025-08-04T05:50:25.000000Z,2025-08-04T05:50:25.000000Z,Indonesia
292,https://timesofindia.indiatimes.com/,Local News,7,Official,India&quot;’&quot;s largest English-language daily newspaper providing national and global coverage.,1,No,2025-10-16T15:00:00.000000Z,2025-10-16T15:00:00.000000Z,India
293,https://timikaexpress.id/,Local News,7,Unofficial,"Local online newspaper reporting from Timika, Papua, Indonesia.",1,No,2025-10-16T15:00:00.000000Z,2025-10-16T15:00:00.000000Z,Indonesia
919,https://tnews.co.th/,Google,3,Unofficial,https://tnews.co.th/,1,Yes,2026-02-13T01:26:05.000000Z,2026-02-13T01:26:05.000000Z,Thailand
294,https://tnnenglish.com/,Local News,7,Official,Thailand&quot;’&quot;s TNN English online news providing national and international updates.,1,No,2025-10-16T15:00:00.000000Z,2025-10-16T15:00:00.000000Z,Thailand
1284,https://tnnthailand.com/,Google,3,Unofficial,https://tnnthailand.com/,1,Yes,2026-07-16T08:21:34.000000Z,2026-07-16T08:21:34.000000Z,Thailand
1193,https://today.az/,Google,3,Unofficial,https://today.az/,1,Yes,2026-05-29T08:15:00.000000Z,2026-05-29T08:15:00.000000Z,Azerbaijan
661,https://today.line.me/,Google,3,Unofficial,https://today.line.me/,1,Yes,2025-12-18T01:31:09.000000Z,2025-12-18T01:31:09.000000Z,Taiwan
775,https://todaygwangju.com/,Google,3,Unofficial,https://todaygwangju.com/,1,Yes,2026-01-22T10:48:32.000000Z,2026-01-22T10:48:32.000000Z,South Korea
1192,https://toonippo.co.jp/,Google,3,Unofficial,https://toonippo.co.jp/,1,Yes,2026-05-29T08:13:30.000000Z,2026-05-29T08:13:30.000000Z,Japan
1230,https://topick.hket.com/,Google,3,Unofficial,https://topick.hket.com/,1,Yes,2026-06-23T08:23:09.000000Z,2026-06-23T08:23:09.000000Z,Hong Kong
684,https://topnews.co.th/,Google,3,Unofficial,https://topnews.co.th/,1,Yes,2025-12-22T20:50:03.000000Z,2025-12-22T20:50:03.000000Z,Thailand
295,https://toronto.citynews.ca/,Local News,7,Official,Canadian local news portal providing Toronto and Ontario updates.,1,No,2025-10-16T15:00:00.000000Z,2025-10-16T15:00:00.000000Z,Canada
1292,https://travelhealthpro.org.uk/,Google,3,Unofficial,https://travelhealthpro.org.uk/,1,Yes,2026-08-03T08:42:49.000000Z,2026-08-03T08:42:49.000000Z,United Kingdom
1033,https://tribratanews.jabar.polri.go.id/,Google,3,Unofficial,https://tribratanews.jabar.polri.go.id/,1,Yes,2026-03-16T00:57:24.000000Z,2026-03-16T00:57:24.000000Z,Indonesia
296,https://tribune.com.pk/,Local News,7,Official,"The Express Tribune, a Pakistani English-language newspaper offering national and international news.",1,No,2025-10-16T15:00:00.000000Z,2025-10-16T15:00:00.000000Z,Pakistan
297,https://tribune.net.ph/,Local News,7,Official,"Philippine daily news portal covering national, political, and entertainment news.",1,No,2025-10-16T15:00:00.000000Z,2025-10-16T15:00:00.000000Z,Philippines
866,https://tribuneindia.com/,Google,3,Unofficial,https://tribuneindia.com/,1,Yes,2026-02-02T02:56:32.000000Z,2026-02-02T02:56:32.000000Z,India
930,https://tristarnews.com.tw/,Google,3,Unofficial,https://tristarnews.com.tw/,1,Yes,2026-02-18T11:44:37.000000Z,2026-02-18T11:44:37.000000Z,Taiwan
707,https://trithucvn2.net/,Google,3,Unofficial,https://trithucvn2.net/,1,Yes,2026-01-06T21:30:04.000000Z,2026-01-06T21:30:04.000000Z,Vietnam
298,https://trt.global/,Local News,7,Official,Turkish Radio and Television Corporation&quot;’&quot;s global media network providing international content.,1,No,2025-10-16T15:00:00.000000Z,2025-10-16T15:00:00.000000Z,Turkey
299,https://tsargrad.tv/,Local News,7,Unofficial,Russian conservative news and opinion television website.,1,No,2025-10-16T15:00:00.000000Z,2025-10-16T15:00:00.000000Z,Russia
771,https://ttbc-hcm.gov.vn/,Google,3,Unofficial,https://ttbc-hcm.gov.vn/,1,Yes,2026-01-22T08:16:47.000000Z,2026-01-22T08:16:47.000000Z,Vietnam
1132,https://ttt.hsnews.com.tw/,Google,3,Unofficial,https://ttt.hsnews.com.tw/,1,Yes,2026-05-25T08:23:45.000000Z,2026-05-25T08:23:45.000000Z,Taiwan
1203,https://ttv.com.tw/,Google,3,Unofficial,https://ttv.com.tw/,1,Yes,2026-05-30T08:52:46.000000Z,2026-05-30T08:52:46.000000Z,Taiwan
300,https://tuoitre.vn/,Local News,7,Official,"Vietnamese-language national newspaper covering politics, economy, and culture.",1,No,2025-10-16T15:00:00.000000Z,2025-10-16T15:00:00.000000Z,Vietnam
301,https://tuoitrenews.vn/,Local News,7,Official,English-language version of Tuoi Tre newspaper providing Vietnamese and international updates.,1,No,2025-10-16T15:00:00.000000Z,2025-10-16T15:00:00.000000Z,Vietnam
688,https://tuoitrethudo.vn/,Google,3,Unofficial,https://tuoitrethudo.vn/,1,Yes,2025-12-24T04:55:21.000000Z,2025-12-24T04:55:21.000000Z,Vietnam
1169,https://turnnewsapp.com/,Google,3,Unofficial,https://turnnewsapp.com/,1,Yes,2026-05-27T08:58:29.000000Z,2026-05-27T08:58:29.000000Z,Taiwan
805,https://tvonenews.com/,Google,3,Unofficial,https://tvonenews.com/,1,Yes,2026-01-26T00:23:48.000000Z,2026-01-26T00:23:48.000000Z,Indonesia
1101,https://tvsarawak.my/,Google,3,Unofficial,https://tvsarawak.my/,1,Yes,2026-05-24T21:12:21.000000Z,2026-05-24T21:12:21.000000Z,Malaysia
302,https://tw.news.yahoo.com/,Local News,7,Official,Yahoo Taiwan&quot;’&quot;s news aggregator providing regional and international news.,1,No,2025-10-16T15:00:00.000000Z,2025-10-16T15:00:00.000000Z,Taiwan
303,https://tw.nextapple.com/,Local News,7,Unofficial,"Taiwanese digital media platform providing news, entertainment, and lifestyle content.",1,No,2025-10-16T15:00:00.000000Z,2025-10-16T15:00:00.000000Z,Taiwan
304,https://udn.com/,Local News,7,Official,"United Daily News, one of Taiwan&quot;’&quot;s major newspapers providing general news.",1,No,2025-10-16T15:00:00.000000Z,2025-10-16T15:00:00.000000Z,Taiwan
615,https://uii.ac.id/,Google,3,Unofficial,https://uii.ac.id/,1,Yes,2025-12-11T01:56:05.000000Z,2025-12-11T01:56:05.000000Z,Indonesia
933,https://uk.news.yahoo.com/,Google,3,Unofficial,https://uk.news.yahoo.com/,1,Yes,2026-02-18T13:12:36.000000Z,2026-02-18T13:12:36.000000Z,United Kingdom
612,https://unair.ac.id/,Google,3,Unofficial,https://unair.ac.id/,1,Yes,2025-12-11T01:55:53.000000Z,2025-12-11T01:55:53.000000Z,Indonesia
305,https://unb.com.bd/,Local News,7,Official,United News of Bangladesh – official national news agency of Bangladesh.,1,No,2025-10-16T15:00:00.000000Z,2025-10-16T15:00:00.000000Z,Bangladesh
1157,https://unicef.org.au/,Google,3,Unofficial,https://unicef.org.au/,1,Yes,2026-05-26T08:52:15.000000Z,2026-05-26T08:52:15.000000Z,Australia
306,https://unn.ua/,Local News,7,Official,Ukrainian National News Agency providing domestic and international updates.,1,No,2025-10-16T15:00:00.000000Z,2025-10-16T15:00:00.000000Z,Ukraine
910,https://upi.com/,Google,3,Unofficial,https://upi.com/,1,Yes,2026-02-12T00:31:33.000000Z,2026-02-12T00:31:33.000000Z,United States
307,https://urdu.app.com.pk/,Local News,7,Official,"Urdu service of the Associated Press of Pakistan, official national news provider.",1,No,2025-10-16T15:00:00.000000Z,2025-10-16T15:00:00.000000Z,Pakistan
701,https://usatoday.com/,Google,3,Unofficial,https://usatoday.com/,1,Yes,2025-12-31T00:54:40.000000Z,2025-12-31T00:54:40.000000Z,United States
1242,https://utusan.com.my/,Google,3,Unofficial,https://utusan.com.my/,1,Yes,2026-07-01T01:46:11.000000Z,2026-07-01T01:46:11.000000Z,Malaysia
822,https://v.daum.net/,Google,3,Unofficial,https://v.daum.net/,1,Yes,2026-01-26T12:36:56.000000Z,2026-01-26T12:36:56.000000Z,South Korea
308,https://validnews.id/,Local News,7,Official,Indonesian online news outlet focusing on fact-based journalism and analysis.,1,No,2025-10-16T15:00:00.000000Z,2025-10-16T15:00:00.000000Z,Indonesia
916,https://varnam.my/,Google,3,Unofficial,https://varnam.my/,1,Yes,2026-02-12T00:50:27.000000Z,2026-02-12T00:50:27.000000Z,Malaysia
765,https://verdictum.in/,Google,3,Unofficial,https://verdictum.in/,1,Yes,2026-01-21T17:38:15.000000Z,2026-01-21T17:38:15.000000Z,India
1256,https://vietbao.vn/,Google,3,Unofficial,https://vietbao.vn/,1,Yes,2026-07-09T08:08:19.000000Z,2026-07-09T08:08:19.000000Z,Vietnam
309,https://vietgiaitri.com/,Local News,7,Unofficial,Vietnamese entertainment and lifestyle news website.,1,No,2025-10-16T15:00:00.000000Z,2025-10-16T15:00:00.000000Z,Vietnam
1274,https://vietnambiz.vn/,Google,3,Unofficial,https://vietnambiz.vn/,1,Yes,2026-07-15T08:07:37.000000Z,2026-07-15T08:07:37.000000Z,Vietnam
310,https://vietnamnet.vn/,Local News,7,Official,Vietnamese online newspaper providing national and global news coverage.,1,No,2025-10-16T15:00:00.000000Z,2025-10-16T15:00:00.000000Z,Vietnam
311,https://vietnamnews.vn/,Local News,7,Official,English-language daily newspaper under Vietnam News Agency.,1,No,2025-10-16T15:00:00.000000Z,2025-10-16T15:00:00.000000Z,Vietnam
794,https://viettimes.vn/,Google,3,Unofficial,https://viettimes.vn/,1,Yes,2026-01-23T02:28:55.000000Z,2026-01-23T02:28:55.000000Z,Vietnam
1073,https://vigan.bomboradyo.com/,Google,3,Unofficial,https://vigan.bomboradyo.com/,1,Yes,2026-05-06T00:58:42.000000Z,2026-05-06T00:58:42.000000Z,Philippines
312,https://visayandailystar.com/,Local News,7,Official,"Local newspaper from Negros Island, Philippines, covering Visayas region news.",1,No,2025-10-16T15:00:00.000000Z,2025-10-16T15:00:00.000000Z,Philippines
313,https://visayas.politiko.com.ph/,Local News,7,Unofficial,Political news platform focusing on Visayas region of the Philippines.,1,No,2025-10-16T15:00:00.000000Z,2025-10-16T15:00:00.000000Z,Philippines
1146,https://viv.co.id/,Google,3,Unofficial,https://viv.co.id/,1,Yes,2026-05-26T00:51:22.000000Z,2026-05-26T00:51:22.000000Z,Indonesia
691,https://vneconomy.vn/,Google,3,Unofficial,https://vneconomy.vn/,1,Yes,2025-12-29T01:13:35.000000Z,2025-12-29T01:13:35.000000Z,Vietnam
314,https://vnexpress.net/,Local News,7,Official,Vietnam&quot;’&quot;s leading online newspaper providing comprehensive coverage across topics.,1,No,2025-10-16T15:00:00.000000Z,2025-10-16T15:00:00.000000Z,Vietnam
650,https://vnvc.vn/,Google,3,Unofficial,https://vnvc.vn/,1,Yes,2025-12-17T01:05:36.000000Z,2025-12-17T01:05:36.000000Z,Vietnam
614,https://voaindonesia.com/,Google,3,Unofficial,https://voaindonesia.com/,1,Yes,2025-12-11T01:56:00.000000Z,2025-12-11T01:56:00.000000Z,Indonesia
315,https://voh.com.vn/,Local News,7,Official,Voice of Ho Chi Minh City Radio official website.,1,No,2025-10-16T15:00:00.000000Z,2025-10-16T15:00:00.000000Z,Vietnam
316,https://voi.id/,Local News,7,Official,"Indonesian online news platform covering economy, politics, and lifestyle.",1,No,2025-10-16T15:00:00.000000Z,2025-10-16T15:00:00.000000Z,Indonesia
1007,https://vov.gov.vn/,Google,3,Unofficial,https://vov.gov.vn/,1,Yes,2026-02-28T10:09:16.000000Z,2026-02-28T10:09:16.000000Z,Vietnam
317,https://vov.vn/,Local News,7,Official,Voice of Vietnam official radio broadcaster providing national and world news.,1,No,2025-10-16T15:00:00.000000Z,2025-10-16T15:00:00.000000Z,Vietnam
1055,https://vov1.vov.vn/,Google,3,Unofficial,https://vov1.vov.vn/,1,Yes,2026-04-05T02:18:25.000000Z,2026-04-05T02:18:25.000000Z,Vietnam
874,https://vovgiaothong.vn/,Google,3,Unofficial,https://vovgiaothong.vn/,1,Yes,2026-02-03T20:14:50.000000Z,2026-02-03T20:14:50.000000Z,Vietnam
318,https://vtv.vn/,Local News,7,Official,Vietnam Television official website providing national and global coverage.,1,No,2025-10-16T15:00:00.000000Z,2025-10-16T15:00:00.000000Z,Vietnam
319,https://wadr.org/,Local News,7,Official,West Africa Democracy Radio providing independent regional radio content.,1,No,2025-10-16T15:00:00.000000Z,2025-10-16T15:00:00.000000Z,Senegal
940,https://wahpetondailynews.com/,Google,3,Unofficial,https://wahpetondailynews.com/,1,Yes,2026-02-19T14:10:05.000000Z,2026-02-19T14:10:05.000000Z,United States
623,https://warta.jogjakota.go.id/,Google,3,Unofficial,https://warta.jogjakota.go.id/,1,Yes,2025-12-11T21:49:09.000000Z,2025-12-11T21:49:09.000000Z,Indonesia
860,https://washingtonpost.com/,Google,3,Unofficial,https://washingtonpost.com/,1,Yes,2026-02-01T21:27:28.000000Z,2026-02-01T21:27:28.000000Z,United States
1175,https://watoday.com.au/,Google,3,Unofficial,https://watoday.com.au/,1,Yes,2026-05-28T08:15:00.000000Z,2026-05-28T08:15:00.000000Z,Australia
676,https://waymagazine.org/,Google,3,Unofficial,https://waymagazine.org/,1,Yes,2025-12-18T04:07:29.000000Z,2025-12-18T04:07:29.000000Z,Thailand
632,https://wcvb.com/,Google,3,Unofficial,https://wcvb.com/,1,Yes,2025-12-16T01:08:41.000000Z,2025-12-16T01:08:41.000000Z,United States
762,https://wdbj7.com/,Google,3,Unofficial,https://wdbj7.com/,1,Yes,2026-01-21T17:38:04.000000Z,2026-01-21T17:38:04.000000Z,United States
819,https://wenweipo.com/,Google,3,Unofficial,https://wenweipo.com/,1,Yes,2026-01-26T12:35:01.000000Z,2026-01-26T12:35:01.000000Z,Hong Kong
1267,https://wenxuecity.com/,Google,3,Unofficial,https://wenxuecity.com/,1,Yes,2026-07-11T08:29:06.000000Z,2026-07-11T08:29:06.000000Z,United States
320,https://wgntv.com/,Local News,7,Official,"Chicago-based WGN-TV providing news, weather, and entertainment.",1,No,2025-10-16T15:00:00.000000Z,2025-10-16T15:00:00.000000Z,United States
321,https://wien.orf.at/,Local News,7,Official,Austrian Broadcasting Corporation regional portal for Vienna.,1,No,2025-10-16T15:00:00.000000Z,2025-10-16T15:00:00.000000Z,Austria
1151,https://womensweekly.com.au/,Google,3,Unofficial,https://womensweekly.com.au/,1,Yes,2026-05-26T08:38:25.000000Z,2026-05-26T08:38:25.000000Z,Australia
1206,https://workpointnews.com/,Google,3,Unofficial,https://workpointnews.com/,1,Yes,2026-05-31T08:05:50.000000Z,2026-05-31T08:05:50.000000Z,Thailand
863,https://wusa9.com/,Google,3,Unofficial,https://wusa9.com/,1,Yes,2026-02-02T02:45:24.000000Z,2026-02-02T02:45:24.000000Z,United States
630,https://wvnews.com/,Google,3,Unofficial,https://wvnews.com/,1,Yes,2025-12-16T01:03:22.000000Z,2025-12-16T01:03:22.000000Z,United States
322,https://www.4ca.com.au/,Local News,7,Official,"Australian radio station providing news, talk, and entertainment.",1,No,2025-10-16T15:00:00.000000Z,2025-10-16T15:00:00.000000Z,Australia
323,https://www.aa.com.tr/,Local News,7,Official,Anadolu Agency – official Turkish news agency.,1,No,2025-10-16T15:00:00.000000Z,2025-10-16T15:00:00.000000Z,Turkey
324,https://www.abante.com.ph/,Local News,7,Official,"Philippine online news platform covering entertainment, sports, and politics.",1,No,2025-10-16T15:00:00.000000Z,2025-10-16T15:00:00.000000Z,Philippines
325,https://www.abc.net.au/,Local News,7,Official,Australian Broadcasting Corporation official national broadcaster.,1,No,2025-10-16T15:00:00.000000Z,2025-10-16T15:00:00.000000Z,Australia
326,https://www.abs-cbn.com/,Local News,7,Official,Philippine ABS-CBN Network official media and entertainment portal.,1,No,2025-10-16T15:00:00.000000Z,2025-10-16T15:00:00.000000Z,Philippines
327,https://www.adaderana.lk/,Local News,7,Official,Sri Lankan digital news platform providing national and international news.,1,No,2025-10-16T15:00:00.000000Z,2025-10-16T15:00:00.000000Z,Sri Lanka
328,https://www.africanews.com/,Local News,7,Official,Pan-African multilingual news platform delivering regional updates.,1,No,2025-10-16T15:00:00.000000Z,2025-10-16T15:00:00.000000Z,France
329,https://www.agenzianova.com/,Local News,7,Official,"Italian international news agency covering politics, economy, and defense.",1,No,2025-10-16T15:00:00.000000Z,2025-10-16T15:00:00.000000Z,Italy
330,https://www.ajnn.net/,Local News,7,Unofficial,Aceh Journal National Network providing regional and national Indonesian news.,1,No,2025-10-16T15:00:00.000000Z,2025-10-16T15:00:00.000000Z,Indonesia
331,https://www.an17.com/,Local News,7,Unofficial,Local Indonesian digital news outlet providing provincial coverage.,1,No,2025-10-16T15:00:00.000000Z,2025-10-16T15:00:00.000000Z,Indonesia
332,https://www.antaranews.com/,Local News,7,Official,Official Indonesian news agency providing national and international coverage.,1,No,2025-10-16T15:00:00.000000Z,2025-10-16T15:00:00.000000Z,Indonesia
333,https://www.antena3.com/,Local News,7,Official,Spanish television network offering news and entertainment programs.,1,No,2025-10-16T15:00:00.000000Z,2025-10-16T15:00:00.000000Z,Spain
334,https://www.aol.com/,Local News,7,Official,"American web portal offering news, entertainment, and lifestyle content.",1,No,2025-10-16T15:00:00.000000Z,2025-10-16T15:00:00.000000Z,United States
335,https://www.app.com.pk/,Local News,7,Official,Associated Press of Pakistan – official state news service.,1,No,2025-10-16T15:00:00.000000Z,2025-10-16T15:00:00.000000Z,Pakistan
336,https://www.arabnews.com/,Local News,7,Official,Saudi Arabian English-language news outlet covering Middle East and global affairs.,1,No,2025-10-16T15:00:00.000000Z,2025-10-16T15:00:00.000000Z,Saudi Arabia
337,https://www.atlantanewsfirst.com/,Local News,7,Official,US television station providing Atlanta-based and national coverage.,1,No,2025-10-16T15:00:00.000000Z,2025-10-16T15:00:00.000000Z,United States
338,https://www.audacy.com/,Local News,7,Official,US-based audio broadcasting network featuring news and talk radio programs.,1,No,2025-10-16T15:00:00.000000Z,2025-10-16T15:00:00.000000Z,United States
339,https://www.bag.admin.ch/,Local News,7,Official,Swiss Federal Office of Public Health official site providing health updates.,1,No,2025-10-16T15:00:00.000000Z,2025-10-16T15:00:00.000000Z,Switzerland
340,https://www.balipost.com/,Local News,7,Official,Indonesian regional newspaper from Bali providing local and national coverage.,1,No,2025-10-16T15:00:00.000000Z,2025-10-16T15:00:00.000000Z,Indonesia
341,https://www.bangkokbiznews.com/,Local News,7,Official,Thai-language daily business newspaper based in Bangkok.,1,No,2025-10-16T15:00:00.000000Z,2025-10-16T15:00:00.000000Z,Thailand
342,https://www.bangkokpost.com/,Local News,7,Official,Thailand&quot;’&quot;s major English-language newspaper covering national and world news.,1,No,2025-10-16T15:00:00.000000Z,2025-10-16T15:00:00.000000Z,Thailand
343,https://www.banglanews24.com/,Local News,7,Official,Bangladeshi online news portal providing national and international coverage.,1,No,2025-10-16T15:00:00.000000Z,2025-10-16T15:00:00.000000Z,Bangladesh
344,https://www.banglatribune.com/,Local News,7,Official,Bangladeshi online daily delivering news in Bangla language.,1,No,2025-10-16T15:00:00.000000Z,2025-10-16T15:00:00.000000Z,Bangladesh
345,https://www.barrons.com/,Local News,7,Official,"American financial magazine covering markets, investing, and analysis.",1,No,2025-10-16T15:00:00.000000Z,2025-10-16T15:00:00.000000Z,United States
346,https://www.bazonline.ch/,Local News,7,Official,Swiss German-language newspaper covering Basel and national news.,1,No,2025-10-16T15:00:00.000000Z,2025-10-16T15:00:00.000000Z,Switzerland
347,https://www.bbc.com/,Local News,7,Official,British Broadcasting Corporation – global public news and media service.,1,No,2025-10-16T15:00:00.000000Z,2025-10-16T15:00:00.000000Z,United Kingdom
348,https://www.bd-pratidin.com/,Local News,7,Official,Bangladeshi newspaper covering national and global news.,1,No,2025-10-16T15:00:00.000000Z,2025-10-16T15:00:00.000000Z,Bangladesh
349,https://www.beritasatu.com/,Local News,7,Official,Indonesian online news outlet providing national and business news.,1,No,2025-10-16T15:00:00.000000Z,2025-10-16T15:00:00.000000Z,Indonesia
350,https://www.bernama.com/,Local News,7,Official,Malaysian National News Agency providing official reports.,1,No,2025-10-16T15:00:00.000000Z,2025-10-16T15:00:00.000000Z,Malaysia
15,https://www.bernama.com/en/region/news.php?id=2428800,Google,3,Unofficial,malaysia,1,No,2025-08-04T05:52:57.000000Z,2025-08-04T05:52:57.000000Z,Malaysia
351,https://www.bharian.com.my/,Local News,7,Official,Berita Harian – Malaysian Malay-language newspaper.,1,No,2025-10-16T15:00:00.000000Z,2025-10-16T15:00:00.000000Z,Malaysia
352,https://www.bhaskar.com/,Local News,7,Official,Dainik Bhaskar – Indian Hindi-language daily newspaper.,1,No,2025-10-16T15:00:00.000000Z,2025-10-16T15:00:00.000000Z,India
353,https://www.bhaskarhindi.com/,Local News,7,Official,Hindi edition of Dainik Bhaskar providing national coverage.,1,No,2025-10-16T15:00:00.000000Z,2025-10-16T15:00:00.000000Z,India
354,https://www.birminghammail.co.uk/,Local News,7,Official,UK local newspaper covering Birmingham and West Midlands.,1,No,2025-10-16T15:00:00.000000Z,2025-10-16T15:00:00.000000Z,United Kingdom
355,https://www.blackenterprise.com/,Local News,7,Official,US magazine and website focused on African-American business and entrepreneurship.,1,No,2025-10-16T15:00:00.000000Z,2025-10-16T15:00:00.000000Z,United States
356,https://www.bloombergtechnoz.com/,Local News,7,Official,Bloomberg Indonesia site providing financial and technology news.,1,No,2025-10-16T15:00:00.000000Z,2025-10-16T15:00:00.000000Z,Indonesia
357,https://www.bnionline.net/,Local News,7,Unofficial,Burmese online independent media platform providing local news.,1,No,2025-10-16T15:00:00.000000Z,2025-10-16T15:00:00.000000Z,Myanmar
358,https://www.bolnews.com/,Local News,7,Official,Pakistani news channel and online media covering politics and entertainment.,1,No,2025-10-16T15:00:00.000000Z,2025-10-16T15:00:00.000000Z,Pakistan
359,https://www.bovinevetonline.com/,Local News,7,Unofficial,Veterinary-focused website covering bovine health and agriculture news.,1,No,2025-10-16T15:00:00.000000Z,2025-10-16T15:00:00.000000Z,United States
360,https://www.brantbeacon.ca/,Local News,7,Unofficial,"Local news site for Brant County, Ontario, Canada.",1,No,2025-10-13T22:27:00.000000Z,2025-10-13T22:27:00.000000Z,Canada
361,https://www.brecorder.com/,Local News,7,Official,Business Recorder – Pakistan&quot;’&quot;s financial newspaper covering markets and economy.,1,No,2025-10-13T22:27:00.000000Z,2025-10-13T22:27:00.000000Z,Pakistan
362,https://www.brigadanews.ph/,Local News,7,Official,Philippine radio and online news network providing national coverage.,1,No,2025-10-13T22:27:00.000000Z,2025-10-13T22:27:00.000000Z,Philippines
363,https://www.bssnews.net/,Local News,7,Official,Bangladesh Sangbad Sangstha – official Bangladeshi state news agency.,1,No,2025-10-13T22:27:00.000000Z,2025-10-13T22:27:00.000000Z,Bangladesh
364,https://www.busan.com/,Local News,7,Official,Korean-language newspaper based in Busan covering regional news.,1,No,2025-10-13T22:27:00.000000Z,2025-10-13T22:27:00.000000Z,South Korea
365,https://www.canada.ca/,Official Government Sites,4,Official,Official website of the Government of Canada providing services and information.,1,No,2025-10-13T22:27:00.000000Z,2025-10-13T22:27:00.000000Z,Canada
366,https://www.capitalfm.co.ke/,Local News,7,Official,Kenyan radio station and online platform covering national and business news.,1,No,2025-10-13T22:27:00.000000Z,2025-10-13T22:27:00.000000Z,Kenya
367,https://www.caravan.kz/,Local News,7,Official,"Kazakhstan online news outlet covering politics, economy, and lifestyle.",1,No,2025-10-13T22:27:00.000000Z,2025-10-13T22:27:00.000000Z,Kazakhstan
368,https://www.castlegarnews.com/,Local News,7,Unofficial,Canadian local news website serving Castlegar and surrounding regions.,1,No,2025-10-13T22:27:00.000000Z,2025-10-13T22:27:00.000000Z,Canada
369,https://www.cbc.ca/,Local News,7,Official,Canadian Broadcasting Corporation – national public broadcaster of Canada.,1,No,2025-10-13T22:27:00.000000Z,2025-10-13T22:27:00.000000Z,Canada
370,https://www.cbs8.com/,Local News,7,Official,CBS affiliate in San Diego providing local and national news.,1,No,2025-10-13T22:27:00.000000Z,2025-10-13T22:27:00.000000Z,United States
371,https://www.cbsnews.com/,Local News,7,Official,US national news network under CBS providing global coverage.,1,No,2025-10-13T22:27:00.000000Z,2025-10-13T22:27:00.000000Z,United States
372,https://www.cdc.gov.au/,Official Government Sites,4,Official,Australian government health department providing disease prevention and statistics.,1,No,2025-10-13T22:27:00.000000Z,2025-10-13T22:27:00.000000Z,Australia
373,https://www.cdc.gov/,Official Government Sites,4,Official,US Centers for Disease Control and Prevention official website.,1,No,2025-10-13T22:27:00.000000Z,2025-10-13T22:27:00.000000Z,United States
374,https://www.cdcmoh.gov.kh/,Official Government Sites,4,Official,Cambodian Ministry of Health communicable disease control site.,1,No,2025-10-13T22:27:00.000000Z,2025-10-13T22:27:00.000000Z,Cambodia
375,https://www.channel3000.com/,Local News,7,Official,US-based television network providing Wisconsin and Midwest news.,1,No,2025-10-13T22:27:00.000000Z,2025-10-13T22:27:00.000000Z,United States
376,https://www.channelnewsasia.com/,Local News,7,Official,Singapore-based CNA international news network.,1,No,2025-10-13T22:27:00.000000Z,2025-10-13T22:27:00.000000Z,Singapore
377,https://www.chch.com/,Local News,7,Official,Canadian TV station based in Hamilton providing local news and programs.,1,No,2025-10-13T22:27:00.000000Z,2025-10-13T22:27:00.000000Z,Canada
378,https://www.chiangraitimes.com/,Local News,7,Unofficial,Thai online newspaper providing Northern Thailand regional news.,1,No,2025-10-13T22:27:00.000000Z,2025-10-13T22:27:00.000000Z,Thailand
379,https://www.chronline.com/,Local News,7,Unofficial,US local news site covering Lewis County and Washington State.,1,No,2025-10-13T22:27:00.000000Z,2025-10-13T22:27:00.000000Z,United States
380,https://www.chugoku-np.co.jp/,Local News,7,Official,Japanese regional newspaper based in Hiroshima.,1,No,2025-10-13T22:27:00.000000Z,2025-10-13T22:27:00.000000Z,Japan
381,https://www.cidrap.umn.edu/,Local News,7,Official,Center for Infectious Disease Research and Policy official website.,1,No,2025-10-13T22:27:00.000000Z,2025-10-13T22:27:00.000000Z,United States
382,https://www.citizen.co.za/,Local News,7,Official,South African newspaper providing national and regional news.,1,No,2025-10-13T22:27:00.000000Z,2025-10-13T22:27:00.000000Z,South Africa
383,https://www.cleveland.com/,Local News,7,Official,Ohio-based digital news outlet covering Cleveland and state issues.,1,No,2025-10-13T22:27:00.000000Z,2025-10-13T22:27:00.000000Z,United States
384,https://www.cna.com.tw/,Local News,7,Official,Central News Agency – Taiwan&quot;’&quot;s official news service.,1,No,2025-10-13T22:27:00.000000Z,2025-10-13T22:27:00.000000Z,Taiwan
385,https://www.cnbcindonesia.com/,Facebook,5,Official,CNBC Indonesia – financial and business news portal.,1,No,2025-10-13T22:27:00.000000Z,2025-10-13T22:27:00.000000Z,Indonesia
11,https://www.cnbcindonesia.com/lifestyle/20250531143853-33-637453/mendadak-kemenkes-keluarkan-peringatan-waspada-covid-19-ada-apa,Google,3,Official,waspada COvid,1,No,2025-08-04T05:48:49.000000Z,2025-08-04T05:48:49.000000Z,Indonesia
386,https://www.cnnindonesia.com/,Local News,7,Official,CNN Indonesia – online portal providing Indonesian and world news.,1,No,2025-10-13T22:27:00.000000Z,2025-10-13T22:27:00.000000Z,Indonesia
387,https://www.congo-press.com/,Local News,7,Unofficial,Congolese online news outlet providing national and international coverage.,1,No,2025-10-13T22:27:00.000000Z,2025-10-13T22:27:00.000000Z,Democratic Republic of the Congo
388,https://www.contagionlive.com/,Local News,7,Official,Medical news platform focused on infectious disease and epidemiology.,1,No,2025-10-13T22:27:00.000000Z,2025-10-13T22:27:00.000000Z,United States
389,https://www.corsematin.com/,Local News,7,Official,French-language regional newspaper covering Corsica island.,1,No,2025-10-13T22:27:00.000000Z,2025-10-13T22:27:00.000000Z,France
390,https://www.cremonaoggi.it/,Local News,7,Official,Italian local newspaper covering the Cremona area.,1,No,2025-10-13T22:27:00.000000Z,2025-10-13T22:27:00.000000Z,Italy
391,https://www.ctvnews.ca/,Local News,7,Official,CTV News – Canadian national television network providing 24-hour news.,1,No,2025-10-13T22:27:00.000000Z,2025-10-13T22:27:00.000000Z,Canada
392,https://www.daijiworld.com/,Local News,7,Official,Indian online news portal providing regional and international updates.,1,No,2025-10-13T22:27:00.000000Z,2025-10-13T22:27:00.000000Z,India
397,https://www.daily-sun.com/,Local News,7,Official,Bangladeshi English daily providing local and international updates.,1,No,2025-10-13T22:27:00.000000Z,2025-10-13T22:27:00.000000Z,Bangladesh
393,https://www.dailyexpress.com.my/,Local News,7,Official,Malaysian daily newspaper covering Sabah and regional issues.,1,No,2025-10-13T22:27:00.000000Z,2025-10-13T22:27:00.000000Z,Malaysia
394,https://www.dailymail.co.uk/,Local News,7,Official,"UK-based global online newspaper offering world, entertainment, and lifestyle news.",1,No,2025-10-13T22:27:00.000000Z,2025-10-13T22:27:00.000000Z,United Kingdom
395,https://www.dailymirror.lk/,Local News,7,Official,Sri Lankan English-language daily covering national and world affairs.,1,No,2025-10-13T22:27:00.000000Z,2025-10-13T22:27:00.000000Z,Sri Lanka
396,https://www.dailynews.lk/,Local News,7,Official,Sri Lankan government-owned daily newspaper providing national coverage.,1,No,2025-10-13T22:27:00.000000Z,2025-10-13T22:27:00.000000Z,Sri Lanka
398,https://www.dawn.com/,Local News,7,Official,Pakistan&quot;’&quot;s oldest English-language newspaper covering politics and world affairs.,1,No,2025-10-13T22:27:00.000000Z,2025-10-13T22:27:00.000000Z,Pakistan
399,https://www.dawnnews.tv/,Local News,7,Official,Pakistani Urdu-language TV channel providing 24-hour news coverage.,1,No,2025-10-13T22:27:00.000000Z,2025-10-13T22:27:00.000000Z,Pakistan
400,https://www.deccanchronicle.com/,Local News,7,Official,"Indian English daily newspaper providing politics, lifestyle, and entertainment news.",1,No,2025-10-13T22:27:00.000000Z,2025-10-13T22:27:00.000000Z,India
401,https://www.deccanherald.com/,Local News,7,Unofficial,"Indian English-language daily newspaper providing national, international, and regional news.",1,No,2025-10-13T22:27:00.000000Z,2025-10-13T22:27:00.000000Z,India
402,https://www.denpost.id/,Local News,7,Unofficial,Local news portal in Indonesia covering Bali and regional issues.,1,No,2025-10-13T22:27:00.000000Z,2025-10-13T22:27:00.000000Z,Indonesia
403,https://www.denverpost.com/,Local News,7,Unofficial,"Major daily newspaper based in Denver, Colorado covering US and world news.",1,No,2025-10-13T22:27:00.000000Z,2025-10-13T22:27:00.000000Z,United States
404,https://www.deshsewak.org/,Local News,7,Unofficial,"Punjabi-language newspaper from India focusing on politics, economy, and current affairs.",1,No,2025-10-13T22:27:00.000000Z,2025-10-13T22:27:00.000000Z,India
405,https://www.detik.com/,Local News,7,Unofficial,"Indonesia&quot;’&quot;s leading online news portal covering breaking news, lifestyle, business, and sports.",1,No,2025-10-13T22:27:00.000000Z,2025-10-13T22:27:00.000000Z,Indonesia
406,https://www.dhakatribune.com/,Local News,7,Unofficial,English-language daily newspaper in Bangladesh providing national and international news.,1,No,2025-10-13T22:27:00.000000Z,2025-10-13T22:27:00.000000Z,Bangladesh
407,https://www.diariodeleon.es/,Local News,7,Unofficial,Spanish regional newspaper covering news from León and surrounding areas.,1,No,2025-10-13T22:27:00.000000Z,2025-10-13T22:27:00.000000Z,Spain
408,https://www.diariosigloxxi.com/,Local News,7,Unofficial,Spanish digital news portal focused on national and international current events.,1,No,2025-10-13T22:27:00.000000Z,2025-10-13T22:27:00.000000Z,Spain
409,https://www.diarioveterinario.com/,Local News,7,Unofficial,Spanish portal focused on veterinary medicine and animal health news.,1,No,2025-10-13T22:27:00.000000Z,2025-10-13T22:27:00.000000Z,Spain
410,https://www.dimsumdaily.hk/,Local News,7,Unofficial,Hong Kong-based English news portal covering local and Asia-Pacific stories.,1,No,2025-10-13T22:27:00.000000Z,2025-10-13T22:27:00.000000Z,Hong Kong
411,https://www.dshs.texas.gov/,Official Government Sites,4,Official,Official website of the Texas Department of State Health Services.,1,No,2025-10-13T22:27:00.000000Z,2025-10-13T22:27:00.000000Z,United States
412,https://www.ecdc.europa.eu/,Official Government Sites,4,Official,European Centre for Disease Prevention and Control providing epidemiological updates.,1,No,2025-10-13T22:27:00.000000Z,2025-10-13T22:27:00.000000Z,Sweden
413,https://www.ecr.co.za/,Local News,7,Unofficial,East Coast Radio – South African radio and online news source.,1,No,2025-10-13T22:27:00.000000Z,2025-10-13T22:27:00.000000Z,South Africa
414,https://www.elespanol.com/,Local News,7,Unofficial,"Spanish online newspaper focusing on national, international, and investigative journalism.",1,No,2025-10-13T22:27:00.000000Z,2025-10-13T22:27:00.000000Z,Spain
415,https://www.elperiodicodearagon.com/,Local News,7,Unofficial,Regional Spanish newspaper covering Aragón news and national updates.,1,No,2025-10-13T22:27:00.000000Z,2025-10-13T22:27:00.000000Z,Spain
416,https://www.elprogreso.es/,Local News,7,Unofficial,Spanish regional daily newspaper based in Galicia.,1,No,2025-10-13T22:27:00.000000Z,2025-10-13T22:27:00.000000Z,Spain
417,https://www.elsiglodetorreon.com.mx/,Local News,7,Unofficial,Mexican daily newspaper covering national and international news.,1,No,2025-10-13T22:27:00.000000Z,2025-10-13T22:27:00.000000Z,Mexico
418,https://www.endpolio.com.pk/,Official Government Sites,4,Official,Official website of Pakistan&quot;’&quot;s national polio eradication program.,1,No,2025-10-13T22:27:00.000000Z,2025-10-13T22:27:00.000000Z,Pakistan
419,https://www.ensonhaber.com/,Local News,7,Unofficial,"Turkish online news platform covering politics, economy, and entertainment.",1,No,2025-10-13T22:27:00.000000Z,2025-10-13T22:27:00.000000Z,Turkey
420,https://www.epochtimes.com/,Local News,7,Unofficial,International news outlet providing independent coverage and analysis.,1,No,2025-10-13T22:27:00.000000Z,2025-10-13T22:27:00.000000Z,United States
421,https://www.erienewsnow.com/,Local News,7,Unofficial,"Local news and weather portal for Erie, Pennsylvania.",1,No,2025-10-13T22:27:00.000000Z,2025-10-13T22:27:00.000000Z,United States
422,https://www.ettoday.net/,Local News,7,Unofficial,Taiwanese online media portal providing entertainment and general news.,1,No,2025-10-13T22:27:00.000000Z,2025-10-13T22:27:00.000000Z,Taiwan
423,https://www.etvbharat.com/,Local News,7,Unofficial,Indian multilingual news platform offering national and state-level updates.,1,No,2025-10-13T22:27:00.000000Z,2025-10-13T22:27:00.000000Z,India
424,https://www.euronews.com/,Local News,7,Unofficial,European multilingual news network offering international coverage.,1,No,2025-10-13T22:27:00.000000Z,2025-10-13T22:27:00.000000Z,France
425,https://www.express.co.uk/,Local News,7,Unofficial,"British tabloid newspaper providing news, politics, and lifestyle updates.",1,No,2025-10-13T22:27:00.000000Z,2025-10-13T22:27:00.000000Z,United Kingdom
426,https://www.facebook.com/,Facebook,5,Unofficial,Global social networking platform often used as a secondary data source for news dissemination.,1,No,2025-10-13T22:27:00.000000Z,2025-10-13T22:27:00.000000Z,United States
427,https://www.fbcnews.com.fj/,Local News,7,Official,Fiji Broadcasting Corporation official news service.,1,No,2025-10-13T22:27:00.000000Z,2025-10-13T22:27:00.000000Z,Fiji
428,https://www.focusonafrica.info/,Local News,7,Unofficial,Online magazine and news platform covering African political and economic issues.,1,No,2025-10-13T22:27:00.000000Z,2025-10-13T22:27:00.000000Z,Italy
429,https://www.forbes.com/,Local News,7,Unofficial,Global business and finance news media company.,1,No,2025-10-13T22:27:00.000000Z,2025-10-13T22:27:00.000000Z,United States
430,https://www.fortuneindia.com/,Local News,7,Unofficial,"Indian edition of Fortune magazine covering business, economy, and industry.",1,No,2025-10-13T22:27:00.000000Z,2025-10-13T22:27:00.000000Z,India
431,https://www.fox4news.com/,Local News,7,Unofficial,Dallas-Fort Worth&quot;’&quot;s FOX local news and weather channel.,1,No,2025-10-13T22:27:00.000000Z,2025-10-13T22:27:00.000000Z,United States
432,https://www.franceinfo.fr/,Local News,7,Official,French public radio and online news service.,1,No,2025-10-13T22:27:00.000000Z,2025-10-13T22:27:00.000000Z,France
433,https://www.francetvinfo.fr/,Local News,7,Official,French national public television news service.,1,No,2025-10-13T22:27:00.000000Z,2025-10-13T22:27:00.000000Z,France
434,https://www.freemalaysiatoday.com/,Local News,7,Unofficial,Independent Malaysian online news portal.,1,No,2025-10-13T22:27:00.000000Z,2025-10-13T22:27:00.000000Z,Malaysia
435,https://www.freep.com/,Local News,7,Unofficial,"Detroit Free Press providing Michigan, US, and world news.",1,No,2025-10-13T22:27:00.000000Z,2025-10-13T22:27:00.000000Z,United States
436,https://www.fukuoka-now.com/,Local News,7,Unofficial,"English-language lifestyle and local news from Fukuoka, Japan.",1,No,2025-10-13T22:27:00.000000Z,2025-10-13T22:27:00.000000Z,Japan
437,https://www.galvnews.com/,Local News,7,Unofficial,"Regional newspaper serving Galveston County, Texas.",1,No,2025-10-13T22:27:00.000000Z,2025-10-13T22:27:00.000000Z,United States
438,https://www.gavi.org/,Official Government Sites,4,Official,Global Vaccine Alliance providing health and immunization data.,1,No,2025-10-13T22:27:00.000000Z,2025-10-13T22:27:00.000000Z,Switzerland
439,https://www.gazeta.ru/,Local News,7,Unofficial,Russian online newspaper providing political and economic coverage.,1,No,2025-10-13T22:27:00.000000Z,2025-10-13T22:27:00.000000Z,Russia
440,https://www.gazzettadimantova.it/,Local News,7,Unofficial,Italian regional newspaper covering Lombardy area news.,1,No,2025-10-13T22:27:00.000000Z,2025-10-13T22:27:00.000000Z,Italy
441,https://www.genpi.co/,Local News,7,Unofficial,Indonesian lifestyle and tourism news platform.,1,No,2025-10-13T22:27:00.000000Z,2025-10-13T22:27:00.000000Z,Indonesia
16,https://www.gmanetwork.com/news/topstories/nation/948110/doh-urges-public-to-fact-check-info-on-mpox/story/,Chart,12,Official,philiphines,1,No,2025-08-04T05:53:25.000000Z,2025-08-04T05:53:25.000000Z,Philippines
8,https://www.khmertimeskh.com/501691304/cambodia-reports-23-new-covid-19-cases/,Google,3,Official,Camboja new covid,1,No,2025-08-04T05:47:26.000000Z,2025-08-04T05:47:26.000000Z,Cambodia
442,https://www.mediafax.ro/,Local News,7,Unofficial,"Romanian news agency providing political, economic, and world news updates.",1,No,2025-10-16T19:00:00.000000Z,2025-10-16T19:00:00.000000Z,Romania
443,https://www.medicalbrief.co.za/,Local News,7,Unofficial,South African medical news portal providing healthcare and research updates.,1,No,2025-10-16T19:00:00.000000Z,2025-10-16T19:00:00.000000Z,South Africa
444,https://www.medicalnews.pk/,Local News,7,Unofficial,Pakistan-based medical news platform covering local healthcare sector news.,1,No,2025-10-16T19:00:00.000000Z,2025-10-16T19:00:00.000000Z,Pakistan
445,https://www.metrosouth.health.qld.gov.au/,Official Government Sites,4,Official,"Official health service website for Metro South Health in Queensland, Australia.",1,No,2025-10-16T19:00:00.000000Z,2025-10-16T19:00:00.000000Z,Australia
446,https://www.metrotvnews.com/,Local News,7,Unofficial,Indonesian television and online news platform delivering national and international news.,1,No,2025-10-16T19:00:00.000000Z,2025-10-16T19:00:00.000000Z,Indonesia
447,https://www.metrovaartha.com/,Local News,7,Unofficial,Malayalam-language news portal from India covering local and national issues.,1,No,2025-10-16T19:00:00.000000Z,2025-10-16T19:00:00.000000Z,India
448,https://www.millenniumpost.in/,Local News,7,Unofficial,Indian English-language daily newspaper offering political and business news.,1,No,2025-10-16T19:00:00.000000Z,2025-10-16T19:00:00.000000Z,India
449,https://www.miragenews.com/,Local News,7,Unofficial,Australian-based news aggregator providing worldwide press releases and updates.,1,No,2025-10-16T19:00:00.000000Z,2025-10-16T19:00:00.000000Z,Australia
450,https://www.mk-mari.ru/,Local News,7,Unofficial,Russian regional online news portal focusing on Mari El Republic news.,1,No,2025-10-16T19:00:00.000000Z,2025-10-16T19:00:00.000000Z,Russia
451,https://www.mlive.com/,Local News,7,Unofficial,"Michigan-based news platform covering local, sports, and business stories.",1,No,2025-10-16T19:00:00.000000Z,2025-10-16T19:00:00.000000Z,United States
452,https://www.modernghana.com/,Local News,7,Unofficial,"Ghanaian online news portal offering regional, sports, and entertainment coverage.",1,No,2025-10-16T19:00:00.000000Z,2025-10-16T19:00:00.000000Z,Ghana
453,https://www.moh.gov.sg/,Official Government Sites,4,Official,Official website of Singapore&quot;’&quot;s Ministry of Health providing policy and health updates.,1,No,2025-10-16T19:00:00.000000Z,2025-10-16T19:00:00.000000Z,Singapore
454,https://www.moi.gov.mm/,Official Government Sites,4,Official,Official site of Myanmar&quot;’&quot;s Ministry of Information publishing national news and announcements.,1,No,2025-10-16T19:00:00.000000Z,2025-10-16T19:00:00.000000Z,Myanmar
455,https://www.moroccoworldnews.com/,Local News,7,Unofficial,Independent Moroccan English-language news outlet providing national and MENA coverage.,1,No,2025-10-16T19:00:00.000000Z,2025-10-16T19:00:00.000000Z,Morocco
456,https://www.mrt.com/,Local News,7,Unofficial,Texas-based newspaper delivering US and world news.,1,No,2025-10-16T19:00:00.000000Z,2025-10-16T19:00:00.000000Z,United States
457,https://www.msn.com/,Chart,12,Unofficial,Microsoft&quot;’&quot;s global news and media aggregation platform.,1,No,2025-10-16T19:00:00.000000Z,2025-10-16T19:00:00.000000Z,United States
458,https://www.myanmaritv.com/,Local News,7,Official,Myanmar&quot;’&quot;s state-run television and online news service.,1,No,2025-10-16T19:00:00.000000Z,2025-10-16T19:00:00.000000Z,Myanmar
459,https://www.myjoyonline.com/,Local News,7,Unofficial,Ghanaian multimedia online news platform providing current affairs and lifestyle content.,1,No,2025-10-16T19:00:00.000000Z,2025-10-16T19:00:00.000000Z,Ghana
460,https://www.naewna.com/,Local News,7,Unofficial,Thai-language newspaper offering political and social updates.,1,No,2025-10-16T19:00:00.000000Z,2025-10-16T19:00:00.000000Z,Thailand
461,https://www.nation.com.pk/,Local News,7,Unofficial,Leading English-language daily newspaper in Pakistan.,1,No,2025-10-16T19:00:00.000000Z,2025-10-16T19:00:00.000000Z,Pakistan
462,https://www.nationthailand.com/,Local News,7,Unofficial,Thai English-language media outlet offering national and ASEAN news.,1,No,2025-10-16T19:00:00.000000Z,2025-10-16T19:00:00.000000Z,Thailand
463,https://www.nbcchicago.com/,Local News,7,Unofficial,"Local NBC affiliate providing Chicago news, weather, and investigations.",1,No,2025-10-16T19:00:00.000000Z,2025-10-16T19:00:00.000000Z,United States
464,https://www.nbcdfw.com/,Local News,7,Unofficial,NBC affiliate for Dallas-Fort Worth providing regional coverage and alerts.,1,No,2025-10-16T19:00:00.000000Z,2025-10-16T19:00:00.000000Z,United States
465,https://www.nbcnews.com/,Local News,7,Unofficial,American news division of NBCUniversal delivering international and US headlines.,1,No,2025-10-16T19:00:00.000000Z,2025-10-16T19:00:00.000000Z,United States
466,https://www.nbcrightnow.com/,Local News,7,Unofficial,"NBC affiliate serving Yakima and Tri-Cities, Washington.",1,No,2025-10-16T19:00:00.000000Z,2025-10-16T19:00:00.000000Z,United States
467,https://www.ndtv.com/,Local News,7,Unofficial,"Indian English-language news portal providing political, economy, and world coverage.",1,No,2025-10-16T19:00:00.000000Z,2025-10-16T19:00:00.000000Z,India
468,https://www.ndtvprofit.com/,Local News,7,Unofficial,Indian business news channel focusing on economy and markets.,1,No,2025-10-16T19:00:00.000000Z,2025-10-16T19:00:00.000000Z,India
469,https://www.nea.gov.sg/,Official Government Sites,4,Official,Official site of Singapore&quot;’&quot;s National Environment Agency.,1,No,2025-10-16T19:00:00.000000Z,2025-10-16T19:00:00.000000Z,Singapore
470,https://www.newagebd.net/,Local News,7,Unofficial,Independent English-language newspaper from Bangladesh.,1,No,2025-10-16T19:00:00.000000Z,2025-10-16T19:00:00.000000Z,Bangladesh
471,https://www.newindianexpress.com/,Local News,7,Unofficial,"Indian English daily offering national, business, and lifestyle stories.",1,No,2025-10-16T19:00:00.000000Z,2025-10-16T19:00:00.000000Z,India
472,https://www.newkerala.com/,Chart,12,Unofficial,Indian online news aggregator providing state and international news.,1,No,2025-10-16T19:00:00.000000Z,2025-10-16T19:00:00.000000Z,India
473,https://www.newsbreak.com/,Chart,12,Unofficial,US-based local news aggregator offering community-based updates.,1,No,2025-10-16T19:00:00.000000Z,2025-10-16T19:00:00.000000Z,United States
474,https://www.newsdrum.in/,Local News,7,Unofficial,"Indian digital news platform providing national, economy, and policy updates.",1,No,2025-10-16T19:00:00.000000Z,2025-10-16T19:00:00.000000Z,India
475,https://www.newsfirst.lk/,Local News,7,Unofficial,Sri Lankan 24/7 news channel delivering breaking national news.,1,No,2025-10-16T19:00:00.000000Z,2025-10-16T19:00:00.000000Z,Sri Lanka
476,https://www.newsweek.com/,Local News,7,Unofficial,"American magazine and online platform covering world, politics, and culture.",1,No,2025-10-16T19:00:00.000000Z,2025-10-16T19:00:00.000000Z,United States
477,https://www.newswire.lk/,Local News,7,Unofficial,Sri Lankan independent news portal publishing local news and commentary.,1,No,2025-10-16T19:00:00.000000Z,2025-10-16T19:00:00.000000Z,Sri Lanka
478,https://www.newtimes.co.rw/,Local News,7,Unofficial,Rwanda-based national newspaper providing regional and African updates.,1,No,2025-10-16T19:00:00.000000Z,2025-10-16T19:00:00.000000Z,Rwanda
479,https://www.nicd.ac.za/,Official Government Sites,4,Official,Official website of the National Institute for Communicable Diseases (South Africa).,1,No,2025-10-16T19:00:00.000000Z,2025-10-16T19:00:00.000000Z,South Africa
480,https://www.nikkan-gendai.com/,Local News,7,Unofficial,Japanese tabloid-style news portal focusing on entertainment and politics.,1,No,2025-10-16T19:00:00.000000Z,2025-10-16T19:00:00.000000Z,Japan
481,https://www.nj.gov/,Official Government Sites,4,Official,Official portal for the US state of New Jersey.,1,No,2025-11-05T03:10:54.000000Z,2025-11-05T03:10:54.000000Z,United States
482,https://www.njherald.com/,Local News,7,Unofficial,Local newspaper serving New Jersey&quot;’&quot;s Sussex County.,1,No,2025-11-05T03:10:54.000000Z,2025-11-05T03:10:54.000000Z,United States
483,https://www.nlga.niedersachsen.de/,Official Government Sites,4,Official,Official website for the German state of Lower Saxony.,1,No,2025-11-05T03:10:54.000000Z,2025-11-05T03:10:54.000000Z,Germany
484,https://www.nmhealth.org/,Official Government Sites,4,Official,Official site of the New Mexico Department of Health.,1,No,2025-11-05T03:10:54.000000Z,2025-11-05T03:10:54.000000Z,United States
485,https://www.nst.com.my/,Local News,7,Unofficial,Leading English-language daily newspaper in Malaysia.,1,No,2025-11-05T03:10:54.000000Z,2025-11-05T03:10:54.000000Z,Malaysia
14,https://www.nst.com.my/news/nation/2025/06/1225236/hfmd-surges-past-alert-level-johor-over-17500-cases,Google,3,Official,Malaysia,1,No,2025-08-04T05:52:39.000000Z,2025-08-04T05:52:39.000000Z,Malaysia
486,https://www.ntvbd.com/,Local News,7,Unofficial,Bangladeshi TV channel and news website providing entertainment and current events.,1,No,2025-11-05T03:10:54.000000Z,2025-11-05T03:10:54.000000Z,Bangladesh
487,https://www.nyasatimes.com/,Local News,7,Unofficial,Malawian online news source for politics and business.,1,No,2025-11-05T03:10:54.000000Z,2025-11-05T03:10:54.000000Z,Malawi
488,https://www.nzherald.co.nz/,Local News,7,Unofficial,"Major New Zealand daily providing national, business, and sports news.",1,No,2025-11-05T03:10:54.000000Z,2025-11-05T03:10:54.000000Z,New Zealand
489,https://www.observerbd.com/,Local News,7,Unofficial,"Bangladeshi daily newspaper offering politics, business, and world news.",1,No,2025-11-05T03:10:54.000000Z,2025-11-05T03:10:54.000000Z,Bangladesh
490,https://www.ohmynews.com/,Local News,7,Unofficial,Korean online platform allowing citizen journalists to publish global news.,1,No,2025-11-05T03:10:54.000000Z,2025-11-05T03:10:54.000000Z,South Korea
491,https://www.onmanorama.com/,Local News,7,Unofficial,Malayalam and English news portal from India focusing on lifestyle and current affairs.,1,No,2025-11-05T03:10:54.000000Z,2025-11-05T03:10:54.000000Z,India
492,https://www.ozarksfirst.com/,Local News,7,Unofficial,Missouri-based CBS affiliate providing news and weather.,1,No,2025-11-05T03:10:54.000000Z,2025-11-05T03:10:54.000000Z,United States
493,https://www.paho.org/,Google,3,Official,"Official website of the Pan American Health Organization, WHO regional office for the Americas.",1,No,2025-11-05T03:10:54.000000Z,2025-11-05T03:10:54.000000Z,United States
494,https://www.pakistantoday.com.pk/,Local News,7,Unofficial,English-language Pakistani newspaper offering political and economic coverage.,1,No,2025-11-05T03:10:54.000000Z,2025-11-05T03:10:54.000000Z,Pakistan
495,https://www.panaynews.net/,Local News,7,Unofficial,Philippine regional newspaper serving Western Visayas.,1,No,2025-11-05T03:10:54.000000Z,2025-11-05T03:10:54.000000Z,Philippines
496,https://www.patrika.com/,Local News,7,Unofficial,Hindi-language daily from India covering regional and national news.,1,No,2025-11-05T03:10:54.000000Z,2025-11-05T03:10:54.000000Z,India
497,https://www.perthnow.com.au/,Local News,7,Unofficial,Australian news site providing local Perth news and entertainment.,1,No,2025-11-05T03:10:54.000000Z,2025-11-05T03:10:54.000000Z,Australia
498,https://www.philstar.com/,Local News,7,Unofficial,Philippine Star online edition delivering national and business news.,1,No,2025-11-05T03:10:54.000000Z,2025-11-05T03:10:54.000000Z,Philippines
499,https://www.pikiran-rakyat.com/,Local News,7,Unofficial,Indonesian newspaper and online news platform covering regional updates.,1,No,2025-11-05T03:10:54.000000Z,2025-11-05T03:10:54.000000Z,Indonesia
500,https://www.plenglish.com/,Local News,7,Official,Cuban state-run international news agency providing global coverage.,1,No,2025-11-05T03:10:54.000000Z,2025-11-05T03:10:54.000000Z,Cuba
501,https://www.pna.gov.ph/,Local News,7,Official,Official news agency of the Government of the Philippines.,1,No,2025-11-05T03:10:54.000000Z,2025-11-05T03:10:54.000000Z,Philippines
502,https://www.portsmouth.co.uk/,Local News,7,Unofficial,UK local newspaper covering Portsmouth and Hampshire news.,1,No,2025-11-05T03:10:54.000000Z,2025-11-05T03:10:54.000000Z,United Kingdom
503,https://www.pravasiexpress.com/,Local News,7,Unofficial,Malayali community news portal based in Singapore.,1,No,2025-11-05T03:10:54.000000Z,2025-11-05T03:10:54.000000Z,Singapore
504,https://www.pressreader.com/,Local News,7,Unofficial,Global platform providing digital access to thousands of newspapers and magazines.,1,No,2025-11-05T03:10:54.000000Z,2025-11-05T03:10:54.000000Z,Canada
505,https://www.prokerala.com/,Local News,7,Unofficial,"Indian lifestyle, travel, and general news website.",1,No,2025-11-05T03:10:54.000000Z,2025-11-05T03:10:54.000000Z,India
506,https://www.prpeak.com/,Local News,7,Unofficial,Canadian local newspaper covering Powell River and surroundings.,1,No,2025-11-05T03:10:54.000000Z,2025-11-05T03:10:54.000000Z,Canada
507,https://www.pulse.com.gh/,Local News,7,Unofficial,"Ghanaian digital news media covering entertainment, sports, and politics.",1,No,2025-11-05T03:10:54.000000Z,2025-11-05T03:10:54.000000Z,Ghana
508,https://www.pulse.ug/,Local News,7,Unofficial,Ugandan online news and lifestyle media platform.,1,No,2025-11-05T03:10:54.000000Z,2025-11-05T03:10:54.000000Z,Uganda
509,https://www.qdnd.vn/,Local News,7,Official,Official newspaper of the Vietnam People&quot;’&quot;s Army.,1,No,2025-11-05T03:10:54.000000Z,2025-11-05T03:10:54.000000Z,Vietnam
510,https://www.queer.de/,Local News,7,Unofficial,German-language news site focused on LGBTQ+ topics and culture.,1,No,2025-11-05T03:10:54.000000Z,2025-11-05T03:10:54.000000Z,Germany
511,https://www.quintenews.com/,Local News,7,Unofficial,Canadian regional radio and news platform for Belleville and Quinte.,1,No,2025-11-05T03:10:54.000000Z,2025-11-05T03:10:54.000000Z,Canada
512,https://www.radarbanten.co.id/,Local News,7,Unofficial,Indonesian local news portal covering Banten province.,1,No,2025-11-05T03:10:54.000000Z,2025-11-05T03:10:54.000000Z,Indonesia
513,https://www.radioguinee.com/,Local News,7,Unofficial,Guinea-based radio network and online news platform.,1,No,2025-11-05T03:10:54.000000Z,2025-11-05T03:10:54.000000Z,Guinea
514,https://www.rappler.com/,Local News,7,Unofficial,Philippine online news network known for investigative journalism and social issues.,1,No,2025-11-05T03:10:54.000000Z,2025-11-05T03:10:54.000000Z,Philippines
515,https://www.reddeeradvocate.com/,Local News,7,Unofficial,"Canadian regional newspaper serving Red Deer, Alberta.",1,No,2025-11-05T03:10:54.000000Z,2025-11-05T03:10:54.000000Z,Canada
516,https://www.reuters.com/,Local News,7,Official,Global international news agency based in London providing verified news content.,1,No,2025-11-05T03:10:54.000000Z,2025-11-05T03:10:54.000000Z,United Kingdom
517,https://www.riautelevisi.com/,Local News,7,Official,"Regional television and online news portal from Riau, Indonesia covering local and national news.",1,No,2025-11-05T03:10:54.000000Z,2025-11-05T03:10:54.000000Z,Indonesia
518,https://www.richmond-news.com/,Local News,7,Official,"Local news source from Richmond, Canada providing updates on community events, politics, and lifestyle.",1,No,2025-11-05T03:10:54.000000Z,2025-11-05T03:10:54.000000Z,Canada
519,https://www.ringtimes.id/,Local News,7,Official,"Indonesian digital news platform covering politics, economy, entertainment, and technology.",1,No,2025-11-05T03:10:54.000000Z,2025-11-05T03:10:54.000000Z,Indonesia
520,https://www.riosdenoticias.com.br/,Local News,7,Official,Brazilian online news portal delivering regional and national updates across multiple categories.,1,No,2025-11-05T03:10:54.000000Z,2025-11-05T03:10:54.000000Z,Brazil
521,https://www.rri.co.id/,Local News,7,Official,Radio Republik Indonesia official news portal providing national and regional information.,1,No,2025-11-05T03:10:54.000000Z,2025-11-05T03:10:54.000000Z,Indonesia
522,https://www.rti.org.tw/,Local News,7,Official,Radio Taiwan International website offering news and cultural insights from Taiwan.,1,No,2025-11-05T03:10:54.000000Z,2025-11-05T03:10:54.000000Z,Taiwan
523,https://www.rtl.nl/,Local News,7,Official,Dutch broadcasting network RTL&quot;’&quot;s news site featuring national and international updates.,1,No,2025-11-05T03:10:54.000000Z,2025-11-05T03:10:54.000000Z,Netherlands
524,https://www.sacbee.com/,Local News,7,Official,"The Sacramento Bee is a U.S. news outlet offering state, national, and political news.",1,No,2025-11-05T03:10:54.000000Z,2025-11-05T03:10:54.000000Z,United States
525,https://www.salampapua.com/,Local News,7,Official,"Online news outlet from Papua, Indonesia focusing on local social and economic issues.",1,No,2025-11-05T03:10:54.000000Z,2025-11-05T03:10:54.000000Z,Indonesia
526,https://www.samoaobserver.ws/,Local News,7,Official,"Samoa&quot;’&quot;s leading newspaper providing news, opinions, and features about Samoa and the Pacific region.",1,No,2025-11-05T03:10:54.000000Z,2025-11-05T03:10:54.000000Z,Samoa
527,https://www.sanjuandailystar.com/,Local News,7,Official,English-language daily newspaper from Puerto Rico reporting local and international news.,1,No,2025-11-05T03:10:54.000000Z,2025-11-05T03:10:54.000000Z,Puerto Rico
528,https://www.sankei.com/,Local News,7,Official,"Japanese news site providing national, international, and business updates from Sankei Shimbun.",1,No,2025-11-05T03:10:54.000000Z,2025-11-05T03:10:54.000000Z,Japan
529,https://www.savonanews.it/,Local News,7,Official,Italian local news outlet covering events in the Savona province and surrounding Liguria region.,1,No,2025-11-05T03:10:54.000000Z,2025-11-05T03:10:54.000000Z,Italy
530,https://www.seattletimes.com/,Local News,7,Official,"The Seattle Times provides local, national, and world news from the United States.",1,No,2025-11-05T03:10:54.000000Z,2025-11-05T03:10:54.000000Z,United States
531,https://www.senenews.com/,Local News,7,Official,"Senegalese news portal offering updates on politics, economy, and African regional issues.",1,No,2025-11-05T03:10:54.000000Z,2025-11-05T03:10:54.000000Z,Senegal
532,https://www.sggp.org.vn/,Local News,7,Official,Sai Gon Giai Phong is a Vietnamese official newspaper covering national and Ho Chi Minh City news.,1,No,2025-11-05T03:10:54.000000Z,2025-11-05T03:10:54.000000Z,Vietnam
533,https://www.shawlocal.com/,Local News,7,Official,U.S.-based network of local news outlets delivering community and regional updates.,1,No,2025-11-05T03:10:54.000000Z,2025-11-05T03:10:54.000000Z,United States
534,https://www.sinarharian.com.my/,Local News,7,Official,Malaysian online newspaper providing news and opinions on national and regional issues.,1,No,2025-11-05T03:10:54.000000Z,2025-11-05T03:10:54.000000Z,Malaysia
535,https://www.skipr.nl/,Local News,7,Official,"Dutch health sector news platform focusing on policy, management, and innovation.",1,No,2025-11-05T03:10:54.000000Z,2025-11-05T03:10:54.000000Z,Netherlands
536,https://www.socialnews.xyz/,Local News,7,Official,"Indian entertainment and social news portal delivering updates on movies, politics, and lifestyle.",1,No,2025-11-05T03:10:54.000000Z,2025-11-05T03:10:54.000000Z,India
537,https://www.sowetanlive.co.za/,Local News,7,Official,"South African online news site delivering updates on politics, sports, and culture.",1,No,2025-11-05T03:10:54.000000Z,2025-11-05T03:10:54.000000Z,South Africa
538,https://www.stalbertgazette.com/,Local News,7,Official,Local Canadian newspaper covering community news and events in St. Albert.,1,No,2025-11-05T03:10:54.000000Z,2025-11-05T03:10:54.000000Z,Canada
539,https://www.standardmedia.co.ke/,Local News,7,Official,"Kenyan media house providing news on politics, economy, and international affairs.",1,No,2025-11-05T03:10:54.000000Z,2025-11-05T03:10:54.000000Z,Kenya
540,https://www.staradvertiser.com/,Local News,7,Official,"Hawaii&quot;’&quot;s major daily newspaper covering state, national, and Pacific region news.",1,No,2025-11-05T03:10:54.000000Z,2025-11-05T03:10:54.000000Z,United States
541,https://www.stav.kp.ru/,Local News,7,Official,Russian news outlet Komsolmolskaya Pravda providing national and regional stories.,1,No,2025-11-05T03:10:54.000000Z,2025-11-05T03:10:54.000000Z,Russia
542,https://www.straitstimes.com/,Local News,7,Official,Singapore&quot;’&quot;s leading English-language daily covering regional and global affairs.,1,No,2025-11-05T03:10:54.000000Z,2025-11-05T03:10:54.000000Z,Singapore
543,https://www.sunlive.co.nz/,Local News,7,Official,New Zealand-based online news platform covering Bay of Plenty region and national news.,1,No,2025-11-05T03:10:54.000000Z,2025-11-05T03:10:54.000000Z,New Zealand
544,https://www.sunstar.com.ph/,Local News,7,Official,Philippine community news network with updates from major provinces and cities.,1,No,2025-11-05T03:10:54.000000Z,2025-11-05T03:10:54.000000Z,Philippines
545,https://www.surinenglish.com/,Local News,7,Official,"English-language news portal covering Southern Spain, including lifestyle and regional events.",1,No,2025-11-05T03:10:54.000000Z,2025-11-05T03:10:54.000000Z,Spain
546,https://www.swindonadvertiser.co.uk/,Local News,7,Official,UK-based local newspaper focusing on Swindon and Wiltshire community news.,1,No,2025-11-05T03:10:54.000000Z,2025-11-05T03:10:54.000000Z,United Kingdom
574,https://www.t-online.de/,Local News,7,Official,"German online news portal covering national, sports, and lifestyle stories.",1,No,2025-10-13T22:27:00.000000Z,2025-10-13T22:27:00.000000Z,Germany
547,https://www.taiwannews.com.tw/,Local News,7,Official,Taiwanese English-language online newspaper covering national and international updates.,1,No,2025-11-05T03:10:54.000000Z,2025-11-05T03:10:54.000000Z,Taiwan
548,https://www.tbsnews.net/,Local News,7,Official,"The Business Standard, a Bangladeshi news outlet covering economy, politics, and development.",1,No,2025-11-05T03:10:54.000000Z,2025-11-05T03:10:54.000000Z,Bangladesh
549,https://www.telegraph.co.uk/,Local News,7,Official,"UK-based international news outlet providing coverage on politics, business, and lifestyle.",1,No,2025-11-05T03:10:54.000000Z,2025-11-05T03:10:54.000000Z,United Kingdom
550,https://www.teleprensa.com/,Local News,7,Official,Spanish online news platform delivering regional and international stories.,1,No,2025-11-05T03:10:54.000000Z,2025-11-05T03:10:54.000000Z,Spain
551,https://www.tempo.co/,Local News,7,Official,"Indonesian online media providing news, analysis, and investigative journalism.",1,No,2025-10-13T22:27:00.000000Z,2025-10-13T22:27:00.000000Z,Indonesia
552,https://www.tempostretto.it/,Local News,7,Official,Italian regional news portal focusing on Messina and Sicily updates.,1,No,2025-10-13T22:27:00.000000Z,2025-10-13T22:27:00.000000Z,Italy
562,https://www.the-star.co.ke/,Local News,7,Official,"Kenyan online news outlet focusing on politics, economy, and current affairs.",1,No,2025-10-13T22:27:00.000000Z,2025-10-13T22:27:00.000000Z,Kenya
553,https://www.theage.com.au/,Local News,7,Official,"Australian daily newspaper covering national, business, and world news.",1,No,2025-10-13T22:27:00.000000Z,2025-10-13T22:27:00.000000Z,Australia
554,https://www.theborneopost.com/,Local News,7,Official,"Leading newspaper in East Malaysia covering Sarawak, Sabah, and regional issues.",1,No,2025-10-13T22:27:00.000000Z,2025-10-13T22:27:00.000000Z,Malaysia
555,https://www.thecanadianpressnews.ca/,Local News,7,Official,Canadian national news agency providing factual and timely news updates.,1,No,2025-10-13T22:27:00.000000Z,2025-10-13T22:27:00.000000Z,Canada
556,https://www.thecitizen.co.tz/,Local News,7,Official,"Tanzanian news outlet delivering local, African, and international coverage.",1,No,2025-10-13T22:27:00.000000Z,2025-10-13T22:27:00.000000Z,Tanzania
557,https://www.thegoan.net/,Local News,7,Official,"Goa-based news platform covering politics, environment, and local developments.",1,No,2025-10-13T22:27:00.000000Z,2025-10-13T22:27:00.000000Z,India
558,https://www.theguardian.com/,Local News,7,Official,UK-based global news organization providing independent journalism and analysis.,1,No,2025-10-13T22:27:00.000000Z,2025-10-13T22:27:00.000000Z,United Kingdom
559,https://www.thehindu.com/,Local News,7,Official,Major Indian English-language newspaper covering national and international news.,1,No,2025-10-13T22:27:00.000000Z,2025-10-13T22:27:00.000000Z,India
560,https://www.thenews.com.pk/,Local News,7,Official,Pakistan&quot;’&quot;s leading daily newspaper with political and global coverage.,1,No,2025-10-13T22:27:00.000000Z,2025-10-13T22:27:00.000000Z,Pakistan
561,https://www.theportugalnews.com/,Local News,7,Official,Portugal&quot;’&quot;s national English-language newspaper covering European and world affairs.,1,No,2025-10-13T22:27:00.000000Z,2025-10-13T22:27:00.000000Z,Portugal
563,https://www.thestar.com.my/,Local News,7,Official,"Malaysia&quot;’&quot;s major English daily providing news, business, and lifestyle coverage.",1,No,2025-10-13T22:27:00.000000Z,2025-10-13T22:27:00.000000Z,Malaysia
564,https://www.thestar.com/,Local News,7,Official,"Canadian online newspaper covering national, local, and global news stories.",1,No,2025-10-13T22:27:00.000000Z,2025-10-13T22:27:00.000000Z,Canada
565,https://www.thestatesman.com/,Local News,7,Official,Indian national newspaper providing political and cultural news and analysis.,1,No,2025-10-13T22:27:00.000000Z,2025-10-13T22:27:00.000000Z,India
566,https://www.theweek.in/,Local News,7,Official,"Indian weekly news magazine offering coverage on politics, business, and science.",1,No,2025-10-13T22:27:00.000000Z,2025-10-13T22:27:00.000000Z,India
567,https://www.timesnownews.com/,Local News,7,Official,Indian news channel and online portal providing national and global updates.,1,No,2025-10-13T22:27:00.000000Z,2025-10-13T22:27:00.000000Z,India
568,https://www.timesofisrael.com/,Local News,7,Official,English-language Israeli news site covering Middle East and world affairs.,1,No,2025-10-13T22:27:00.000000Z,2025-10-13T22:27:00.000000Z,Israel
569,https://www.timesunion.com/,Local News,7,Official,U.S. regional newspaper covering Albany and upstate New York news.,1,No,2025-10-13T22:27:00.000000Z,2025-10-13T22:27:00.000000Z,United States
570,https://www.tintahijau.com/,Local News,7,Official,"Indonesian local news portal covering Subang, West Java, and national updates.",1,No,2025-10-13T22:27:00.000000Z,2025-10-13T22:27:00.000000Z,Indonesia
571,https://www.tl7.fr/,Local News,7,Official,French local news site providing regional updates and cultural news.,1,No,2025-10-13T22:27:00.000000Z,2025-10-13T22:27:00.000000Z,France
572,https://www.tn.gov/,Official Government Sites,4,Official,"Official website of the State of Tennessee, USA providing government information and updates.",1,No,2025-10-13T22:27:00.000000Z,2025-10-13T22:27:00.000000Z,United States
573,https://www.tokyo-np.co.jp/,Local News,7,Official,Japanese newspaper offering national and Tokyo metropolitan area news.,1,No,2025-10-13T22:27:00.000000Z,2025-10-13T22:27:00.000000Z,Japan
575,https://www.tpr.org/,Local News,7,Official,Texas Public Radio official site featuring U.S. and local news content.,1,No,2025-10-13T22:27:00.000000Z,2025-10-13T22:27:00.000000Z,United States
576,https://www.travelandtourworld.com/,Local News,7,Official,Global travel and tourism industry news and media portal.,1,No,2025-10-13T22:27:00.000000Z,2025-10-13T22:27:00.000000Z,United States
577,https://www.tribunnews.com/,Local News,7,Official,Indonesian national online news portal part of Tribun Network.,1,No,2025-10-13T22:27:00.000000Z,2025-10-13T22:27:00.000000Z,Indonesia
578,https://www.trt.global/,Local News,7,Official,Turkish Radio and Television Corporation&quot;’&quot;s international news platform.,1,No,2025-10-13T22:27:00.000000Z,2025-10-13T22:27:00.000000Z,Turkey
579,https://www.umy.ac.id/,Official Government Sites,4,Official,"Official website of Universitas Muhammadiyah Yogyakarta, Indonesia.",1,No,2025-10-13T22:27:00.000000Z,2025-10-13T22:27:00.000000Z,Indonesia
580,https://www.unb.com.bd/,Local News,7,Official,United News of Bangladesh – national news agency delivering verified news.,1,No,2025-10-13T22:27:00.000000Z,2025-10-13T22:27:00.000000Z,Bangladesh
581,https://www.uniindia.com/,Local News,7,Official,United News of India – Indian news agency providing national and regional coverage.,1,No,2025-10-13T22:27:00.000000Z,2025-10-13T22:27:00.000000Z,India
582,https://www.unmc.edu/,Official Government Sites,4,Official,Official website of the University of Nebraska Medical Center providing academic and health research news.,1,No,2025-10-13T22:27:00.000000Z,2025-10-13T22:27:00.000000Z,United States
583,https://www.usnews.com/,Local News,7,Official,"U.S.-based news and ranking publication covering education, health, and politics.",1,No,2025-10-13T22:27:00.000000Z,2025-10-13T22:27:00.000000Z,United States
584,https://www.valleycentral.com/,Local News,7,Official,Local Texas-based TV news website offering breaking news and weather updates.,1,No,2025-10-13T22:27:00.000000Z,2025-10-13T22:27:00.000000Z,United States
585,https://www.vax-before-travel.com/,HTML,8,Official,Health and vaccine information platform for travelers and global health updates.,1,No,2025-10-13T22:27:00.000000Z,2025-10-13T22:27:00.000000Z,United States
586,https://www.vietnam.vn/,Local News,7,Official,Vietnamese national online news portal providing domestic and global coverage.,1,No,2025-10-13T22:27:00.000000Z,2025-10-13T22:27:00.000000Z,Vietnam
587,https://www.vietnamplus.vn/,Google,3,Official,Vietnamese government news agency offering English and Vietnamese news updates.,1,No,2025-10-13T22:27:00.000000Z,2025-10-13T22:27:00.000000Z,Vietnam
588,https://www.viva.co.id/,Local News,7,Official,"Indonesian online news portal covering politics, lifestyle, and entertainment.",1,No,2025-10-13T22:27:00.000000Z,2025-10-13T22:27:00.000000Z,Indonesia
589,https://www.volgograd.kp.ru/,Local News,7,Official,Regional branch of Russian Komsolmolskaya Pravda covering Volgograd news.,1,No,2025-10-13T22:27:00.000000Z,2025-10-13T22:27:00.000000Z,Russia
590,https://www.wbaltv.com/,Local News,7,Official,U.S. TV station website from Baltimore covering local and national stories.,1,No,2025-10-13T22:27:00.000000Z,2025-10-13T22:27:00.000000Z,United States
591,https://www.wect.com/,Local News,7,Official,North Carolina-based TV news station offering U.S. and local updates.,1,No,2025-10-13T22:27:00.000000Z,2025-10-13T22:27:00.000000Z,United States
592,https://www.who.int/,Official Government Sites,4,Official,World Health Organization official site providing global health data and policy information.,1,No,2025-10-13T22:27:00.000000Z,2025-10-13T22:27:00.000000Z,Global
593,https://www.wimberleyview.com/,Local News,7,Official,Local Texas community newspaper providing regional news and updates.,1,No,2025-10-13T22:27:00.000000Z,2025-10-13T22:27:00.000000Z,United States
594,https://www.winnipegfreepress.com/,Local News,7,Official,"Canadian daily newspaper covering local, national, and world news.",1,No,2025-10-13T22:27:00.000000Z,2025-10-13T22:27:00.000000Z,Canada
595,https://www.witn.com/,Local News,7,Official,Eastern North Carolina news station delivering regional and national updates.,1,No,2025-10-13T22:27:00.000000Z,2025-10-13T22:27:00.000000Z,United States
596,https://www.wkrn.com/,Local News,7,Official,ABC affiliate TV station covering Nashville and Tennessee news.,1,No,2025-10-13T22:27:00.000000Z,2025-10-13T22:27:00.000000Z,United States
597,https://www.wsws.org/,Local News,7,Official,World Socialist Web Site covering global political and social commentary.,1,No,2025-10-13T22:27:00.000000Z,2025-10-13T22:27:00.000000Z,United States
598,https://www.wzzm13.com/,Local News,7,Official,U.S. local news station in Michigan providing regional and national updates.,1,No,2025-10-13T22:27:00.000000Z,2025-10-13T22:27:00.000000Z,United States
599,https://www.xaluannews.com/,Local News,7,Official,Vietnamese online news aggregator covering multiple national sources.,1,No,2025-10-13T22:27:00.000000Z,2025-10-13T22:27:00.000000Z,Vietnam
600,https://www.yahoo.com/,Local News,7,Official,"Global web portal providing news, email, and entertainment content.",1,No,2025-10-13T22:27:00.000000Z,2025-10-13T22:27:00.000000Z,United States
601,https://www.ygeiamou.gr/,Local News,7,Official,Greek online health and wellness news portal.,1,No,2025-10-13T22:27:00.000000Z,2025-10-13T22:27:00.000000Z,Greece
602,https://www.yna.co.kr/,Local News,7,Official,Yonhap News Agency – South Korea&quot;’&quot;s national news agency providing local and international coverage.,1,No,2025-10-13T22:27:00.000000Z,2025-10-13T22:27:00.000000Z,South Korea
603,https://www.yomiuri.co.jp/,Local News,7,Official,"Japanese newspaper Yomiuri Shimbun offering political, economic, and social news.",1,No,2025-10-13T22:27:00.000000Z,2025-10-13T22:27:00.000000Z,Japan
604,https://www.yorkshirepost.co.uk/,Local News,7,Official,UK regional news outlet covering Yorkshire area news and analysis.,1,No,2025-10-13T22:27:00.000000Z,2025-10-13T22:27:00.000000Z,United Kingdom
605,https://www.yourerie.com/,Local News,7,Official,"U.S. local news station from Erie, Pennsylvania providing weather and updates.",1,No,2025-10-13T22:27:00.000000Z,2025-10-13T22:27:00.000000Z,United States
606,https://www.zigzagweekly.net/,Local News,7,Official,"Community news outlet serving Cordillera and Northern Luzon regions, Philippines.",1,No,2025-10-13T22:27:00.000000Z,2025-10-13T22:27:00.000000Z,Philippines
607,https://www1.racgp.org.au/,Official Government Sites,4,Official,Royal Australian College of General Practitioners website providing medical and public health information.,1,No,2025-10-13T22:27:00.000000Z,2025-12-11T03:51:41.000000Z,Australia
608,https://www3.nhk.or.jp/,Local News,7,Official,Official website of Japan Broadcasting Corporation NHK providing domestic and global news.,1,No,2025-10-13T22:27:00.000000Z,2025-10-13T22:27:00.000000Z,Japan
807,https://xaydungchinhsach.chinhphu.vn/,Google,3,Unofficial,https://xaydungchinhsach.chinhphu.vn/,1,Yes,2026-01-26T00:40:46.000000Z,2026-01-26T00:40:46.000000Z,Vietnam
1266,https://xinwen.bjd.com.cn/,Google,3,Unofficial,https://xinwen.bjd.com.cn/,1,Yes,2026-07-11T08:29:03.000000Z,2026-07-11T08:29:03.000000Z,China
1276,https://xmnn.cn/,Google,3,Unofficial,https://xmnn.cn/,1,Yes,2026-07-15T08:41:09.000000Z,2026-07-15T08:41:09.000000Z,China
758,https://xn----ctbfecatgqygb5apl.xn--p1ai/,Google,3,Unofficial,https://xn----ctbfecatgqygb5apl.xn--p1ai/,1,Yes,2026-01-21T15:10:55.000000Z,2026-01-21T15:10:55.000000Z,Russia
737,https://yalovagazetesi.com/,Google,3,Unofficial,https://yalovagazetesi.com/,1,Yes,2026-01-20T13:48:46.000000Z,2026-01-20T13:48:46.000000Z,Turkey
1272,https://yeeyi.com/,Google,3,Unofficial,https://yeeyi.com/,1,Yes,2026-07-14T08:32:11.000000Z,2026-07-14T08:32:11.000000Z,Australia
1212,https://yicai.com/,Google,3,Unofficial,https://yicai.com/,1,Yes,2026-05-31T08:51:44.000000Z,2026-05-31T08:51:44.000000Z,China
609,https://yogyakarta.kompas.com/,Local News,7,Official,Regional Kompas.com subdomain focusing on Yogyakarta local news and events.,1,No,2025-10-13T22:27:00.000000Z,2025-12-11T03:49:06.000000Z,Indonesia
752,https://yte.daklak.gov.vn/,Google,3,Unofficial,https://yte.daklak.gov.vn/,1,Yes,2026-01-21T08:19:10.000000Z,2026-01-21T08:19:10.000000Z,Vietnam
846,https://ytemienbac.vn/,Google,3,Unofficial,https://ytemienbac.vn/,1,Yes,2026-01-27T15:31:39.000000Z,2026-01-27T15:31:39.000000Z,Vietnam
1248,https://zaochenbao.com/,Google,3,Unofficial,https://zaochenbao.com/,1,Yes,2026-07-03T09:42:00.000000Z,2026-07-03T09:42:00.000000Z,China
610,https://zaxid.net/,Local News,7,Official,Ukrainian regional news website covering Lviv and national updates.,1,No,2025-10-13T22:27:00.000000Z,2025-10-13T22:27:00.000000Z,Ukraine
857,https://zazoom.it/,Google,3,Unofficial,https://zazoom.it/,1,Yes,2026-02-01T20:46:48.000000Z,2026-02-01T20:46:48.000000Z,Italy
769,https://zeenews.india.com/,Google,3,Unofficial,https://zeenews.india.com/,1,Yes,2026-01-21T18:47:08.000000Z,2026-01-21T18:47:08.000000Z,India
658,https://znews.vn/,Google,3,Unofficial,https://znews.vn/,1,Yes,2025-12-18T01:03:59.000000Z,2025-12-18T01:03:59.000000Z,Vietnam