article_id,disease_label,title,content,location_name,country_code,cases,deaths,is_health_outbreak,url
ART-0001,Anthrax,[Judul Artikel Anthrax #1],[Paragraf / Teks Berita Anthrax #1],[Nama Kota/Kab/Provinsi],IDN,0,0,TRUE,https://...
ART-0002,Anthrax,[Judul Artikel Anthrax #2],[Paragraf / Teks Berita Anthrax #2],[Nama Kota/Kab/Provinsi],IDN,0,0,TRUE,https://...
ART-0003,Anthrax,[Judul Artikel Anthrax #3],[Paragraf / Teks Berita Anthrax #3],[Nama Kota/Kab/Provinsi],IDN,0,0,TRUE,https://...
ART-0004,Anthrax,[Judul Artikel Anthrax #4],[Paragraf / Teks Berita Anthrax #4],[Nama Kota/Kab/Provinsi],IDN,0,0,TRUE,https://...
ART-0005,Anthrax,[Judul Artikel Anthrax #5],[Paragraf / Teks Berita Anthrax #5],[Nama Kota/Kab/Provinsi],IDN,0,0,TRUE,https://...
ART-0006,Anthrax,[Judul Artikel Anthrax #6],[Paragraf / Teks Berita Anthrax #6],[Nama Kota/Kab/Provinsi],IDN,0,0,TRUE,https://...
ART-0007,Anthrax,[Judul Artikel Anthrax #7],[Paragraf / Teks Berita Anthrax #7],[Nama Kota/Kab/Provinsi],IDN,0,0,TRUE,https://...
ART-0008,Anthrax,[Judul Artikel Anthrax #8],[Paragraf / Teks Berita Anthrax #8],[Nama Kota/Kab/Provinsi],IDN,0,0,TRUE,https://...
ART-0009,Anthrax,[Judul Artikel Anthrax #9],[Paragraf / Teks Berita Anthrax #9],[Nama Kota/Kab/Provinsi],IDN,0,0,TRUE,https://...
ART-0010,Anthrax,[Judul Artikel Anthrax #10],[Paragraf / Teks Berita Anthrax #10],[Nama Kota/Kab/Provinsi],IDN,0,0,TRUE,https://...
ART-0011,Anthrax,[Judul Artikel Anthrax #11],[Paragraf / Teks Berita Anthrax #11],[Nama Kota/Kab/Provinsi],IDN,0,0,TRUE,https://...
ART-0012,Anthrax,[Judul Artikel Anthrax #12],[Paragraf / Teks Berita Anthrax #12],[Nama Kota/Kab/Provinsi],IDN,0,0,TRUE,https://...
ART-0013,Anthrax,[Judul Artikel Anthrax #13],[Paragraf / Teks Berita Anthrax #13],[Nama Kota/Kab/Provinsi],IDN,0,0,TRUE,https://...
ART-0014,Anthrax,[Judul Artikel Anthrax #14],[Paragraf / Teks Berita Anthrax #14],[Nama Kota/Kab/Provinsi],IDN,0,0,TRUE,https://...
ART-0015,Anthrax,[Judul Artikel Anthrax #15],[Paragraf / Teks Berita Anthrax #15],[Nama Kota/Kab/Provinsi],IDN,0,0,TRUE,https://...
ART-0016,Anthrax,[Judul Artikel Anthrax #16],[Paragraf / Teks Berita Anthrax #16],[Nama Kota/Kab/Provinsi],IDN,0,0,TRUE,https://...
ART-0017,Anthrax,[Judul Artikel Anthrax #17],[Paragraf / Teks Berita Anthrax #17],[Nama Kota/Kab/Provinsi],IDN,0,0,TRUE,https://...
ART-0018,Anthrax,[Judul Artikel Anthrax #18],[Paragraf / Teks Berita Anthrax #18],[Nama Kota/Kab/Provinsi],IDN,0,0,TRUE,https://...
ART-0019,Anthrax,[Judul Artikel Anthrax #19],[Paragraf / Teks Berita Anthrax #19],[Nama Kota/Kab/Provinsi],IDN,0,0,TRUE,https://...
ART-0020,Anthrax,[Judul Artikel Anthrax #20],[Paragraf / Teks Berita Anthrax #20],[Nama Kota/Kab/Provinsi],IDN,0,0,TRUE,https://...
ART-0021,Avian Influenza (Bird Flu),[Judul Artikel Avian Influenza (Bird Flu) #1],[Paragraf / Teks Berita Avian Influenza (Bird Flu) #1],[Nama Kota/Kab/Provinsi],IDN,0,0,TRUE,https://...
ART-0022,Avian Influenza (Bird Flu),[Judul Artikel Avian Influenza (Bird Flu) #2],[Paragraf / Teks Berita Avian Influenza (Bird Flu) #2],[Nama Kota/Kab/Provinsi],IDN,0,0,TRUE,https://...
ART-0023,Avian Influenza (Bird Flu),[Judul Artikel Avian Influenza (Bird Flu) #3],[Paragraf / Teks Berita Avian Influenza (Bird Flu) #3],[Nama Kota/Kab/Provinsi],IDN,0,0,TRUE,https://...
ART-0024,Avian Influenza (Bird Flu),[Judul Artikel Avian Influenza (Bird Flu) #4],[Paragraf / Teks Berita Avian Influenza (Bird Flu) #4],[Nama Kota/Kab/Provinsi],IDN,0,0,TRUE,https://...
ART-0025,Avian Influenza (Bird Flu),[Judul Artikel Avian Influenza (Bird Flu) #5],[Paragraf / Teks Berita Avian Influenza (Bird Flu) #5],[Nama Kota/Kab/Provinsi],IDN,0,0,TRUE,https://...
ART-0026,Avian Influenza (Bird Flu),[Judul Artikel Avian Influenza (Bird Flu) #6],[Paragraf / Teks Berita Avian Influenza (Bird Flu) #6],[Nama Kota/Kab/Provinsi],IDN,0,0,TRUE,https://...
ART-0027,Avian Influenza (Bird Flu),[Judul Artikel Avian Influenza (Bird Flu) #7],[Paragraf / Teks Berita Avian Influenza (Bird Flu) #7],[Nama Kota/Kab/Provinsi],IDN,0,0,TRUE,https://...
ART-0028,Avian Influenza (Bird Flu),[Judul Artikel Avian Influenza (Bird Flu) #8],[Paragraf / Teks Berita Avian Influenza (Bird Flu) #8],[Nama Kota/Kab/Provinsi],IDN,0,0,TRUE,https://...
ART-0029,Avian Influenza (Bird Flu),[Judul Artikel Avian Influenza (Bird Flu) #9],[Paragraf / Teks Berita Avian Influenza (Bird Flu) #9],[Nama Kota/Kab/Provinsi],IDN,0,0,TRUE,https://...
ART-0030,Avian Influenza (Bird Flu),[Judul Artikel Avian Influenza (Bird Flu) #10],[Paragraf / Teks Berita Avian Influenza (Bird Flu) #10],[Nama Kota/Kab/Provinsi],IDN,0,0,TRUE,https://...
ART-0031,Avian Influenza (Bird Flu),[Judul Artikel Avian Influenza (Bird Flu) #11],[Paragraf / Teks Berita Avian Influenza (Bird Flu) #11],[Nama Kota/Kab/Provinsi],IDN,0,0,TRUE,https://...
ART-0032,Avian Influenza (Bird Flu),[Judul Artikel Avian Influenza (Bird Flu) #12],[Paragraf / Teks Berita Avian Influenza (Bird Flu) #12],[Nama Kota/Kab/Provinsi],IDN,0,0,TRUE,https://...
ART-0033,Avian Influenza (Bird Flu),[Judul Artikel Avian Influenza (Bird Flu) #13],[Paragraf / Teks Berita Avian Influenza (Bird Flu) #13],[Nama Kota/Kab/Provinsi],IDN,0,0,TRUE,https://...
ART-0034,Avian Influenza (Bird Flu),[Judul Artikel Avian Influenza (Bird Flu) #14],[Paragraf / Teks Berita Avian Influenza (Bird Flu) #14],[Nama Kota/Kab/Provinsi],IDN,0,0,TRUE,https://...
ART-0035,Avian Influenza (Bird Flu),[Judul Artikel Avian Influenza (Bird Flu) #15],[Paragraf / Teks Berita Avian Influenza (Bird Flu) #15],[Nama Kota/Kab/Provinsi],IDN,0,0,TRUE,https://...
ART-0036,Avian Influenza (Bird Flu),[Judul Artikel Avian Influenza (Bird Flu) #16],[Paragraf / Teks Berita Avian Influenza (Bird Flu) #16],[Nama Kota/Kab/Provinsi],IDN,0,0,TRUE,https://...
ART-0037,Avian Influenza (Bird Flu),[Judul Artikel Avian Influenza (Bird Flu) #17],[Paragraf / Teks Berita Avian Influenza (Bird Flu) #17],[Nama Kota/Kab/Provinsi],IDN,0,0,TRUE,https://...
ART-0038,Avian Influenza (Bird Flu),[Judul Artikel Avian Influenza (Bird Flu) #18],[Paragraf / Teks Berita Avian Influenza (Bird Flu) #18],[Nama Kota/Kab/Provinsi],IDN,0,0,TRUE,https://...
ART-0039,Avian Influenza (Bird Flu),[Judul Artikel Avian Influenza (Bird Flu) #19],[Paragraf / Teks Berita Avian Influenza (Bird Flu) #19],[Nama Kota/Kab/Provinsi],IDN,0,0,TRUE,https://...
ART-0040,Avian Influenza (Bird Flu),[Judul Artikel Avian Influenza (Bird Flu) #20],[Paragraf / Teks Berita Avian Influenza (Bird Flu) #20],[Nama Kota/Kab/Provinsi],IDN,0,0,TRUE,https://...
ART-0041,Chikungunya,[Judul Artikel Chikungunya #1],[Paragraf / Teks Berita Chikungunya #1],[Nama Kota/Kab/Provinsi],IDN,0,0,TRUE,https://...
ART-0042,Chikungunya,[Judul Artikel Chikungunya #2],[Paragraf / Teks Berita Chikungunya #2],[Nama Kota/Kab/Provinsi],IDN,0,0,TRUE,https://...
ART-0043,Chikungunya,[Judul Artikel Chikungunya #3],[Paragraf / Teks Berita Chikungunya #3],[Nama Kota/Kab/Provinsi],IDN,0,0,TRUE,https://...
ART-0044,Chikungunya,[Judul Artikel Chikungunya #4],[Paragraf / Teks Berita Chikungunya #4],[Nama Kota/Kab/Provinsi],IDN,0,0,TRUE,https://...
ART-0045,Chikungunya,[Judul Artikel Chikungunya #5],[Paragraf / Teks Berita Chikungunya #5],[Nama Kota/Kab/Provinsi],IDN,0,0,TRUE,https://...
ART-0046,Chikungunya,[Judul Artikel Chikungunya #6],[Paragraf / Teks Berita Chikungunya #6],[Nama Kota/Kab/Provinsi],IDN,0,0,TRUE,https://...
ART-0047,Chikungunya,[Judul Artikel Chikungunya #7],[Paragraf / Teks Berita Chikungunya #7],[Nama Kota/Kab/Provinsi],IDN,0,0,TRUE,https://...
ART-0048,Chikungunya,[Judul Artikel Chikungunya #8],[Paragraf / Teks Berita Chikungunya #8],[Nama Kota/Kab/Provinsi],IDN,0,0,TRUE,https://...
ART-0049,Chikungunya,[Judul Artikel Chikungunya #9],[Paragraf / Teks Berita Chikungunya #9],[Nama Kota/Kab/Provinsi],IDN,0,0,TRUE,https://...
ART-0050,Chikungunya,[Judul Artikel Chikungunya #10],[Paragraf / Teks Berita Chikungunya #10],[Nama Kota/Kab/Provinsi],IDN,0,0,TRUE,https://...
ART-0051,Chikungunya,[Judul Artikel Chikungunya #11],[Paragraf / Teks Berita Chikungunya #11],[Nama Kota/Kab/Provinsi],IDN,0,0,TRUE,https://...
ART-0052,Chikungunya,[Judul Artikel Chikungunya #12],[Paragraf / Teks Berita Chikungunya #12],[Nama Kota/Kab/Provinsi],IDN,0,0,TRUE,https://...
ART-0053,Chikungunya,[Judul Artikel Chikungunya #13],[Paragraf / Teks Berita Chikungunya #13],[Nama Kota/Kab/Provinsi],IDN,0,0,TRUE,https://...
ART-0054,Chikungunya,[Judul Artikel Chikungunya #14],[Paragraf / Teks Berita Chikungunya #14],[Nama Kota/Kab/Provinsi],IDN,0,0,TRUE,https://...
ART-0055,Chikungunya,[Judul Artikel Chikungunya #15],[Paragraf / Teks Berita Chikungunya #15],[Nama Kota/Kab/Provinsi],IDN,0,0,TRUE,https://...
ART-0056,Chikungunya,[Judul Artikel Chikungunya #16],[Paragraf / Teks Berita Chikungunya #16],[Nama Kota/Kab/Provinsi],IDN,0,0,TRUE,https://...
ART-0057,Chikungunya,[Judul Artikel Chikungunya #17],[Paragraf / Teks Berita Chikungunya #17],[Nama Kota/Kab/Provinsi],IDN,0,0,TRUE,https://...
ART-0058,Chikungunya,[Judul Artikel Chikungunya #18],[Paragraf / Teks Berita Chikungunya #18],[Nama Kota/Kab/Provinsi],IDN,0,0,TRUE,https://...
ART-0059,Chikungunya,[Judul Artikel Chikungunya #19],[Paragraf / Teks Berita Chikungunya #19],[Nama Kota/Kab/Provinsi],IDN,0,0,TRUE,https://...
ART-0060,Chikungunya,[Judul Artikel Chikungunya #20],[Paragraf / Teks Berita Chikungunya #20],[Nama Kota/Kab/Provinsi],IDN,0,0,TRUE,https://...
ART-0061,COVID-19,[Judul Artikel COVID-19 #1],[Paragraf / Teks Berita COVID-19 #1],[Nama Kota/Kab/Provinsi],IDN,0,0,TRUE,https://...
ART-0062,COVID-19,[Judul Artikel COVID-19 #2],[Paragraf / Teks Berita COVID-19 #2],[Nama Kota/Kab/Provinsi],IDN,0,0,TRUE,https://...
ART-0063,COVID-19,[Judul Artikel COVID-19 #3],[Paragraf / Teks Berita COVID-19 #3],[Nama Kota/Kab/Provinsi],IDN,0,0,TRUE,https://...
ART-0064,COVID-19,[Judul Artikel COVID-19 #4],[Paragraf / Teks Berita COVID-19 #4],[Nama Kota/Kab/Provinsi],IDN,0,0,TRUE,https://...
ART-0065,COVID-19,[Judul Artikel COVID-19 #5],[Paragraf / Teks Berita COVID-19 #5],[Nama Kota/Kab/Provinsi],IDN,0,0,TRUE,https://...
ART-0066,COVID-19,[Judul Artikel COVID-19 #6],[Paragraf / Teks Berita COVID-19 #6],[Nama Kota/Kab/Provinsi],IDN,0,0,TRUE,https://...
ART-0067,COVID-19,[Judul Artikel COVID-19 #7],[Paragraf / Teks Berita COVID-19 #7],[Nama Kota/Kab/Provinsi],IDN,0,0,TRUE,https://...
ART-0068,COVID-19,[Judul Artikel COVID-19 #8],[Paragraf / Teks Berita COVID-19 #8],[Nama Kota/Kab/Provinsi],IDN,0,0,TRUE,https://...
ART-0069,COVID-19,[Judul Artikel COVID-19 #9],[Paragraf / Teks Berita COVID-19 #9],[Nama Kota/Kab/Provinsi],IDN,0,0,TRUE,https://...
ART-0070,COVID-19,[Judul Artikel COVID-19 #10],[Paragraf / Teks Berita COVID-19 #10],[Nama Kota/Kab/Provinsi],IDN,0,0,TRUE,https://...
ART-0071,COVID-19,[Judul Artikel COVID-19 #11],[Paragraf / Teks Berita COVID-19 #11],[Nama Kota/Kab/Provinsi],IDN,0,0,TRUE,https://...
ART-0072,COVID-19,[Judul Artikel COVID-19 #12],[Paragraf / Teks Berita COVID-19 #12],[Nama Kota/Kab/Provinsi],IDN,0,0,TRUE,https://...
ART-0073,COVID-19,[Judul Artikel COVID-19 #13],[Paragraf / Teks Berita COVID-19 #13],[Nama Kota/Kab/Provinsi],IDN,0,0,TRUE,https://...
ART-0074,COVID-19,[Judul Artikel COVID-19 #14],[Paragraf / Teks Berita COVID-19 #14],[Nama Kota/Kab/Provinsi],IDN,0,0,TRUE,https://...
ART-0075,COVID-19,[Judul Artikel COVID-19 #15],[Paragraf / Teks Berita COVID-19 #15],[Nama Kota/Kab/Provinsi],IDN,0,0,TRUE,https://...
ART-0076,COVID-19,[Judul Artikel COVID-19 #16],[Paragraf / Teks Berita COVID-19 #16],[Nama Kota/Kab/Provinsi],IDN,0,0,TRUE,https://...
ART-0077,COVID-19,[Judul Artikel COVID-19 #17],[Paragraf / Teks Berita COVID-19 #17],[Nama Kota/Kab/Provinsi],IDN,0,0,TRUE,https://...
ART-0078,COVID-19,[Judul Artikel COVID-19 #18],[Paragraf / Teks Berita COVID-19 #18],[Nama Kota/Kab/Provinsi],IDN,0,0,TRUE,https://...
ART-0079,COVID-19,[Judul Artikel COVID-19 #19],[Paragraf / Teks Berita COVID-19 #19],[Nama Kota/Kab/Provinsi],IDN,0,0,TRUE,https://...
ART-0080,COVID-19,[Judul Artikel COVID-19 #20],[Paragraf / Teks Berita COVID-19 #20],[Nama Kota/Kab/Provinsi],IDN,0,0,TRUE,https://...
ART-0081,Crimean-Congo Hemorrhagic Fever,[Judul Artikel Crimean-Congo Hemorrhagic Fever #1],[Paragraf / Teks Berita Crimean-Congo Hemorrhagic Fever #1],[Nama Kota/Kab/Provinsi],IDN,0,0,TRUE,https://...
ART-0082,Crimean-Congo Hemorrhagic Fever,[Judul Artikel Crimean-Congo Hemorrhagic Fever #2],[Paragraf / Teks Berita Crimean-Congo Hemorrhagic Fever #2],[Nama Kota/Kab/Provinsi],IDN,0,0,TRUE,https://...
ART-0083,Crimean-Congo Hemorrhagic Fever,[Judul Artikel Crimean-Congo Hemorrhagic Fever #3],[Paragraf / Teks Berita Crimean-Congo Hemorrhagic Fever #3],[Nama Kota/Kab/Provinsi],IDN,0,0,TRUE,https://...
ART-0084,Crimean-Congo Hemorrhagic Fever,[Judul Artikel Crimean-Congo Hemorrhagic Fever #4],[Paragraf / Teks Berita Crimean-Congo Hemorrhagic Fever #4],[Nama Kota/Kab/Provinsi],IDN,0,0,TRUE,https://...
ART-0085,Crimean-Congo Hemorrhagic Fever,[Judul Artikel Crimean-Congo Hemorrhagic Fever #5],[Paragraf / Teks Berita Crimean-Congo Hemorrhagic Fever #5],[Nama Kota/Kab/Provinsi],IDN,0,0,TRUE,https://...
ART-0086,Crimean-Congo Hemorrhagic Fever,[Judul Artikel Crimean-Congo Hemorrhagic Fever #6],[Paragraf / Teks Berita Crimean-Congo Hemorrhagic Fever #6],[Nama Kota/Kab/Provinsi],IDN,0,0,TRUE,https://...
ART-0087,Crimean-Congo Hemorrhagic Fever,[Judul Artikel Crimean-Congo Hemorrhagic Fever #7],[Paragraf / Teks Berita Crimean-Congo Hemorrhagic Fever #7],[Nama Kota/Kab/Provinsi],IDN,0,0,TRUE,https://...
ART-0088,Crimean-Congo Hemorrhagic Fever,[Judul Artikel Crimean-Congo Hemorrhagic Fever #8],[Paragraf / Teks Berita Crimean-Congo Hemorrhagic Fever #8],[Nama Kota/Kab/Provinsi],IDN,0,0,TRUE,https://...
ART-0089,Crimean-Congo Hemorrhagic Fever,[Judul Artikel Crimean-Congo Hemorrhagic Fever #9],[Paragraf / Teks Berita Crimean-Congo Hemorrhagic Fever #9],[Nama Kota/Kab/Provinsi],IDN,0,0,TRUE,https://...
ART-0090,Crimean-Congo Hemorrhagic Fever,[Judul Artikel Crimean-Congo Hemorrhagic Fever #10],[Paragraf / Teks Berita Crimean-Congo Hemorrhagic Fever #10],[Nama Kota/Kab/Provinsi],IDN,0,0,TRUE,https://...
ART-0091,Crimean-Congo Hemorrhagic Fever,[Judul Artikel Crimean-Congo Hemorrhagic Fever #11],[Paragraf / Teks Berita Crimean-Congo Hemorrhagic Fever #11],[Nama Kota/Kab/Provinsi],IDN,0,0,TRUE,https://...
ART-0092,Crimean-Congo Hemorrhagic Fever,[Judul Artikel Crimean-Congo Hemorrhagic Fever #12],[Paragraf / Teks Berita Crimean-Congo Hemorrhagic Fever #12],[Nama Kota/Kab/Provinsi],IDN,0,0,TRUE,https://...
ART-0093,Crimean-Congo Hemorrhagic Fever,[Judul Artikel Crimean-Congo Hemorrhagic Fever #13],[Paragraf / Teks Berita Crimean-Congo Hemorrhagic Fever #13],[Nama Kota/Kab/Provinsi],IDN,0,0,TRUE,https://...
ART-0094,Crimean-Congo Hemorrhagic Fever,[Judul Artikel Crimean-Congo Hemorrhagic Fever #14],[Paragraf / Teks Berita Crimean-Congo Hemorrhagic Fever #14],[Nama Kota/Kab/Provinsi],IDN,0,0,TRUE,https://...
ART-0095,Crimean-Congo Hemorrhagic Fever,[Judul Artikel Crimean-Congo Hemorrhagic Fever #15],[Paragraf / Teks Berita Crimean-Congo Hemorrhagic Fever #15],[Nama Kota/Kab/Provinsi],IDN,0,0,TRUE,https://...
ART-0096,Crimean-Congo Hemorrhagic Fever,[Judul Artikel Crimean-Congo Hemorrhagic Fever #16],[Paragraf / Teks Berita Crimean-Congo Hemorrhagic Fever #16],[Nama Kota/Kab/Provinsi],IDN,0,0,TRUE,https://...
ART-0097,Crimean-Congo Hemorrhagic Fever,[Judul Artikel Crimean-Congo Hemorrhagic Fever #17],[Paragraf / Teks Berita Crimean-Congo Hemorrhagic Fever #17],[Nama Kota/Kab/Provinsi],IDN,0,0,TRUE,https://...
ART-0098,Crimean-Congo Hemorrhagic Fever,[Judul Artikel Crimean-Congo Hemorrhagic Fever #18],[Paragraf / Teks Berita Crimean-Congo Hemorrhagic Fever #18],[Nama Kota/Kab/Provinsi],IDN,0,0,TRUE,https://...
ART-0099,Crimean-Congo Hemorrhagic Fever,[Judul Artikel Crimean-Congo Hemorrhagic Fever #19],[Paragraf / Teks Berita Crimean-Congo Hemorrhagic Fever #19],[Nama Kota/Kab/Provinsi],IDN,0,0,TRUE,https://...
ART-0100,Crimean-Congo Hemorrhagic Fever,[Judul Artikel Crimean-Congo Hemorrhagic Fever #20],[Paragraf / Teks Berita Crimean-Congo Hemorrhagic Fever #20],[Nama Kota/Kab/Provinsi],IDN,0,0,TRUE,https://...
ART-0101,Dengue,[Judul Artikel Dengue #1],[Paragraf / Teks Berita Dengue #1],[Nama Kota/Kab/Provinsi],IDN,0,0,TRUE,https://...
ART-0102,Dengue,[Judul Artikel Dengue #2],[Paragraf / Teks Berita Dengue #2],[Nama Kota/Kab/Provinsi],IDN,0,0,TRUE,https://...
ART-0103,Dengue,[Judul Artikel Dengue #3],[Paragraf / Teks Berita Dengue #3],[Nama Kota/Kab/Provinsi],IDN,0,0,TRUE,https://...
ART-0104,Dengue,[Judul Artikel Dengue #4],[Paragraf / Teks Berita Dengue #4],[Nama Kota/Kab/Provinsi],IDN,0,0,TRUE,https://...
ART-0105,Dengue,[Judul Artikel Dengue #5],[Paragraf / Teks Berita Dengue #5],[Nama Kota/Kab/Provinsi],IDN,0,0,TRUE,https://...
ART-0106,Dengue,[Judul Artikel Dengue #6],[Paragraf / Teks Berita Dengue #6],[Nama Kota/Kab/Provinsi],IDN,0,0,TRUE,https://...
ART-0107,Dengue,[Judul Artikel Dengue #7],[Paragraf / Teks Berita Dengue #7],[Nama Kota/Kab/Provinsi],IDN,0,0,TRUE,https://...
ART-0108,Dengue,[Judul Artikel Dengue #8],[Paragraf / Teks Berita Dengue #8],[Nama Kota/Kab/Provinsi],IDN,0,0,TRUE,https://...
ART-0109,Dengue,[Judul Artikel Dengue #9],[Paragraf / Teks Berita Dengue #9],[Nama Kota/Kab/Provinsi],IDN,0,0,TRUE,https://...
ART-0110,Dengue,[Judul Artikel Dengue #10],[Paragraf / Teks Berita Dengue #10],[Nama Kota/Kab/Provinsi],IDN,0,0,TRUE,https://...
ART-0111,Dengue,[Judul Artikel Dengue #11],[Paragraf / Teks Berita Dengue #11],[Nama Kota/Kab/Provinsi],IDN,0,0,TRUE,https://...
ART-0112,Dengue,[Judul Artikel Dengue #12],[Paragraf / Teks Berita Dengue #12],[Nama Kota/Kab/Provinsi],IDN,0,0,TRUE,https://...
ART-0113,Dengue,[Judul Artikel Dengue #13],[Paragraf / Teks Berita Dengue #13],[Nama Kota/Kab/Provinsi],IDN,0,0,TRUE,https://...
ART-0114,Dengue,[Judul Artikel Dengue #14],[Paragraf / Teks Berita Dengue #14],[Nama Kota/Kab/Provinsi],IDN,0,0,TRUE,https://...
ART-0115,Dengue,[Judul Artikel Dengue #15],[Paragraf / Teks Berita Dengue #15],[Nama Kota/Kab/Provinsi],IDN,0,0,TRUE,https://...
ART-0116,Dengue,[Judul Artikel Dengue #16],[Paragraf / Teks Berita Dengue #16],[Nama Kota/Kab/Provinsi],IDN,0,0,TRUE,https://...
ART-0117,Dengue,[Judul Artikel Dengue #17],[Paragraf / Teks Berita Dengue #17],[Nama Kota/Kab/Provinsi],IDN,0,0,TRUE,https://...
ART-0118,Dengue,[Judul Artikel Dengue #18],[Paragraf / Teks Berita Dengue #18],[Nama Kota/Kab/Provinsi],IDN,0,0,TRUE,https://...
ART-0119,Dengue,[Judul Artikel Dengue #19],[Paragraf / Teks Berita Dengue #19],[Nama Kota/Kab/Provinsi],IDN,0,0,TRUE,https://...
ART-0120,Dengue,[Judul Artikel Dengue #20],[Paragraf / Teks Berita Dengue #20],[Nama Kota/Kab/Provinsi],IDN,0,0,TRUE,https://...
ART-0121,Diphtheria,[Judul Artikel Diphtheria #1],[Paragraf / Teks Berita Diphtheria #1],[Nama Kota/Kab/Provinsi],IDN,0,0,TRUE,https://...
ART-0122,Diphtheria,[Judul Artikel Diphtheria #2],[Paragraf / Teks Berita Diphtheria #2],[Nama Kota/Kab/Provinsi],IDN,0,0,TRUE,https://...
ART-0123,Diphtheria,[Judul Artikel Diphtheria #3],[Paragraf / Teks Berita Diphtheria #3],[Nama Kota/Kab/Provinsi],IDN,0,0,TRUE,https://...
ART-0124,Diphtheria,[Judul Artikel Diphtheria #4],[Paragraf / Teks Berita Diphtheria #4],[Nama Kota/Kab/Provinsi],IDN,0,0,TRUE,https://...
ART-0125,Diphtheria,[Judul Artikel Diphtheria #5],[Paragraf / Teks Berita Diphtheria #5],[Nama Kota/Kab/Provinsi],IDN,0,0,TRUE,https://...
ART-0126,Diphtheria,[Judul Artikel Diphtheria #6],[Paragraf / Teks Berita Diphtheria #6],[Nama Kota/Kab/Provinsi],IDN,0,0,TRUE,https://...
ART-0127,Diphtheria,[Judul Artikel Diphtheria #7],[Paragraf / Teks Berita Diphtheria #7],[Nama Kota/Kab/Provinsi],IDN,0,0,TRUE,https://...
ART-0128,Diphtheria,[Judul Artikel Diphtheria #8],[Paragraf / Teks Berita Diphtheria #8],[Nama Kota/Kab/Provinsi],IDN,0,0,TRUE,https://...
ART-0129,Diphtheria,[Judul Artikel Diphtheria #9],[Paragraf / Teks Berita Diphtheria #9],[Nama Kota/Kab/Provinsi],IDN,0,0,TRUE,https://...
ART-0130,Diphtheria,[Judul Artikel Diphtheria #10],[Paragraf / Teks Berita Diphtheria #10],[Nama Kota/Kab/Provinsi],IDN,0,0,TRUE,https://...
ART-0131,Diphtheria,[Judul Artikel Diphtheria #11],[Paragraf / Teks Berita Diphtheria #11],[Nama Kota/Kab/Provinsi],IDN,0,0,TRUE,https://...
ART-0132,Diphtheria,[Judul Artikel Diphtheria #12],[Paragraf / Teks Berita Diphtheria #12],[Nama Kota/Kab/Provinsi],IDN,0,0,TRUE,https://...
ART-0133,Diphtheria,[Judul Artikel Diphtheria #13],[Paragraf / Teks Berita Diphtheria #13],[Nama Kota/Kab/Provinsi],IDN,0,0,TRUE,https://...
ART-0134,Diphtheria,[Judul Artikel Diphtheria #14],[Paragraf / Teks Berita Diphtheria #14],[Nama Kota/Kab/Provinsi],IDN,0,0,TRUE,https://...
ART-0135,Diphtheria,[Judul Artikel Diphtheria #15],[Paragraf / Teks Berita Diphtheria #15],[Nama Kota/Kab/Provinsi],IDN,0,0,TRUE,https://...
ART-0136,Diphtheria,[Judul Artikel Diphtheria #16],[Paragraf / Teks Berita Diphtheria #16],[Nama Kota/Kab/Provinsi],IDN,0,0,TRUE,https://...
ART-0137,Diphtheria,[Judul Artikel Diphtheria #17],[Paragraf / Teks Berita Diphtheria #17],[Nama Kota/Kab/Provinsi],IDN,0,0,TRUE,https://...
ART-0138,Diphtheria,[Judul Artikel Diphtheria #18],[Paragraf / Teks Berita Diphtheria #18],[Nama Kota/Kab/Provinsi],IDN,0,0,TRUE,https://...
ART-0139,Diphtheria,[Judul Artikel Diphtheria #19],[Paragraf / Teks Berita Diphtheria #19],[Nama Kota/Kab/Provinsi],IDN,0,0,TRUE,https://...
ART-0140,Diphtheria,[Judul Artikel Diphtheria #20],[Paragraf / Teks Berita Diphtheria #20],[Nama Kota/Kab/Provinsi],IDN,0,0,TRUE,https://...
ART-0141,Ebola,[Judul Artikel Ebola #1],[Paragraf / Teks Berita Ebola #1],[Nama Kota/Kab/Provinsi],IDN,0,0,TRUE,https://...
ART-0142,Ebola,[Judul Artikel Ebola #2],[Paragraf / Teks Berita Ebola #2],[Nama Kota/Kab/Provinsi],IDN,0,0,TRUE,https://...
ART-0143,Ebola,[Judul Artikel Ebola #3],[Paragraf / Teks Berita Ebola #3],[Nama Kota/Kab/Provinsi],IDN,0,0,TRUE,https://...
ART-0144,Ebola,[Judul Artikel Ebola #4],[Paragraf / Teks Berita Ebola #4],[Nama Kota/Kab/Provinsi],IDN,0,0,TRUE,https://...
ART-0145,Ebola,[Judul Artikel Ebola #5],[Paragraf / Teks Berita Ebola #5],[Nama Kota/Kab/Provinsi],IDN,0,0,TRUE,https://...
ART-0146,Ebola,[Judul Artikel Ebola #6],[Paragraf / Teks Berita Ebola #6],[Nama Kota/Kab/Provinsi],IDN,0,0,TRUE,https://...
ART-0147,Ebola,[Judul Artikel Ebola #7],[Paragraf / Teks Berita Ebola #7],[Nama Kota/Kab/Provinsi],IDN,0,0,TRUE,https://...
ART-0148,Ebola,[Judul Artikel Ebola #8],[Paragraf / Teks Berita Ebola #8],[Nama Kota/Kab/Provinsi],IDN,0,0,TRUE,https://...
ART-0149,Ebola,[Judul Artikel Ebola #9],[Paragraf / Teks Berita Ebola #9],[Nama Kota/Kab/Provinsi],IDN,0,0,TRUE,https://...
ART-0150,Ebola,[Judul Artikel Ebola #10],[Paragraf / Teks Berita Ebola #10],[Nama Kota/Kab/Provinsi],IDN,0,0,TRUE,https://...
ART-0151,Ebola,[Judul Artikel Ebola #11],[Paragraf / Teks Berita Ebola #11],[Nama Kota/Kab/Provinsi],IDN,0,0,TRUE,https://...
ART-0152,Ebola,[Judul Artikel Ebola #12],[Paragraf / Teks Berita Ebola #12],[Nama Kota/Kab/Provinsi],IDN,0,0,TRUE,https://...
ART-0153,Ebola,[Judul Artikel Ebola #13],[Paragraf / Teks Berita Ebola #13],[Nama Kota/Kab/Provinsi],IDN,0,0,TRUE,https://...
ART-0154,Ebola,[Judul Artikel Ebola #14],[Paragraf / Teks Berita Ebola #14],[Nama Kota/Kab/Provinsi],IDN,0,0,TRUE,https://...
ART-0155,Ebola,[Judul Artikel Ebola #15],[Paragraf / Teks Berita Ebola #15],[Nama Kota/Kab/Provinsi],IDN,0,0,TRUE,https://...
ART-0156,Ebola,[Judul Artikel Ebola #16],[Paragraf / Teks Berita Ebola #16],[Nama Kota/Kab/Provinsi],IDN,0,0,TRUE,https://...
ART-0157,Ebola,[Judul Artikel Ebola #17],[Paragraf / Teks Berita Ebola #17],[Nama Kota/Kab/Provinsi],IDN,0,0,TRUE,https://...
ART-0158,Ebola,[Judul Artikel Ebola #18],[Paragraf / Teks Berita Ebola #18],[Nama Kota/Kab/Provinsi],IDN,0,0,TRUE,https://...
ART-0159,Ebola,[Judul Artikel Ebola #19],[Paragraf / Teks Berita Ebola #19],[Nama Kota/Kab/Provinsi],IDN,0,0,TRUE,https://...
ART-0160,Ebola,[Judul Artikel Ebola #20],[Paragraf / Teks Berita Ebola #20],[Nama Kota/Kab/Provinsi],IDN,0,0,TRUE,https://...
ART-0161,"Hand, Foot, and Mouth Disease (HFMD)","[Judul Artikel Hand, Foot, and Mouth Disease (HFMD) #1]","[Paragraf / Teks Berita Hand, Foot, and Mouth Disease (HFMD) #1]",[Nama Kota/Kab/Provinsi],IDN,0,0,TRUE,https://...
ART-0162,"Hand, Foot, and Mouth Disease (HFMD)","[Judul Artikel Hand, Foot, and Mouth Disease (HFMD) #2]","[Paragraf / Teks Berita Hand, Foot, and Mouth Disease (HFMD) #2]",[Nama Kota/Kab/Provinsi],IDN,0,0,TRUE,https://...
ART-0163,"Hand, Foot, and Mouth Disease (HFMD)","[Judul Artikel Hand, Foot, and Mouth Disease (HFMD) #3]","[Paragraf / Teks Berita Hand, Foot, and Mouth Disease (HFMD) #3]",[Nama Kota/Kab/Provinsi],IDN,0,0,TRUE,https://...
ART-0164,"Hand, Foot, and Mouth Disease (HFMD)","[Judul Artikel Hand, Foot, and Mouth Disease (HFMD) #4]","[Paragraf / Teks Berita Hand, Foot, and Mouth Disease (HFMD) #4]",[Nama Kota/Kab/Provinsi],IDN,0,0,TRUE,https://...
ART-0165,"Hand, Foot, and Mouth Disease (HFMD)","[Judul Artikel Hand, Foot, and Mouth Disease (HFMD) #5]","[Paragraf / Teks Berita Hand, Foot, and Mouth Disease (HFMD) #5]",[Nama Kota/Kab/Provinsi],IDN,0,0,TRUE,https://...
ART-0166,"Hand, Foot, and Mouth Disease (HFMD)","[Judul Artikel Hand, Foot, and Mouth Disease (HFMD) #6]","[Paragraf / Teks Berita Hand, Foot, and Mouth Disease (HFMD) #6]",[Nama Kota/Kab/Provinsi],IDN,0,0,TRUE,https://...
ART-0167,"Hand, Foot, and Mouth Disease (HFMD)","[Judul Artikel Hand, Foot, and Mouth Disease (HFMD) #7]","[Paragraf / Teks Berita Hand, Foot, and Mouth Disease (HFMD) #7]",[Nama Kota/Kab/Provinsi],IDN,0,0,TRUE,https://...
ART-0168,"Hand, Foot, and Mouth Disease (HFMD)","[Judul Artikel Hand, Foot, and Mouth Disease (HFMD) #8]","[Paragraf / Teks Berita Hand, Foot, and Mouth Disease (HFMD) #8]",[Nama Kota/Kab/Provinsi],IDN,0,0,TRUE,https://...
ART-0169,"Hand, Foot, and Mouth Disease (HFMD)","[Judul Artikel Hand, Foot, and Mouth Disease (HFMD) #9]","[Paragraf / Teks Berita Hand, Foot, and Mouth Disease (HFMD) #9]",[Nama Kota/Kab/Provinsi],IDN,0,0,TRUE,https://...
ART-0170,"Hand, Foot, and Mouth Disease (HFMD)","[Judul Artikel Hand, Foot, and Mouth Disease (HFMD) #10]","[Paragraf / Teks Berita Hand, Foot, and Mouth Disease (HFMD) #10]",[Nama Kota/Kab/Provinsi],IDN,0,0,TRUE,https://...
ART-0171,"Hand, Foot, and Mouth Disease (HFMD)","[Judul Artikel Hand, Foot, and Mouth Disease (HFMD) #11]","[Paragraf / Teks Berita Hand, Foot, and Mouth Disease (HFMD) #11]",[Nama Kota/Kab/Provinsi],IDN,0,0,TRUE,https://...
ART-0172,"Hand, Foot, and Mouth Disease (HFMD)","[Judul Artikel Hand, Foot, and Mouth Disease (HFMD) #12]","[Paragraf / Teks Berita Hand, Foot, and Mouth Disease (HFMD) #12]",[Nama Kota/Kab/Provinsi],IDN,0,0,TRUE,https://...
ART-0173,"Hand, Foot, and Mouth Disease (HFMD)","[Judul Artikel Hand, Foot, and Mouth Disease (HFMD) #13]","[Paragraf / Teks Berita Hand, Foot, and Mouth Disease (HFMD) #13]",[Nama Kota/Kab/Provinsi],IDN,0,0,TRUE,https://...
ART-0174,"Hand, Foot, and Mouth Disease (HFMD)","[Judul Artikel Hand, Foot, and Mouth Disease (HFMD) #14]","[Paragraf / Teks Berita Hand, Foot, and Mouth Disease (HFMD) #14]",[Nama Kota/Kab/Provinsi],IDN,0,0,TRUE,https://...
ART-0175,"Hand, Foot, and Mouth Disease (HFMD)","[Judul Artikel Hand, Foot, and Mouth Disease (HFMD) #15]","[Paragraf / Teks Berita Hand, Foot, and Mouth Disease (HFMD) #15]",[Nama Kota/Kab/Provinsi],IDN,0,0,TRUE,https://...
ART-0176,"Hand, Foot, and Mouth Disease (HFMD)","[Judul Artikel Hand, Foot, and Mouth Disease (HFMD) #16]","[Paragraf / Teks Berita Hand, Foot, and Mouth Disease (HFMD) #16]",[Nama Kota/Kab/Provinsi],IDN,0,0,TRUE,https://...
ART-0177,"Hand, Foot, and Mouth Disease (HFMD)","[Judul Artikel Hand, Foot, and Mouth Disease (HFMD) #17]","[Paragraf / Teks Berita Hand, Foot, and Mouth Disease (HFMD) #17]",[Nama Kota/Kab/Provinsi],IDN,0,0,TRUE,https://...
ART-0178,"Hand, Foot, and Mouth Disease (HFMD)","[Judul Artikel Hand, Foot, and Mouth Disease (HFMD) #18]","[Paragraf / Teks Berita Hand, Foot, and Mouth Disease (HFMD) #18]",[Nama Kota/Kab/Provinsi],IDN,0,0,TRUE,https://...
ART-0179,"Hand, Foot, and Mouth Disease (HFMD)","[Judul Artikel Hand, Foot, and Mouth Disease (HFMD) #19]","[Paragraf / Teks Berita Hand, Foot, and Mouth Disease (HFMD) #19]",[Nama Kota/Kab/Provinsi],IDN,0,0,TRUE,https://...
ART-0180,"Hand, Foot, and Mouth Disease (HFMD)","[Judul Artikel Hand, Foot, and Mouth Disease (HFMD) #20]","[Paragraf / Teks Berita Hand, Foot, and Mouth Disease (HFMD) #20]",[Nama Kota/Kab/Provinsi],IDN,0,0,TRUE,https://...
ART-0181,Hantavirus,[Judul Artikel Hantavirus #1],[Paragraf / Teks Berita Hantavirus #1],[Nama Kota/Kab/Provinsi],IDN,0,0,TRUE,https://...
ART-0182,Hantavirus,[Judul Artikel Hantavirus #2],[Paragraf / Teks Berita Hantavirus #2],[Nama Kota/Kab/Provinsi],IDN,0,0,TRUE,https://...
ART-0183,Hantavirus,[Judul Artikel Hantavirus #3],[Paragraf / Teks Berita Hantavirus #3],[Nama Kota/Kab/Provinsi],IDN,0,0,TRUE,https://...
ART-0184,Hantavirus,[Judul Artikel Hantavirus #4],[Paragraf / Teks Berita Hantavirus #4],[Nama Kota/Kab/Provinsi],IDN,0,0,TRUE,https://...
ART-0185,Hantavirus,[Judul Artikel Hantavirus #5],[Paragraf / Teks Berita Hantavirus #5],[Nama Kota/Kab/Provinsi],IDN,0,0,TRUE,https://...
ART-0186,Hantavirus,[Judul Artikel Hantavirus #6],[Paragraf / Teks Berita Hantavirus #6],[Nama Kota/Kab/Provinsi],IDN,0,0,TRUE,https://...
ART-0187,Hantavirus,[Judul Artikel Hantavirus #7],[Paragraf / Teks Berita Hantavirus #7],[Nama Kota/Kab/Provinsi],IDN,0,0,TRUE,https://...
ART-0188,Hantavirus,[Judul Artikel Hantavirus #8],[Paragraf / Teks Berita Hantavirus #8],[Nama Kota/Kab/Provinsi],IDN,0,0,TRUE,https://...
ART-0189,Hantavirus,[Judul Artikel Hantavirus #9],[Paragraf / Teks Berita Hantavirus #9],[Nama Kota/Kab/Provinsi],IDN,0,0,TRUE,https://...
ART-0190,Hantavirus,[Judul Artikel Hantavirus #10],[Paragraf / Teks Berita Hantavirus #10],[Nama Kota/Kab/Provinsi],IDN,0,0,TRUE,https://...
ART-0191,Hantavirus,[Judul Artikel Hantavirus #11],[Paragraf / Teks Berita Hantavirus #11],[Nama Kota/Kab/Provinsi],IDN,0,0,TRUE,https://...
ART-0192,Hantavirus,[Judul Artikel Hantavirus #12],[Paragraf / Teks Berita Hantavirus #12],[Nama Kota/Kab/Provinsi],IDN,0,0,TRUE,https://...
ART-0193,Hantavirus,[Judul Artikel Hantavirus #13],[Paragraf / Teks Berita Hantavirus #13],[Nama Kota/Kab/Provinsi],IDN,0,0,TRUE,https://...
ART-0194,Hantavirus,[Judul Artikel Hantavirus #14],[Paragraf / Teks Berita Hantavirus #14],[Nama Kota/Kab/Provinsi],IDN,0,0,TRUE,https://...
ART-0195,Hantavirus,[Judul Artikel Hantavirus #15],[Paragraf / Teks Berita Hantavirus #15],[Nama Kota/Kab/Provinsi],IDN,0,0,TRUE,https://...
ART-0196,Hantavirus,[Judul Artikel Hantavirus #16],[Paragraf / Teks Berita Hantavirus #16],[Nama Kota/Kab/Provinsi],IDN,0,0,TRUE,https://...
ART-0197,Hantavirus,[Judul Artikel Hantavirus #17],[Paragraf / Teks Berita Hantavirus #17],[Nama Kota/Kab/Provinsi],IDN,0,0,TRUE,https://...
ART-0198,Hantavirus,[Judul Artikel Hantavirus #18],[Paragraf / Teks Berita Hantavirus #18],[Nama Kota/Kab/Provinsi],IDN,0,0,TRUE,https://...
ART-0199,Hantavirus,[Judul Artikel Hantavirus #19],[Paragraf / Teks Berita Hantavirus #19],[Nama Kota/Kab/Provinsi],IDN,0,0,TRUE,https://...
ART-0200,Hantavirus,[Judul Artikel Hantavirus #20],[Paragraf / Teks Berita Hantavirus #20],[Nama Kota/Kab/Provinsi],IDN,0,0,TRUE,https://...
ART-0201,Henipaviral disease,[Judul Artikel Henipaviral disease #1],[Paragraf / Teks Berita Henipaviral disease #1],[Nama Kota/Kab/Provinsi],IDN,0,0,TRUE,https://...
ART-0202,Henipaviral disease,[Judul Artikel Henipaviral disease #2],[Paragraf / Teks Berita Henipaviral disease #2],[Nama Kota/Kab/Provinsi],IDN,0,0,TRUE,https://...
ART-0203,Henipaviral disease,[Judul Artikel Henipaviral disease #3],[Paragraf / Teks Berita Henipaviral disease #3],[Nama Kota/Kab/Provinsi],IDN,0,0,TRUE,https://...
ART-0204,Henipaviral disease,[Judul Artikel Henipaviral disease #4],[Paragraf / Teks Berita Henipaviral disease #4],[Nama Kota/Kab/Provinsi],IDN,0,0,TRUE,https://...
ART-0205,Henipaviral disease,[Judul Artikel Henipaviral disease #5],[Paragraf / Teks Berita Henipaviral disease #5],[Nama Kota/Kab/Provinsi],IDN,0,0,TRUE,https://...
ART-0206,Henipaviral disease,[Judul Artikel Henipaviral disease #6],[Paragraf / Teks Berita Henipaviral disease #6],[Nama Kota/Kab/Provinsi],IDN,0,0,TRUE,https://...
ART-0207,Henipaviral disease,[Judul Artikel Henipaviral disease #7],[Paragraf / Teks Berita Henipaviral disease #7],[Nama Kota/Kab/Provinsi],IDN,0,0,TRUE,https://...
ART-0208,Henipaviral disease,[Judul Artikel Henipaviral disease #8],[Paragraf / Teks Berita Henipaviral disease #8],[Nama Kota/Kab/Provinsi],IDN,0,0,TRUE,https://...
ART-0209,Henipaviral disease,[Judul Artikel Henipaviral disease #9],[Paragraf / Teks Berita Henipaviral disease #9],[Nama Kota/Kab/Provinsi],IDN,0,0,TRUE,https://...
ART-0210,Henipaviral disease,[Judul Artikel Henipaviral disease #10],[Paragraf / Teks Berita Henipaviral disease #10],[Nama Kota/Kab/Provinsi],IDN,0,0,TRUE,https://...
ART-0211,Henipaviral disease,[Judul Artikel Henipaviral disease #11],[Paragraf / Teks Berita Henipaviral disease #11],[Nama Kota/Kab/Provinsi],IDN,0,0,TRUE,https://...
ART-0212,Henipaviral disease,[Judul Artikel Henipaviral disease #12],[Paragraf / Teks Berita Henipaviral disease #12],[Nama Kota/Kab/Provinsi],IDN,0,0,TRUE,https://...
ART-0213,Henipaviral disease,[Judul Artikel Henipaviral disease #13],[Paragraf / Teks Berita Henipaviral disease #13],[Nama Kota/Kab/Provinsi],IDN,0,0,TRUE,https://...
ART-0214,Henipaviral disease,[Judul Artikel Henipaviral disease #14],[Paragraf / Teks Berita Henipaviral disease #14],[Nama Kota/Kab/Provinsi],IDN,0,0,TRUE,https://...
ART-0215,Henipaviral disease,[Judul Artikel Henipaviral disease #15],[Paragraf / Teks Berita Henipaviral disease #15],[Nama Kota/Kab/Provinsi],IDN,0,0,TRUE,https://...
ART-0216,Henipaviral disease,[Judul Artikel Henipaviral disease #16],[Paragraf / Teks Berita Henipaviral disease #16],[Nama Kota/Kab/Provinsi],IDN,0,0,TRUE,https://...
ART-0217,Henipaviral disease,[Judul Artikel Henipaviral disease #17],[Paragraf / Teks Berita Henipaviral disease #17],[Nama Kota/Kab/Provinsi],IDN,0,0,TRUE,https://...
ART-0218,Henipaviral disease,[Judul Artikel Henipaviral disease #18],[Paragraf / Teks Berita Henipaviral disease #18],[Nama Kota/Kab/Provinsi],IDN,0,0,TRUE,https://...
ART-0219,Henipaviral disease,[Judul Artikel Henipaviral disease #19],[Paragraf / Teks Berita Henipaviral disease #19],[Nama Kota/Kab/Provinsi],IDN,0,0,TRUE,https://...
ART-0220,Henipaviral disease,[Judul Artikel Henipaviral disease #20],[Paragraf / Teks Berita Henipaviral disease #20],[Nama Kota/Kab/Provinsi],IDN,0,0,TRUE,https://...
ART-0221,HIV/AIDS,[Judul Artikel HIV/AIDS #1],[Paragraf / Teks Berita HIV/AIDS #1],[Nama Kota/Kab/Provinsi],IDN,0,0,TRUE,https://...
ART-0222,HIV/AIDS,[Judul Artikel HIV/AIDS #2],[Paragraf / Teks Berita HIV/AIDS #2],[Nama Kota/Kab/Provinsi],IDN,0,0,TRUE,https://...
ART-0223,HIV/AIDS,[Judul Artikel HIV/AIDS #3],[Paragraf / Teks Berita HIV/AIDS #3],[Nama Kota/Kab/Provinsi],IDN,0,0,TRUE,https://...
ART-0224,HIV/AIDS,[Judul Artikel HIV/AIDS #4],[Paragraf / Teks Berita HIV/AIDS #4],[Nama Kota/Kab/Provinsi],IDN,0,0,TRUE,https://...
ART-0225,HIV/AIDS,[Judul Artikel HIV/AIDS #5],[Paragraf / Teks Berita HIV/AIDS #5],[Nama Kota/Kab/Provinsi],IDN,0,0,TRUE,https://...
ART-0226,HIV/AIDS,[Judul Artikel HIV/AIDS #6],[Paragraf / Teks Berita HIV/AIDS #6],[Nama Kota/Kab/Provinsi],IDN,0,0,TRUE,https://...
ART-0227,HIV/AIDS,[Judul Artikel HIV/AIDS #7],[Paragraf / Teks Berita HIV/AIDS #7],[Nama Kota/Kab/Provinsi],IDN,0,0,TRUE,https://...
ART-0228,HIV/AIDS,[Judul Artikel HIV/AIDS #8],[Paragraf / Teks Berita HIV/AIDS #8],[Nama Kota/Kab/Provinsi],IDN,0,0,TRUE,https://...
ART-0229,HIV/AIDS,[Judul Artikel HIV/AIDS #9],[Paragraf / Teks Berita HIV/AIDS #9],[Nama Kota/Kab/Provinsi],IDN,0,0,TRUE,https://...
ART-0230,HIV/AIDS,[Judul Artikel HIV/AIDS #10],[Paragraf / Teks Berita HIV/AIDS #10],[Nama Kota/Kab/Provinsi],IDN,0,0,TRUE,https://...
ART-0231,HIV/AIDS,[Judul Artikel HIV/AIDS #11],[Paragraf / Teks Berita HIV/AIDS #11],[Nama Kota/Kab/Provinsi],IDN,0,0,TRUE,https://...
ART-0232,HIV/AIDS,[Judul Artikel HIV/AIDS #12],[Paragraf / Teks Berita HIV/AIDS #12],[Nama Kota/Kab/Provinsi],IDN,0,0,TRUE,https://...
ART-0233,HIV/AIDS,[Judul Artikel HIV/AIDS #13],[Paragraf / Teks Berita HIV/AIDS #13],[Nama Kota/Kab/Provinsi],IDN,0,0,TRUE,https://...
ART-0234,HIV/AIDS,[Judul Artikel HIV/AIDS #14],[Paragraf / Teks Berita HIV/AIDS #14],[Nama Kota/Kab/Provinsi],IDN,0,0,TRUE,https://...
ART-0235,HIV/AIDS,[Judul Artikel HIV/AIDS #15],[Paragraf / Teks Berita HIV/AIDS #15],[Nama Kota/Kab/Provinsi],IDN,0,0,TRUE,https://...
ART-0236,HIV/AIDS,[Judul Artikel HIV/AIDS #16],[Paragraf / Teks Berita HIV/AIDS #16],[Nama Kota/Kab/Provinsi],IDN,0,0,TRUE,https://...
ART-0237,HIV/AIDS,[Judul Artikel HIV/AIDS #17],[Paragraf / Teks Berita HIV/AIDS #17],[Nama Kota/Kab/Provinsi],IDN,0,0,TRUE,https://...
ART-0238,HIV/AIDS,[Judul Artikel HIV/AIDS #18],[Paragraf / Teks Berita HIV/AIDS #18],[Nama Kota/Kab/Provinsi],IDN,0,0,TRUE,https://...
ART-0239,HIV/AIDS,[Judul Artikel HIV/AIDS #19],[Paragraf / Teks Berita HIV/AIDS #19],[Nama Kota/Kab/Provinsi],IDN,0,0,TRUE,https://...
ART-0240,HIV/AIDS,[Judul Artikel HIV/AIDS #20],[Paragraf / Teks Berita HIV/AIDS #20],[Nama Kota/Kab/Provinsi],IDN,0,0,TRUE,https://...
ART-0241,Lassa fever,[Judul Artikel Lassa fever #1],[Paragraf / Teks Berita Lassa fever #1],[Nama Kota/Kab/Provinsi],IDN,0,0,TRUE,https://...
ART-0242,Lassa fever,[Judul Artikel Lassa fever #2],[Paragraf / Teks Berita Lassa fever #2],[Nama Kota/Kab/Provinsi],IDN,0,0,TRUE,https://...
ART-0243,Lassa fever,[Judul Artikel Lassa fever #3],[Paragraf / Teks Berita Lassa fever #3],[Nama Kota/Kab/Provinsi],IDN,0,0,TRUE,https://...
ART-0244,Lassa fever,[Judul Artikel Lassa fever #4],[Paragraf / Teks Berita Lassa fever #4],[Nama Kota/Kab/Provinsi],IDN,0,0,TRUE,https://...
ART-0245,Lassa fever,[Judul Artikel Lassa fever #5],[Paragraf / Teks Berita Lassa fever #5],[Nama Kota/Kab/Provinsi],IDN,0,0,TRUE,https://...
ART-0246,Lassa fever,[Judul Artikel Lassa fever #6],[Paragraf / Teks Berita Lassa fever #6],[Nama Kota/Kab/Provinsi],IDN,0,0,TRUE,https://...
ART-0247,Lassa fever,[Judul Artikel Lassa fever #7],[Paragraf / Teks Berita Lassa fever #7],[Nama Kota/Kab/Provinsi],IDN,0,0,TRUE,https://...
ART-0248,Lassa fever,[Judul Artikel Lassa fever #8],[Paragraf / Teks Berita Lassa fever #8],[Nama Kota/Kab/Provinsi],IDN,0,0,TRUE,https://...
ART-0249,Lassa fever,[Judul Artikel Lassa fever #9],[Paragraf / Teks Berita Lassa fever #9],[Nama Kota/Kab/Provinsi],IDN,0,0,TRUE,https://...
ART-0250,Lassa fever,[Judul Artikel Lassa fever #10],[Paragraf / Teks Berita Lassa fever #10],[Nama Kota/Kab/Provinsi],IDN,0,0,TRUE,https://...
ART-0251,Lassa fever,[Judul Artikel Lassa fever #11],[Paragraf / Teks Berita Lassa fever #11],[Nama Kota/Kab/Provinsi],IDN,0,0,TRUE,https://...
ART-0252,Lassa fever,[Judul Artikel Lassa fever #12],[Paragraf / Teks Berita Lassa fever #12],[Nama Kota/Kab/Provinsi],IDN,0,0,TRUE,https://...
ART-0253,Lassa fever,[Judul Artikel Lassa fever #13],[Paragraf / Teks Berita Lassa fever #13],[Nama Kota/Kab/Provinsi],IDN,0,0,TRUE,https://...
ART-0254,Lassa fever,[Judul Artikel Lassa fever #14],[Paragraf / Teks Berita Lassa fever #14],[Nama Kota/Kab/Provinsi],IDN,0,0,TRUE,https://...
ART-0255,Lassa fever,[Judul Artikel Lassa fever #15],[Paragraf / Teks Berita Lassa fever #15],[Nama Kota/Kab/Provinsi],IDN,0,0,TRUE,https://...
ART-0256,Lassa fever,[Judul Artikel Lassa fever #16],[Paragraf / Teks Berita Lassa fever #16],[Nama Kota/Kab/Provinsi],IDN,0,0,TRUE,https://...
ART-0257,Lassa fever,[Judul Artikel Lassa fever #17],[Paragraf / Teks Berita Lassa fever #17],[Nama Kota/Kab/Provinsi],IDN,0,0,TRUE,https://...
ART-0258,Lassa fever,[Judul Artikel Lassa fever #18],[Paragraf / Teks Berita Lassa fever #18],[Nama Kota/Kab/Provinsi],IDN,0,0,TRUE,https://...
ART-0259,Lassa fever,[Judul Artikel Lassa fever #19],[Paragraf / Teks Berita Lassa fever #19],[Nama Kota/Kab/Provinsi],IDN,0,0,TRUE,https://...
ART-0260,Lassa fever,[Judul Artikel Lassa fever #20],[Paragraf / Teks Berita Lassa fever #20],[Nama Kota/Kab/Provinsi],IDN,0,0,TRUE,https://...
ART-0261,Leptospirosis,[Judul Artikel Leptospirosis #1],[Paragraf / Teks Berita Leptospirosis #1],[Nama Kota/Kab/Provinsi],IDN,0,0,TRUE,https://...
ART-0262,Leptospirosis,[Judul Artikel Leptospirosis #2],[Paragraf / Teks Berita Leptospirosis #2],[Nama Kota/Kab/Provinsi],IDN,0,0,TRUE,https://...
ART-0263,Leptospirosis,[Judul Artikel Leptospirosis #3],[Paragraf / Teks Berita Leptospirosis #3],[Nama Kota/Kab/Provinsi],IDN,0,0,TRUE,https://...
ART-0264,Leptospirosis,[Judul Artikel Leptospirosis #4],[Paragraf / Teks Berita Leptospirosis #4],[Nama Kota/Kab/Provinsi],IDN,0,0,TRUE,https://...
ART-0265,Leptospirosis,[Judul Artikel Leptospirosis #5],[Paragraf / Teks Berita Leptospirosis #5],[Nama Kota/Kab/Provinsi],IDN,0,0,TRUE,https://...
ART-0266,Leptospirosis,[Judul Artikel Leptospirosis #6],[Paragraf / Teks Berita Leptospirosis #6],[Nama Kota/Kab/Provinsi],IDN,0,0,TRUE,https://...
ART-0267,Leptospirosis,[Judul Artikel Leptospirosis #7],[Paragraf / Teks Berita Leptospirosis #7],[Nama Kota/Kab/Provinsi],IDN,0,0,TRUE,https://...
ART-0268,Leptospirosis,[Judul Artikel Leptospirosis #8],[Paragraf / Teks Berita Leptospirosis #8],[Nama Kota/Kab/Provinsi],IDN,0,0,TRUE,https://...
ART-0269,Leptospirosis,[Judul Artikel Leptospirosis #9],[Paragraf / Teks Berita Leptospirosis #9],[Nama Kota/Kab/Provinsi],IDN,0,0,TRUE,https://...
ART-0270,Leptospirosis,[Judul Artikel Leptospirosis #10],[Paragraf / Teks Berita Leptospirosis #10],[Nama Kota/Kab/Provinsi],IDN,0,0,TRUE,https://...
ART-0271,Leptospirosis,[Judul Artikel Leptospirosis #11],[Paragraf / Teks Berita Leptospirosis #11],[Nama Kota/Kab/Provinsi],IDN,0,0,TRUE,https://...
ART-0272,Leptospirosis,[Judul Artikel Leptospirosis #12],[Paragraf / Teks Berita Leptospirosis #12],[Nama Kota/Kab/Provinsi],IDN,0,0,TRUE,https://...
ART-0273,Leptospirosis,[Judul Artikel Leptospirosis #13],[Paragraf / Teks Berita Leptospirosis #13],[Nama Kota/Kab/Provinsi],IDN,0,0,TRUE,https://...
ART-0274,Leptospirosis,[Judul Artikel Leptospirosis #14],[Paragraf / Teks Berita Leptospirosis #14],[Nama Kota/Kab/Provinsi],IDN,0,0,TRUE,https://...
ART-0275,Leptospirosis,[Judul Artikel Leptospirosis #15],[Paragraf / Teks Berita Leptospirosis #15],[Nama Kota/Kab/Provinsi],IDN,0,0,TRUE,https://...
ART-0276,Leptospirosis,[Judul Artikel Leptospirosis #16],[Paragraf / Teks Berita Leptospirosis #16],[Nama Kota/Kab/Provinsi],IDN,0,0,TRUE,https://...
ART-0277,Leptospirosis,[Judul Artikel Leptospirosis #17],[Paragraf / Teks Berita Leptospirosis #17],[Nama Kota/Kab/Provinsi],IDN,0,0,TRUE,https://...
ART-0278,Leptospirosis,[Judul Artikel Leptospirosis #18],[Paragraf / Teks Berita Leptospirosis #18],[Nama Kota/Kab/Provinsi],IDN,0,0,TRUE,https://...
ART-0279,Leptospirosis,[Judul Artikel Leptospirosis #19],[Paragraf / Teks Berita Leptospirosis #19],[Nama Kota/Kab/Provinsi],IDN,0,0,TRUE,https://...
ART-0280,Leptospirosis,[Judul Artikel Leptospirosis #20],[Paragraf / Teks Berita Leptospirosis #20],[Nama Kota/Kab/Provinsi],IDN,0,0,TRUE,https://...
ART-0281,Lymphatic Filariasis,[Judul Artikel Lymphatic Filariasis #1],[Paragraf / Teks Berita Lymphatic Filariasis #1],[Nama Kota/Kab/Provinsi],IDN,0,0,TRUE,https://...
ART-0282,Lymphatic Filariasis,[Judul Artikel Lymphatic Filariasis #2],[Paragraf / Teks Berita Lymphatic Filariasis #2],[Nama Kota/Kab/Provinsi],IDN,0,0,TRUE,https://...
ART-0283,Lymphatic Filariasis,[Judul Artikel Lymphatic Filariasis #3],[Paragraf / Teks Berita Lymphatic Filariasis #3],[Nama Kota/Kab/Provinsi],IDN,0,0,TRUE,https://...
ART-0284,Lymphatic Filariasis,[Judul Artikel Lymphatic Filariasis #4],[Paragraf / Teks Berita Lymphatic Filariasis #4],[Nama Kota/Kab/Provinsi],IDN,0,0,TRUE,https://...
ART-0285,Lymphatic Filariasis,[Judul Artikel Lymphatic Filariasis #5],[Paragraf / Teks Berita Lymphatic Filariasis #5],[Nama Kota/Kab/Provinsi],IDN,0,0,TRUE,https://...
ART-0286,Lymphatic Filariasis,[Judul Artikel Lymphatic Filariasis #6],[Paragraf / Teks Berita Lymphatic Filariasis #6],[Nama Kota/Kab/Provinsi],IDN,0,0,TRUE,https://...
ART-0287,Lymphatic Filariasis,[Judul Artikel Lymphatic Filariasis #7],[Paragraf / Teks Berita Lymphatic Filariasis #7],[Nama Kota/Kab/Provinsi],IDN,0,0,TRUE,https://...
ART-0288,Lymphatic Filariasis,[Judul Artikel Lymphatic Filariasis #8],[Paragraf / Teks Berita Lymphatic Filariasis #8],[Nama Kota/Kab/Provinsi],IDN,0,0,TRUE,https://...
ART-0289,Lymphatic Filariasis,[Judul Artikel Lymphatic Filariasis #9],[Paragraf / Teks Berita Lymphatic Filariasis #9],[Nama Kota/Kab/Provinsi],IDN,0,0,TRUE,https://...
ART-0290,Lymphatic Filariasis,[Judul Artikel Lymphatic Filariasis #10],[Paragraf / Teks Berita Lymphatic Filariasis #10],[Nama Kota/Kab/Provinsi],IDN,0,0,TRUE,https://...
ART-0291,Lymphatic Filariasis,[Judul Artikel Lymphatic Filariasis #11],[Paragraf / Teks Berita Lymphatic Filariasis #11],[Nama Kota/Kab/Provinsi],IDN,0,0,TRUE,https://...
ART-0292,Lymphatic Filariasis,[Judul Artikel Lymphatic Filariasis #12],[Paragraf / Teks Berita Lymphatic Filariasis #12],[Nama Kota/Kab/Provinsi],IDN,0,0,TRUE,https://...
ART-0293,Lymphatic Filariasis,[Judul Artikel Lymphatic Filariasis #13],[Paragraf / Teks Berita Lymphatic Filariasis #13],[Nama Kota/Kab/Provinsi],IDN,0,0,TRUE,https://...
ART-0294,Lymphatic Filariasis,[Judul Artikel Lymphatic Filariasis #14],[Paragraf / Teks Berita Lymphatic Filariasis #14],[Nama Kota/Kab/Provinsi],IDN,0,0,TRUE,https://...
ART-0295,Lymphatic Filariasis,[Judul Artikel Lymphatic Filariasis #15],[Paragraf / Teks Berita Lymphatic Filariasis #15],[Nama Kota/Kab/Provinsi],IDN,0,0,TRUE,https://...
ART-0296,Lymphatic Filariasis,[Judul Artikel Lymphatic Filariasis #16],[Paragraf / Teks Berita Lymphatic Filariasis #16],[Nama Kota/Kab/Provinsi],IDN,0,0,TRUE,https://...
ART-0297,Lymphatic Filariasis,[Judul Artikel Lymphatic Filariasis #17],[Paragraf / Teks Berita Lymphatic Filariasis #17],[Nama Kota/Kab/Provinsi],IDN,0,0,TRUE,https://...
ART-0298,Lymphatic Filariasis,[Judul Artikel Lymphatic Filariasis #18],[Paragraf / Teks Berita Lymphatic Filariasis #18],[Nama Kota/Kab/Provinsi],IDN,0,0,TRUE,https://...
ART-0299,Lymphatic Filariasis,[Judul Artikel Lymphatic Filariasis #19],[Paragraf / Teks Berita Lymphatic Filariasis #19],[Nama Kota/Kab/Provinsi],IDN,0,0,TRUE,https://...
ART-0300,Lymphatic Filariasis,[Judul Artikel Lymphatic Filariasis #20],[Paragraf / Teks Berita Lymphatic Filariasis #20],[Nama Kota/Kab/Provinsi],IDN,0,0,TRUE,https://...
ART-0301,Malaria,[Judul Artikel Malaria #1],[Paragraf / Teks Berita Malaria #1],[Nama Kota/Kab/Provinsi],IDN,0,0,TRUE,https://...
ART-0302,Malaria,[Judul Artikel Malaria #2],[Paragraf / Teks Berita Malaria #2],[Nama Kota/Kab/Provinsi],IDN,0,0,TRUE,https://...
ART-0303,Malaria,[Judul Artikel Malaria #3],[Paragraf / Teks Berita Malaria #3],[Nama Kota/Kab/Provinsi],IDN,0,0,TRUE,https://...
ART-0304,Malaria,[Judul Artikel Malaria #4],[Paragraf / Teks Berita Malaria #4],[Nama Kota/Kab/Provinsi],IDN,0,0,TRUE,https://...
ART-0305,Malaria,[Judul Artikel Malaria #5],[Paragraf / Teks Berita Malaria #5],[Nama Kota/Kab/Provinsi],IDN,0,0,TRUE,https://...
ART-0306,Malaria,[Judul Artikel Malaria #6],[Paragraf / Teks Berita Malaria #6],[Nama Kota/Kab/Provinsi],IDN,0,0,TRUE,https://...
ART-0307,Malaria,[Judul Artikel Malaria #7],[Paragraf / Teks Berita Malaria #7],[Nama Kota/Kab/Provinsi],IDN,0,0,TRUE,https://...
ART-0308,Malaria,[Judul Artikel Malaria #8],[Paragraf / Teks Berita Malaria #8],[Nama Kota/Kab/Provinsi],IDN,0,0,TRUE,https://...
ART-0309,Malaria,[Judul Artikel Malaria #9],[Paragraf / Teks Berita Malaria #9],[Nama Kota/Kab/Provinsi],IDN,0,0,TRUE,https://...
ART-0310,Malaria,[Judul Artikel Malaria #10],[Paragraf / Teks Berita Malaria #10],[Nama Kota/Kab/Provinsi],IDN,0,0,TRUE,https://...
ART-0311,Malaria,[Judul Artikel Malaria #11],[Paragraf / Teks Berita Malaria #11],[Nama Kota/Kab/Provinsi],IDN,0,0,TRUE,https://...
ART-0312,Malaria,[Judul Artikel Malaria #12],[Paragraf / Teks Berita Malaria #12],[Nama Kota/Kab/Provinsi],IDN,0,0,TRUE,https://...
ART-0313,Malaria,[Judul Artikel Malaria #13],[Paragraf / Teks Berita Malaria #13],[Nama Kota/Kab/Provinsi],IDN,0,0,TRUE,https://...
ART-0314,Malaria,[Judul Artikel Malaria #14],[Paragraf / Teks Berita Malaria #14],[Nama Kota/Kab/Provinsi],IDN,0,0,TRUE,https://...
ART-0315,Malaria,[Judul Artikel Malaria #15],[Paragraf / Teks Berita Malaria #15],[Nama Kota/Kab/Provinsi],IDN,0,0,TRUE,https://...
ART-0316,Malaria,[Judul Artikel Malaria #16],[Paragraf / Teks Berita Malaria #16],[Nama Kota/Kab/Provinsi],IDN,0,0,TRUE,https://...
ART-0317,Malaria,[Judul Artikel Malaria #17],[Paragraf / Teks Berita Malaria #17],[Nama Kota/Kab/Provinsi],IDN,0,0,TRUE,https://...
ART-0318,Malaria,[Judul Artikel Malaria #18],[Paragraf / Teks Berita Malaria #18],[Nama Kota/Kab/Provinsi],IDN,0,0,TRUE,https://...
ART-0319,Malaria,[Judul Artikel Malaria #19],[Paragraf / Teks Berita Malaria #19],[Nama Kota/Kab/Provinsi],IDN,0,0,TRUE,https://...
ART-0320,Malaria,[Judul Artikel Malaria #20],[Paragraf / Teks Berita Malaria #20],[Nama Kota/Kab/Provinsi],IDN,0,0,TRUE,https://...
ART-0321,Marburg,[Judul Artikel Marburg #1],[Paragraf / Teks Berita Marburg #1],[Nama Kota/Kab/Provinsi],IDN,0,0,TRUE,https://...
ART-0322,Marburg,[Judul Artikel Marburg #2],[Paragraf / Teks Berita Marburg #2],[Nama Kota/Kab/Provinsi],IDN,0,0,TRUE,https://...
ART-0323,Marburg,[Judul Artikel Marburg #3],[Paragraf / Teks Berita Marburg #3],[Nama Kota/Kab/Provinsi],IDN,0,0,TRUE,https://...
ART-0324,Marburg,[Judul Artikel Marburg #4],[Paragraf / Teks Berita Marburg #4],[Nama Kota/Kab/Provinsi],IDN,0,0,TRUE,https://...
ART-0325,Marburg,[Judul Artikel Marburg #5],[Paragraf / Teks Berita Marburg #5],[Nama Kota/Kab/Provinsi],IDN,0,0,TRUE,https://...
ART-0326,Marburg,[Judul Artikel Marburg #6],[Paragraf / Teks Berita Marburg #6],[Nama Kota/Kab/Provinsi],IDN,0,0,TRUE,https://...
ART-0327,Marburg,[Judul Artikel Marburg #7],[Paragraf / Teks Berita Marburg #7],[Nama Kota/Kab/Provinsi],IDN,0,0,TRUE,https://...
ART-0328,Marburg,[Judul Artikel Marburg #8],[Paragraf / Teks Berita Marburg #8],[Nama Kota/Kab/Provinsi],IDN,0,0,TRUE,https://...
ART-0329,Marburg,[Judul Artikel Marburg #9],[Paragraf / Teks Berita Marburg #9],[Nama Kota/Kab/Provinsi],IDN,0,0,TRUE,https://...
ART-0330,Marburg,[Judul Artikel Marburg #10],[Paragraf / Teks Berita Marburg #10],[Nama Kota/Kab/Provinsi],IDN,0,0,TRUE,https://...
ART-0331,Marburg,[Judul Artikel Marburg #11],[Paragraf / Teks Berita Marburg #11],[Nama Kota/Kab/Provinsi],IDN,0,0,TRUE,https://...
ART-0332,Marburg,[Judul Artikel Marburg #12],[Paragraf / Teks Berita Marburg #12],[Nama Kota/Kab/Provinsi],IDN,0,0,TRUE,https://...
ART-0333,Marburg,[Judul Artikel Marburg #13],[Paragraf / Teks Berita Marburg #13],[Nama Kota/Kab/Provinsi],IDN,0,0,TRUE,https://...
ART-0334,Marburg,[Judul Artikel Marburg #14],[Paragraf / Teks Berita Marburg #14],[Nama Kota/Kab/Provinsi],IDN,0,0,TRUE,https://...
ART-0335,Marburg,[Judul Artikel Marburg #15],[Paragraf / Teks Berita Marburg #15],[Nama Kota/Kab/Provinsi],IDN,0,0,TRUE,https://...
ART-0336,Marburg,[Judul Artikel Marburg #16],[Paragraf / Teks Berita Marburg #16],[Nama Kota/Kab/Provinsi],IDN,0,0,TRUE,https://...
ART-0337,Marburg,[Judul Artikel Marburg #17],[Paragraf / Teks Berita Marburg #17],[Nama Kota/Kab/Provinsi],IDN,0,0,TRUE,https://...
ART-0338,Marburg,[Judul Artikel Marburg #18],[Paragraf / Teks Berita Marburg #18],[Nama Kota/Kab/Provinsi],IDN,0,0,TRUE,https://...
ART-0339,Marburg,[Judul Artikel Marburg #19],[Paragraf / Teks Berita Marburg #19],[Nama Kota/Kab/Provinsi],IDN,0,0,TRUE,https://...
ART-0340,Marburg,[Judul Artikel Marburg #20],[Paragraf / Teks Berita Marburg #20],[Nama Kota/Kab/Provinsi],IDN,0,0,TRUE,https://...
ART-0341,Measles,[Judul Artikel Measles #1],[Paragraf / Teks Berita Measles #1],[Nama Kota/Kab/Provinsi],IDN,0,0,TRUE,https://...
ART-0342,Measles,[Judul Artikel Measles #2],[Paragraf / Teks Berita Measles #2],[Nama Kota/Kab/Provinsi],IDN,0,0,TRUE,https://...
ART-0343,Measles,[Judul Artikel Measles #3],[Paragraf / Teks Berita Measles #3],[Nama Kota/Kab/Provinsi],IDN,0,0,TRUE,https://...
ART-0344,Measles,[Judul Artikel Measles #4],[Paragraf / Teks Berita Measles #4],[Nama Kota/Kab/Provinsi],IDN,0,0,TRUE,https://...
ART-0345,Measles,[Judul Artikel Measles #5],[Paragraf / Teks Berita Measles #5],[Nama Kota/Kab/Provinsi],IDN,0,0,TRUE,https://...
ART-0346,Measles,[Judul Artikel Measles #6],[Paragraf / Teks Berita Measles #6],[Nama Kota/Kab/Provinsi],IDN,0,0,TRUE,https://...
ART-0347,Measles,[Judul Artikel Measles #7],[Paragraf / Teks Berita Measles #7],[Nama Kota/Kab/Provinsi],IDN,0,0,TRUE,https://...
ART-0348,Measles,[Judul Artikel Measles #8],[Paragraf / Teks Berita Measles #8],[Nama Kota/Kab/Provinsi],IDN,0,0,TRUE,https://...
ART-0349,Measles,[Judul Artikel Measles #9],[Paragraf / Teks Berita Measles #9],[Nama Kota/Kab/Provinsi],IDN,0,0,TRUE,https://...
ART-0350,Measles,[Judul Artikel Measles #10],[Paragraf / Teks Berita Measles #10],[Nama Kota/Kab/Provinsi],IDN,0,0,TRUE,https://...
ART-0351,Measles,[Judul Artikel Measles #11],[Paragraf / Teks Berita Measles #11],[Nama Kota/Kab/Provinsi],IDN,0,0,TRUE,https://...
ART-0352,Measles,[Judul Artikel Measles #12],[Paragraf / Teks Berita Measles #12],[Nama Kota/Kab/Provinsi],IDN,0,0,TRUE,https://...
ART-0353,Measles,[Judul Artikel Measles #13],[Paragraf / Teks Berita Measles #13],[Nama Kota/Kab/Provinsi],IDN,0,0,TRUE,https://...
ART-0354,Measles,[Judul Artikel Measles #14],[Paragraf / Teks Berita Measles #14],[Nama Kota/Kab/Provinsi],IDN,0,0,TRUE,https://...
ART-0355,Measles,[Judul Artikel Measles #15],[Paragraf / Teks Berita Measles #15],[Nama Kota/Kab/Provinsi],IDN,0,0,TRUE,https://...
ART-0356,Measles,[Judul Artikel Measles #16],[Paragraf / Teks Berita Measles #16],[Nama Kota/Kab/Provinsi],IDN,0,0,TRUE,https://...
ART-0357,Measles,[Judul Artikel Measles #17],[Paragraf / Teks Berita Measles #17],[Nama Kota/Kab/Provinsi],IDN,0,0,TRUE,https://...
ART-0358,Measles,[Judul Artikel Measles #18],[Paragraf / Teks Berita Measles #18],[Nama Kota/Kab/Provinsi],IDN,0,0,TRUE,https://...
ART-0359,Measles,[Judul Artikel Measles #19],[Paragraf / Teks Berita Measles #19],[Nama Kota/Kab/Provinsi],IDN,0,0,TRUE,https://...
ART-0360,Measles,[Judul Artikel Measles #20],[Paragraf / Teks Berita Measles #20],[Nama Kota/Kab/Provinsi],IDN,0,0,TRUE,https://...
ART-0361,Melioidosis,[Judul Artikel Melioidosis #1],[Paragraf / Teks Berita Melioidosis #1],[Nama Kota/Kab/Provinsi],IDN,0,0,TRUE,https://...
ART-0362,Melioidosis,[Judul Artikel Melioidosis #2],[Paragraf / Teks Berita Melioidosis #2],[Nama Kota/Kab/Provinsi],IDN,0,0,TRUE,https://...
ART-0363,Melioidosis,[Judul Artikel Melioidosis #3],[Paragraf / Teks Berita Melioidosis #3],[Nama Kota/Kab/Provinsi],IDN,0,0,TRUE,https://...
ART-0364,Melioidosis,[Judul Artikel Melioidosis #4],[Paragraf / Teks Berita Melioidosis #4],[Nama Kota/Kab/Provinsi],IDN,0,0,TRUE,https://...
ART-0365,Melioidosis,[Judul Artikel Melioidosis #5],[Paragraf / Teks Berita Melioidosis #5],[Nama Kota/Kab/Provinsi],IDN,0,0,TRUE,https://...
ART-0366,Melioidosis,[Judul Artikel Melioidosis #6],[Paragraf / Teks Berita Melioidosis #6],[Nama Kota/Kab/Provinsi],IDN,0,0,TRUE,https://...
ART-0367,Melioidosis,[Judul Artikel Melioidosis #7],[Paragraf / Teks Berita Melioidosis #7],[Nama Kota/Kab/Provinsi],IDN,0,0,TRUE,https://...
ART-0368,Melioidosis,[Judul Artikel Melioidosis #8],[Paragraf / Teks Berita Melioidosis #8],[Nama Kota/Kab/Provinsi],IDN,0,0,TRUE,https://...
ART-0369,Melioidosis,[Judul Artikel Melioidosis #9],[Paragraf / Teks Berita Melioidosis #9],[Nama Kota/Kab/Provinsi],IDN,0,0,TRUE,https://...
ART-0370,Melioidosis,[Judul Artikel Melioidosis #10],[Paragraf / Teks Berita Melioidosis #10],[Nama Kota/Kab/Provinsi],IDN,0,0,TRUE,https://...
ART-0371,Melioidosis,[Judul Artikel Melioidosis #11],[Paragraf / Teks Berita Melioidosis #11],[Nama Kota/Kab/Provinsi],IDN,0,0,TRUE,https://...
ART-0372,Melioidosis,[Judul Artikel Melioidosis #12],[Paragraf / Teks Berita Melioidosis #12],[Nama Kota/Kab/Provinsi],IDN,0,0,TRUE,https://...
ART-0373,Melioidosis,[Judul Artikel Melioidosis #13],[Paragraf / Teks Berita Melioidosis #13],[Nama Kota/Kab/Provinsi],IDN,0,0,TRUE,https://...
ART-0374,Melioidosis,[Judul Artikel Melioidosis #14],[Paragraf / Teks Berita Melioidosis #14],[Nama Kota/Kab/Provinsi],IDN,0,0,TRUE,https://...
ART-0375,Melioidosis,[Judul Artikel Melioidosis #15],[Paragraf / Teks Berita Melioidosis #15],[Nama Kota/Kab/Provinsi],IDN,0,0,TRUE,https://...
ART-0376,Melioidosis,[Judul Artikel Melioidosis #16],[Paragraf / Teks Berita Melioidosis #16],[Nama Kota/Kab/Provinsi],IDN,0,0,TRUE,https://...
ART-0377,Melioidosis,[Judul Artikel Melioidosis #17],[Paragraf / Teks Berita Melioidosis #17],[Nama Kota/Kab/Provinsi],IDN,0,0,TRUE,https://...
ART-0378,Melioidosis,[Judul Artikel Melioidosis #18],[Paragraf / Teks Berita Melioidosis #18],[Nama Kota/Kab/Provinsi],IDN,0,0,TRUE,https://...
ART-0379,Melioidosis,[Judul Artikel Melioidosis #19],[Paragraf / Teks Berita Melioidosis #19],[Nama Kota/Kab/Provinsi],IDN,0,0,TRUE,https://...
ART-0380,Melioidosis,[Judul Artikel Melioidosis #20],[Paragraf / Teks Berita Melioidosis #20],[Nama Kota/Kab/Provinsi],IDN,0,0,TRUE,https://...
ART-0381,MERS,[Judul Artikel MERS #1],[Paragraf / Teks Berita MERS #1],[Nama Kota/Kab/Provinsi],IDN,0,0,TRUE,https://...
ART-0382,MERS,[Judul Artikel MERS #2],[Paragraf / Teks Berita MERS #2],[Nama Kota/Kab/Provinsi],IDN,0,0,TRUE,https://...
ART-0383,MERS,[Judul Artikel MERS #3],[Paragraf / Teks Berita MERS #3],[Nama Kota/Kab/Provinsi],IDN,0,0,TRUE,https://...
ART-0384,MERS,[Judul Artikel MERS #4],[Paragraf / Teks Berita MERS #4],[Nama Kota/Kab/Provinsi],IDN,0,0,TRUE,https://...
ART-0385,MERS,[Judul Artikel MERS #5],[Paragraf / Teks Berita MERS #5],[Nama Kota/Kab/Provinsi],IDN,0,0,TRUE,https://...
ART-0386,MERS,[Judul Artikel MERS #6],[Paragraf / Teks Berita MERS #6],[Nama Kota/Kab/Provinsi],IDN,0,0,TRUE,https://...
ART-0387,MERS,[Judul Artikel MERS #7],[Paragraf / Teks Berita MERS #7],[Nama Kota/Kab/Provinsi],IDN,0,0,TRUE,https://...
ART-0388,MERS,[Judul Artikel MERS #8],[Paragraf / Teks Berita MERS #8],[Nama Kota/Kab/Provinsi],IDN,0,0,TRUE,https://...
ART-0389,MERS,[Judul Artikel MERS #9],[Paragraf / Teks Berita MERS #9],[Nama Kota/Kab/Provinsi],IDN,0,0,TRUE,https://...
ART-0390,MERS,[Judul Artikel MERS #10],[Paragraf / Teks Berita MERS #10],[Nama Kota/Kab/Provinsi],IDN,0,0,TRUE,https://...
ART-0391,MERS,[Judul Artikel MERS #11],[Paragraf / Teks Berita MERS #11],[Nama Kota/Kab/Provinsi],IDN,0,0,TRUE,https://...
ART-0392,MERS,[Judul Artikel MERS #12],[Paragraf / Teks Berita MERS #12],[Nama Kota/Kab/Provinsi],IDN,0,0,TRUE,https://...
ART-0393,MERS,[Judul Artikel MERS #13],[Paragraf / Teks Berita MERS #13],[Nama Kota/Kab/Provinsi],IDN,0,0,TRUE,https://...
ART-0394,MERS,[Judul Artikel MERS #14],[Paragraf / Teks Berita MERS #14],[Nama Kota/Kab/Provinsi],IDN,0,0,TRUE,https://...
ART-0395,MERS,[Judul Artikel MERS #15],[Paragraf / Teks Berita MERS #15],[Nama Kota/Kab/Provinsi],IDN,0,0,TRUE,https://...
ART-0396,MERS,[Judul Artikel MERS #16],[Paragraf / Teks Berita MERS #16],[Nama Kota/Kab/Provinsi],IDN,0,0,TRUE,https://...
ART-0397,MERS,[Judul Artikel MERS #17],[Paragraf / Teks Berita MERS #17],[Nama Kota/Kab/Provinsi],IDN,0,0,TRUE,https://...
ART-0398,MERS,[Judul Artikel MERS #18],[Paragraf / Teks Berita MERS #18],[Nama Kota/Kab/Provinsi],IDN,0,0,TRUE,https://...
ART-0399,MERS,[Judul Artikel MERS #19],[Paragraf / Teks Berita MERS #19],[Nama Kota/Kab/Provinsi],IDN,0,0,TRUE,https://...
ART-0400,MERS,[Judul Artikel MERS #20],[Paragraf / Teks Berita MERS #20],[Nama Kota/Kab/Provinsi],IDN,0,0,TRUE,https://...
ART-0401,Mpox (Monkeypox),[Judul Artikel Mpox (Monkeypox) #1],[Paragraf / Teks Berita Mpox (Monkeypox) #1],[Nama Kota/Kab/Provinsi],IDN,0,0,TRUE,https://...
ART-0402,Mpox (Monkeypox),[Judul Artikel Mpox (Monkeypox) #2],[Paragraf / Teks Berita Mpox (Monkeypox) #2],[Nama Kota/Kab/Provinsi],IDN,0,0,TRUE,https://...
ART-0403,Mpox (Monkeypox),[Judul Artikel Mpox (Monkeypox) #3],[Paragraf / Teks Berita Mpox (Monkeypox) #3],[Nama Kota/Kab/Provinsi],IDN,0,0,TRUE,https://...
ART-0404,Mpox (Monkeypox),[Judul Artikel Mpox (Monkeypox) #4],[Paragraf / Teks Berita Mpox (Monkeypox) #4],[Nama Kota/Kab/Provinsi],IDN,0,0,TRUE,https://...
ART-0405,Mpox (Monkeypox),[Judul Artikel Mpox (Monkeypox) #5],[Paragraf / Teks Berita Mpox (Monkeypox) #5],[Nama Kota/Kab/Provinsi],IDN,0,0,TRUE,https://...
ART-0406,Mpox (Monkeypox),[Judul Artikel Mpox (Monkeypox) #6],[Paragraf / Teks Berita Mpox (Monkeypox) #6],[Nama Kota/Kab/Provinsi],IDN,0,0,TRUE,https://...
ART-0407,Mpox (Monkeypox),[Judul Artikel Mpox (Monkeypox) #7],[Paragraf / Teks Berita Mpox (Monkeypox) #7],[Nama Kota/Kab/Provinsi],IDN,0,0,TRUE,https://...
ART-0408,Mpox (Monkeypox),[Judul Artikel Mpox (Monkeypox) #8],[Paragraf / Teks Berita Mpox (Monkeypox) #8],[Nama Kota/Kab/Provinsi],IDN,0,0,TRUE,https://...
ART-0409,Mpox (Monkeypox),[Judul Artikel Mpox (Monkeypox) #9],[Paragraf / Teks Berita Mpox (Monkeypox) #9],[Nama Kota/Kab/Provinsi],IDN,0,0,TRUE,https://...
ART-0410,Mpox (Monkeypox),[Judul Artikel Mpox (Monkeypox) #10],[Paragraf / Teks Berita Mpox (Monkeypox) #10],[Nama Kota/Kab/Provinsi],IDN,0,0,TRUE,https://...
ART-0411,Mpox (Monkeypox),[Judul Artikel Mpox (Monkeypox) #11],[Paragraf / Teks Berita Mpox (Monkeypox) #11],[Nama Kota/Kab/Provinsi],IDN,0,0,TRUE,https://...
ART-0412,Mpox (Monkeypox),[Judul Artikel Mpox (Monkeypox) #12],[Paragraf / Teks Berita Mpox (Monkeypox) #12],[Nama Kota/Kab/Provinsi],IDN,0,0,TRUE,https://...
ART-0413,Mpox (Monkeypox),[Judul Artikel Mpox (Monkeypox) #13],[Paragraf / Teks Berita Mpox (Monkeypox) #13],[Nama Kota/Kab/Provinsi],IDN,0,0,TRUE,https://...
ART-0414,Mpox (Monkeypox),[Judul Artikel Mpox (Monkeypox) #14],[Paragraf / Teks Berita Mpox (Monkeypox) #14],[Nama Kota/Kab/Provinsi],IDN,0,0,TRUE,https://...
ART-0415,Mpox (Monkeypox),[Judul Artikel Mpox (Monkeypox) #15],[Paragraf / Teks Berita Mpox (Monkeypox) #15],[Nama Kota/Kab/Provinsi],IDN,0,0,TRUE,https://...
ART-0416,Mpox (Monkeypox),[Judul Artikel Mpox (Monkeypox) #16],[Paragraf / Teks Berita Mpox (Monkeypox) #16],[Nama Kota/Kab/Provinsi],IDN,0,0,TRUE,https://...
ART-0417,Mpox (Monkeypox),[Judul Artikel Mpox (Monkeypox) #17],[Paragraf / Teks Berita Mpox (Monkeypox) #17],[Nama Kota/Kab/Provinsi],IDN,0,0,TRUE,https://...
ART-0418,Mpox (Monkeypox),[Judul Artikel Mpox (Monkeypox) #18],[Paragraf / Teks Berita Mpox (Monkeypox) #18],[Nama Kota/Kab/Provinsi],IDN,0,0,TRUE,https://...
ART-0419,Mpox (Monkeypox),[Judul Artikel Mpox (Monkeypox) #19],[Paragraf / Teks Berita Mpox (Monkeypox) #19],[Nama Kota/Kab/Provinsi],IDN,0,0,TRUE,https://...
ART-0420,Mpox (Monkeypox),[Judul Artikel Mpox (Monkeypox) #20],[Paragraf / Teks Berita Mpox (Monkeypox) #20],[Nama Kota/Kab/Provinsi],IDN,0,0,TRUE,https://...
ART-0421,Nipah,[Judul Artikel Nipah #1],[Paragraf / Teks Berita Nipah #1],[Nama Kota/Kab/Provinsi],IDN,0,0,TRUE,https://...
ART-0422,Nipah,[Judul Artikel Nipah #2],[Paragraf / Teks Berita Nipah #2],[Nama Kota/Kab/Provinsi],IDN,0,0,TRUE,https://...
ART-0423,Nipah,[Judul Artikel Nipah #3],[Paragraf / Teks Berita Nipah #3],[Nama Kota/Kab/Provinsi],IDN,0,0,TRUE,https://...
ART-0424,Nipah,[Judul Artikel Nipah #4],[Paragraf / Teks Berita Nipah #4],[Nama Kota/Kab/Provinsi],IDN,0,0,TRUE,https://...
ART-0425,Nipah,[Judul Artikel Nipah #5],[Paragraf / Teks Berita Nipah #5],[Nama Kota/Kab/Provinsi],IDN,0,0,TRUE,https://...
ART-0426,Nipah,[Judul Artikel Nipah #6],[Paragraf / Teks Berita Nipah #6],[Nama Kota/Kab/Provinsi],IDN,0,0,TRUE,https://...
ART-0427,Nipah,[Judul Artikel Nipah #7],[Paragraf / Teks Berita Nipah #7],[Nama Kota/Kab/Provinsi],IDN,0,0,TRUE,https://...
ART-0428,Nipah,[Judul Artikel Nipah #8],[Paragraf / Teks Berita Nipah #8],[Nama Kota/Kab/Provinsi],IDN,0,0,TRUE,https://...
ART-0429,Nipah,[Judul Artikel Nipah #9],[Paragraf / Teks Berita Nipah #9],[Nama Kota/Kab/Provinsi],IDN,0,0,TRUE,https://...
ART-0430,Nipah,[Judul Artikel Nipah #10],[Paragraf / Teks Berita Nipah #10],[Nama Kota/Kab/Provinsi],IDN,0,0,TRUE,https://...
ART-0431,Nipah,[Judul Artikel Nipah #11],[Paragraf / Teks Berita Nipah #11],[Nama Kota/Kab/Provinsi],IDN,0,0,TRUE,https://...
ART-0432,Nipah,[Judul Artikel Nipah #12],[Paragraf / Teks Berita Nipah #12],[Nama Kota/Kab/Provinsi],IDN,0,0,TRUE,https://...
ART-0433,Nipah,[Judul Artikel Nipah #13],[Paragraf / Teks Berita Nipah #13],[Nama Kota/Kab/Provinsi],IDN,0,0,TRUE,https://...
ART-0434,Nipah,[Judul Artikel Nipah #14],[Paragraf / Teks Berita Nipah #14],[Nama Kota/Kab/Provinsi],IDN,0,0,TRUE,https://...
ART-0435,Nipah,[Judul Artikel Nipah #15],[Paragraf / Teks Berita Nipah #15],[Nama Kota/Kab/Provinsi],IDN,0,0,TRUE,https://...
ART-0436,Nipah,[Judul Artikel Nipah #16],[Paragraf / Teks Berita Nipah #16],[Nama Kota/Kab/Provinsi],IDN,0,0,TRUE,https://...
ART-0437,Nipah,[Judul Artikel Nipah #17],[Paragraf / Teks Berita Nipah #17],[Nama Kota/Kab/Provinsi],IDN,0,0,TRUE,https://...
ART-0438,Nipah,[Judul Artikel Nipah #18],[Paragraf / Teks Berita Nipah #18],[Nama Kota/Kab/Provinsi],IDN,0,0,TRUE,https://...
ART-0439,Nipah,[Judul Artikel Nipah #19],[Paragraf / Teks Berita Nipah #19],[Nama Kota/Kab/Provinsi],IDN,0,0,TRUE,https://...
ART-0440,Nipah,[Judul Artikel Nipah #20],[Paragraf / Teks Berita Nipah #20],[Nama Kota/Kab/Provinsi],IDN,0,0,TRUE,https://...
ART-0441,Pertussis (Whooping Cough),[Judul Artikel Pertussis (Whooping Cough) #1],[Paragraf / Teks Berita Pertussis (Whooping Cough) #1],[Nama Kota/Kab/Provinsi],IDN,0,0,TRUE,https://...
ART-0442,Pertussis (Whooping Cough),[Judul Artikel Pertussis (Whooping Cough) #2],[Paragraf / Teks Berita Pertussis (Whooping Cough) #2],[Nama Kota/Kab/Provinsi],IDN,0,0,TRUE,https://...
ART-0443,Pertussis (Whooping Cough),[Judul Artikel Pertussis (Whooping Cough) #3],[Paragraf / Teks Berita Pertussis (Whooping Cough) #3],[Nama Kota/Kab/Provinsi],IDN,0,0,TRUE,https://...
ART-0444,Pertussis (Whooping Cough),[Judul Artikel Pertussis (Whooping Cough) #4],[Paragraf / Teks Berita Pertussis (Whooping Cough) #4],[Nama Kota/Kab/Provinsi],IDN,0,0,TRUE,https://...
ART-0445,Pertussis (Whooping Cough),[Judul Artikel Pertussis (Whooping Cough) #5],[Paragraf / Teks Berita Pertussis (Whooping Cough) #5],[Nama Kota/Kab/Provinsi],IDN,0,0,TRUE,https://...
ART-0446,Pertussis (Whooping Cough),[Judul Artikel Pertussis (Whooping Cough) #6],[Paragraf / Teks Berita Pertussis (Whooping Cough) #6],[Nama Kota/Kab/Provinsi],IDN,0,0,TRUE,https://...
ART-0447,Pertussis (Whooping Cough),[Judul Artikel Pertussis (Whooping Cough) #7],[Paragraf / Teks Berita Pertussis (Whooping Cough) #7],[Nama Kota/Kab/Provinsi],IDN,0,0,TRUE,https://...
ART-0448,Pertussis (Whooping Cough),[Judul Artikel Pertussis (Whooping Cough) #8],[Paragraf / Teks Berita Pertussis (Whooping Cough) #8],[Nama Kota/Kab/Provinsi],IDN,0,0,TRUE,https://...
ART-0449,Pertussis (Whooping Cough),[Judul Artikel Pertussis (Whooping Cough) #9],[Paragraf / Teks Berita Pertussis (Whooping Cough) #9],[Nama Kota/Kab/Provinsi],IDN,0,0,TRUE,https://...
ART-0450,Pertussis (Whooping Cough),[Judul Artikel Pertussis (Whooping Cough) #10],[Paragraf / Teks Berita Pertussis (Whooping Cough) #10],[Nama Kota/Kab/Provinsi],IDN,0,0,TRUE,https://...
ART-0451,Pertussis (Whooping Cough),[Judul Artikel Pertussis (Whooping Cough) #11],[Paragraf / Teks Berita Pertussis (Whooping Cough) #11],[Nama Kota/Kab/Provinsi],IDN,0,0,TRUE,https://...
ART-0452,Pertussis (Whooping Cough),[Judul Artikel Pertussis (Whooping Cough) #12],[Paragraf / Teks Berita Pertussis (Whooping Cough) #12],[Nama Kota/Kab/Provinsi],IDN,0,0,TRUE,https://...
ART-0453,Pertussis (Whooping Cough),[Judul Artikel Pertussis (Whooping Cough) #13],[Paragraf / Teks Berita Pertussis (Whooping Cough) #13],[Nama Kota/Kab/Provinsi],IDN,0,0,TRUE,https://...
ART-0454,Pertussis (Whooping Cough),[Judul Artikel Pertussis (Whooping Cough) #14],[Paragraf / Teks Berita Pertussis (Whooping Cough) #14],[Nama Kota/Kab/Provinsi],IDN,0,0,TRUE,https://...
ART-0455,Pertussis (Whooping Cough),[Judul Artikel Pertussis (Whooping Cough) #15],[Paragraf / Teks Berita Pertussis (Whooping Cough) #15],[Nama Kota/Kab/Provinsi],IDN,0,0,TRUE,https://...
ART-0456,Pertussis (Whooping Cough),[Judul Artikel Pertussis (Whooping Cough) #16],[Paragraf / Teks Berita Pertussis (Whooping Cough) #16],[Nama Kota/Kab/Provinsi],IDN,0,0,TRUE,https://...
ART-0457,Pertussis (Whooping Cough),[Judul Artikel Pertussis (Whooping Cough) #17],[Paragraf / Teks Berita Pertussis (Whooping Cough) #17],[Nama Kota/Kab/Provinsi],IDN,0,0,TRUE,https://...
ART-0458,Pertussis (Whooping Cough),[Judul Artikel Pertussis (Whooping Cough) #18],[Paragraf / Teks Berita Pertussis (Whooping Cough) #18],[Nama Kota/Kab/Provinsi],IDN,0,0,TRUE,https://...
ART-0459,Pertussis (Whooping Cough),[Judul Artikel Pertussis (Whooping Cough) #19],[Paragraf / Teks Berita Pertussis (Whooping Cough) #19],[Nama Kota/Kab/Provinsi],IDN,0,0,TRUE,https://...
ART-0460,Pertussis (Whooping Cough),[Judul Artikel Pertussis (Whooping Cough) #20],[Paragraf / Teks Berita Pertussis (Whooping Cough) #20],[Nama Kota/Kab/Provinsi],IDN,0,0,TRUE,https://...
ART-0461,Polio (Paralysis),[Judul Artikel Polio (Paralysis) #1],[Paragraf / Teks Berita Polio (Paralysis) #1],[Nama Kota/Kab/Provinsi],IDN,0,0,TRUE,https://...
ART-0462,Polio (Paralysis),[Judul Artikel Polio (Paralysis) #2],[Paragraf / Teks Berita Polio (Paralysis) #2],[Nama Kota/Kab/Provinsi],IDN,0,0,TRUE,https://...
ART-0463,Polio (Paralysis),[Judul Artikel Polio (Paralysis) #3],[Paragraf / Teks Berita Polio (Paralysis) #3],[Nama Kota/Kab/Provinsi],IDN,0,0,TRUE,https://...
ART-0464,Polio (Paralysis),[Judul Artikel Polio (Paralysis) #4],[Paragraf / Teks Berita Polio (Paralysis) #4],[Nama Kota/Kab/Provinsi],IDN,0,0,TRUE,https://...
ART-0465,Polio (Paralysis),[Judul Artikel Polio (Paralysis) #5],[Paragraf / Teks Berita Polio (Paralysis) #5],[Nama Kota/Kab/Provinsi],IDN,0,0,TRUE,https://...
ART-0466,Polio (Paralysis),[Judul Artikel Polio (Paralysis) #6],[Paragraf / Teks Berita Polio (Paralysis) #6],[Nama Kota/Kab/Provinsi],IDN,0,0,TRUE,https://...
ART-0467,Polio (Paralysis),[Judul Artikel Polio (Paralysis) #7],[Paragraf / Teks Berita Polio (Paralysis) #7],[Nama Kota/Kab/Provinsi],IDN,0,0,TRUE,https://...
ART-0468,Polio (Paralysis),[Judul Artikel Polio (Paralysis) #8],[Paragraf / Teks Berita Polio (Paralysis) #8],[Nama Kota/Kab/Provinsi],IDN,0,0,TRUE,https://...
ART-0469,Polio (Paralysis),[Judul Artikel Polio (Paralysis) #9],[Paragraf / Teks Berita Polio (Paralysis) #9],[Nama Kota/Kab/Provinsi],IDN,0,0,TRUE,https://...
ART-0470,Polio (Paralysis),[Judul Artikel Polio (Paralysis) #10],[Paragraf / Teks Berita Polio (Paralysis) #10],[Nama Kota/Kab/Provinsi],IDN,0,0,TRUE,https://...
ART-0471,Polio (Paralysis),[Judul Artikel Polio (Paralysis) #11],[Paragraf / Teks Berita Polio (Paralysis) #11],[Nama Kota/Kab/Provinsi],IDN,0,0,TRUE,https://...
ART-0472,Polio (Paralysis),[Judul Artikel Polio (Paralysis) #12],[Paragraf / Teks Berita Polio (Paralysis) #12],[Nama Kota/Kab/Provinsi],IDN,0,0,TRUE,https://...
ART-0473,Polio (Paralysis),[Judul Artikel Polio (Paralysis) #13],[Paragraf / Teks Berita Polio (Paralysis) #13],[Nama Kota/Kab/Provinsi],IDN,0,0,TRUE,https://...
ART-0474,Polio (Paralysis),[Judul Artikel Polio (Paralysis) #14],[Paragraf / Teks Berita Polio (Paralysis) #14],[Nama Kota/Kab/Provinsi],IDN,0,0,TRUE,https://...
ART-0475,Polio (Paralysis),[Judul Artikel Polio (Paralysis) #15],[Paragraf / Teks Berita Polio (Paralysis) #15],[Nama Kota/Kab/Provinsi],IDN,0,0,TRUE,https://...
ART-0476,Polio (Paralysis),[Judul Artikel Polio (Paralysis) #16],[Paragraf / Teks Berita Polio (Paralysis) #16],[Nama Kota/Kab/Provinsi],IDN,0,0,TRUE,https://...
ART-0477,Polio (Paralysis),[Judul Artikel Polio (Paralysis) #17],[Paragraf / Teks Berita Polio (Paralysis) #17],[Nama Kota/Kab/Provinsi],IDN,0,0,TRUE,https://...
ART-0478,Polio (Paralysis),[Judul Artikel Polio (Paralysis) #18],[Paragraf / Teks Berita Polio (Paralysis) #18],[Nama Kota/Kab/Provinsi],IDN,0,0,TRUE,https://...
ART-0479,Polio (Paralysis),[Judul Artikel Polio (Paralysis) #19],[Paragraf / Teks Berita Polio (Paralysis) #19],[Nama Kota/Kab/Provinsi],IDN,0,0,TRUE,https://...
ART-0480,Polio (Paralysis),[Judul Artikel Polio (Paralysis) #20],[Paragraf / Teks Berita Polio (Paralysis) #20],[Nama Kota/Kab/Provinsi],IDN,0,0,TRUE,https://...
ART-0481,Rabies,[Judul Artikel Rabies #1],[Paragraf / Teks Berita Rabies #1],[Nama Kota/Kab/Provinsi],IDN,0,0,TRUE,https://...
ART-0482,Rabies,[Judul Artikel Rabies #2],[Paragraf / Teks Berita Rabies #2],[Nama Kota/Kab/Provinsi],IDN,0,0,TRUE,https://...
ART-0483,Rabies,[Judul Artikel Rabies #3],[Paragraf / Teks Berita Rabies #3],[Nama Kota/Kab/Provinsi],IDN,0,0,TRUE,https://...
ART-0484,Rabies,[Judul Artikel Rabies #4],[Paragraf / Teks Berita Rabies #4],[Nama Kota/Kab/Provinsi],IDN,0,0,TRUE,https://...
ART-0485,Rabies,[Judul Artikel Rabies #5],[Paragraf / Teks Berita Rabies #5],[Nama Kota/Kab/Provinsi],IDN,0,0,TRUE,https://...
ART-0486,Rabies,[Judul Artikel Rabies #6],[Paragraf / Teks Berita Rabies #6],[Nama Kota/Kab/Provinsi],IDN,0,0,TRUE,https://...
ART-0487,Rabies,[Judul Artikel Rabies #7],[Paragraf / Teks Berita Rabies #7],[Nama Kota/Kab/Provinsi],IDN,0,0,TRUE,https://...
ART-0488,Rabies,[Judul Artikel Rabies #8],[Paragraf / Teks Berita Rabies #8],[Nama Kota/Kab/Provinsi],IDN,0,0,TRUE,https://...
ART-0489,Rabies,[Judul Artikel Rabies #9],[Paragraf / Teks Berita Rabies #9],[Nama Kota/Kab/Provinsi],IDN,0,0,TRUE,https://...
ART-0490,Rabies,[Judul Artikel Rabies #10],[Paragraf / Teks Berita Rabies #10],[Nama Kota/Kab/Provinsi],IDN,0,0,TRUE,https://...
ART-0491,Rabies,[Judul Artikel Rabies #11],[Paragraf / Teks Berita Rabies #11],[Nama Kota/Kab/Provinsi],IDN,0,0,TRUE,https://...
ART-0492,Rabies,[Judul Artikel Rabies #12],[Paragraf / Teks Berita Rabies #12],[Nama Kota/Kab/Provinsi],IDN,0,0,TRUE,https://...
ART-0493,Rabies,[Judul Artikel Rabies #13],[Paragraf / Teks Berita Rabies #13],[Nama Kota/Kab/Provinsi],IDN,0,0,TRUE,https://...
ART-0494,Rabies,[Judul Artikel Rabies #14],[Paragraf / Teks Berita Rabies #14],[Nama Kota/Kab/Provinsi],IDN,0,0,TRUE,https://...
ART-0495,Rabies,[Judul Artikel Rabies #15],[Paragraf / Teks Berita Rabies #15],[Nama Kota/Kab/Provinsi],IDN,0,0,TRUE,https://...
ART-0496,Rabies,[Judul Artikel Rabies #16],[Paragraf / Teks Berita Rabies #16],[Nama Kota/Kab/Provinsi],IDN,0,0,TRUE,https://...
ART-0497,Rabies,[Judul Artikel Rabies #17],[Paragraf / Teks Berita Rabies #17],[Nama Kota/Kab/Provinsi],IDN,0,0,TRUE,https://...
ART-0498,Rabies,[Judul Artikel Rabies #18],[Paragraf / Teks Berita Rabies #18],[Nama Kota/Kab/Provinsi],IDN,0,0,TRUE,https://...
ART-0499,Rabies,[Judul Artikel Rabies #19],[Paragraf / Teks Berita Rabies #19],[Nama Kota/Kab/Provinsi],IDN,0,0,TRUE,https://...
ART-0500,Rabies,[Judul Artikel Rabies #20],[Paragraf / Teks Berita Rabies #20],[Nama Kota/Kab/Provinsi],IDN,0,0,TRUE,https://...
ART-0501,Rift Valley Fever,[Judul Artikel Rift Valley Fever #1],[Paragraf / Teks Berita Rift Valley Fever #1],[Nama Kota/Kab/Provinsi],IDN,0,0,TRUE,https://...
ART-0502,Rift Valley Fever,[Judul Artikel Rift Valley Fever #2],[Paragraf / Teks Berita Rift Valley Fever #2],[Nama Kota/Kab/Provinsi],IDN,0,0,TRUE,https://...
ART-0503,Rift Valley Fever,[Judul Artikel Rift Valley Fever #3],[Paragraf / Teks Berita Rift Valley Fever #3],[Nama Kota/Kab/Provinsi],IDN,0,0,TRUE,https://...
ART-0504,Rift Valley Fever,[Judul Artikel Rift Valley Fever #4],[Paragraf / Teks Berita Rift Valley Fever #4],[Nama Kota/Kab/Provinsi],IDN,0,0,TRUE,https://...
ART-0505,Rift Valley Fever,[Judul Artikel Rift Valley Fever #5],[Paragraf / Teks Berita Rift Valley Fever #5],[Nama Kota/Kab/Provinsi],IDN,0,0,TRUE,https://...
ART-0506,Rift Valley Fever,[Judul Artikel Rift Valley Fever #6],[Paragraf / Teks Berita Rift Valley Fever #6],[Nama Kota/Kab/Provinsi],IDN,0,0,TRUE,https://...
ART-0507,Rift Valley Fever,[Judul Artikel Rift Valley Fever #7],[Paragraf / Teks Berita Rift Valley Fever #7],[Nama Kota/Kab/Provinsi],IDN,0,0,TRUE,https://...
ART-0508,Rift Valley Fever,[Judul Artikel Rift Valley Fever #8],[Paragraf / Teks Berita Rift Valley Fever #8],[Nama Kota/Kab/Provinsi],IDN,0,0,TRUE,https://...
ART-0509,Rift Valley Fever,[Judul Artikel Rift Valley Fever #9],[Paragraf / Teks Berita Rift Valley Fever #9],[Nama Kota/Kab/Provinsi],IDN,0,0,TRUE,https://...
ART-0510,Rift Valley Fever,[Judul Artikel Rift Valley Fever #10],[Paragraf / Teks Berita Rift Valley Fever #10],[Nama Kota/Kab/Provinsi],IDN,0,0,TRUE,https://...
ART-0511,Rift Valley Fever,[Judul Artikel Rift Valley Fever #11],[Paragraf / Teks Berita Rift Valley Fever #11],[Nama Kota/Kab/Provinsi],IDN,0,0,TRUE,https://...
ART-0512,Rift Valley Fever,[Judul Artikel Rift Valley Fever #12],[Paragraf / Teks Berita Rift Valley Fever #12],[Nama Kota/Kab/Provinsi],IDN,0,0,TRUE,https://...
ART-0513,Rift Valley Fever,[Judul Artikel Rift Valley Fever #13],[Paragraf / Teks Berita Rift Valley Fever #13],[Nama Kota/Kab/Provinsi],IDN,0,0,TRUE,https://...
ART-0514,Rift Valley Fever,[Judul Artikel Rift Valley Fever #14],[Paragraf / Teks Berita Rift Valley Fever #14],[Nama Kota/Kab/Provinsi],IDN,0,0,TRUE,https://...
ART-0515,Rift Valley Fever,[Judul Artikel Rift Valley Fever #15],[Paragraf / Teks Berita Rift Valley Fever #15],[Nama Kota/Kab/Provinsi],IDN,0,0,TRUE,https://...
ART-0516,Rift Valley Fever,[Judul Artikel Rift Valley Fever #16],[Paragraf / Teks Berita Rift Valley Fever #16],[Nama Kota/Kab/Provinsi],IDN,0,0,TRUE,https://...
ART-0517,Rift Valley Fever,[Judul Artikel Rift Valley Fever #17],[Paragraf / Teks Berita Rift Valley Fever #17],[Nama Kota/Kab/Provinsi],IDN,0,0,TRUE,https://...
ART-0518,Rift Valley Fever,[Judul Artikel Rift Valley Fever #18],[Paragraf / Teks Berita Rift Valley Fever #18],[Nama Kota/Kab/Provinsi],IDN,0,0,TRUE,https://...
ART-0519,Rift Valley Fever,[Judul Artikel Rift Valley Fever #19],[Paragraf / Teks Berita Rift Valley Fever #19],[Nama Kota/Kab/Provinsi],IDN,0,0,TRUE,https://...
ART-0520,Rift Valley Fever,[Judul Artikel Rift Valley Fever #20],[Paragraf / Teks Berita Rift Valley Fever #20],[Nama Kota/Kab/Provinsi],IDN,0,0,TRUE,https://...
ART-0521,Tuberculosis,[Judul Artikel Tuberculosis #1],[Paragraf / Teks Berita Tuberculosis #1],[Nama Kota/Kab/Provinsi],IDN,0,0,TRUE,https://...
ART-0522,Tuberculosis,[Judul Artikel Tuberculosis #2],[Paragraf / Teks Berita Tuberculosis #2],[Nama Kota/Kab/Provinsi],IDN,0,0,TRUE,https://...
ART-0523,Tuberculosis,[Judul Artikel Tuberculosis #3],[Paragraf / Teks Berita Tuberculosis #3],[Nama Kota/Kab/Provinsi],IDN,0,0,TRUE,https://...
ART-0524,Tuberculosis,[Judul Artikel Tuberculosis #4],[Paragraf / Teks Berita Tuberculosis #4],[Nama Kota/Kab/Provinsi],IDN,0,0,TRUE,https://...
ART-0525,Tuberculosis,[Judul Artikel Tuberculosis #5],[Paragraf / Teks Berita Tuberculosis #5],[Nama Kota/Kab/Provinsi],IDN,0,0,TRUE,https://...
ART-0526,Tuberculosis,[Judul Artikel Tuberculosis #6],[Paragraf / Teks Berita Tuberculosis #6],[Nama Kota/Kab/Provinsi],IDN,0,0,TRUE,https://...
ART-0527,Tuberculosis,[Judul Artikel Tuberculosis #7],[Paragraf / Teks Berita Tuberculosis #7],[Nama Kota/Kab/Provinsi],IDN,0,0,TRUE,https://...
ART-0528,Tuberculosis,[Judul Artikel Tuberculosis #8],[Paragraf / Teks Berita Tuberculosis #8],[Nama Kota/Kab/Provinsi],IDN,0,0,TRUE,https://...
ART-0529,Tuberculosis,[Judul Artikel Tuberculosis #9],[Paragraf / Teks Berita Tuberculosis #9],[Nama Kota/Kab/Provinsi],IDN,0,0,TRUE,https://...
ART-0530,Tuberculosis,[Judul Artikel Tuberculosis #10],[Paragraf / Teks Berita Tuberculosis #10],[Nama Kota/Kab/Provinsi],IDN,0,0,TRUE,https://...
ART-0531,Tuberculosis,[Judul Artikel Tuberculosis #11],[Paragraf / Teks Berita Tuberculosis #11],[Nama Kota/Kab/Provinsi],IDN,0,0,TRUE,https://...
ART-0532,Tuberculosis,[Judul Artikel Tuberculosis #12],[Paragraf / Teks Berita Tuberculosis #12],[Nama Kota/Kab/Provinsi],IDN,0,0,TRUE,https://...
ART-0533,Tuberculosis,[Judul Artikel Tuberculosis #13],[Paragraf / Teks Berita Tuberculosis #13],[Nama Kota/Kab/Provinsi],IDN,0,0,TRUE,https://...
ART-0534,Tuberculosis,[Judul Artikel Tuberculosis #14],[Paragraf / Teks Berita Tuberculosis #14],[Nama Kota/Kab/Provinsi],IDN,0,0,TRUE,https://...
ART-0535,Tuberculosis,[Judul Artikel Tuberculosis #15],[Paragraf / Teks Berita Tuberculosis #15],[Nama Kota/Kab/Provinsi],IDN,0,0,TRUE,https://...
ART-0536,Tuberculosis,[Judul Artikel Tuberculosis #16],[Paragraf / Teks Berita Tuberculosis #16],[Nama Kota/Kab/Provinsi],IDN,0,0,TRUE,https://...
ART-0537,Tuberculosis,[Judul Artikel Tuberculosis #17],[Paragraf / Teks Berita Tuberculosis #17],[Nama Kota/Kab/Provinsi],IDN,0,0,TRUE,https://...
ART-0538,Tuberculosis,[Judul Artikel Tuberculosis #18],[Paragraf / Teks Berita Tuberculosis #18],[Nama Kota/Kab/Provinsi],IDN,0,0,TRUE,https://...
ART-0539,Tuberculosis,[Judul Artikel Tuberculosis #19],[Paragraf / Teks Berita Tuberculosis #19],[Nama Kota/Kab/Provinsi],IDN,0,0,TRUE,https://...
ART-0540,Tuberculosis,[Judul Artikel Tuberculosis #20],[Paragraf / Teks Berita Tuberculosis #20],[Nama Kota/Kab/Provinsi],IDN,0,0,TRUE,https://...
ART-0541,Typhoid,[Judul Artikel Typhoid #1],[Paragraf / Teks Berita Typhoid #1],[Nama Kota/Kab/Provinsi],IDN,0,0,TRUE,https://...
ART-0542,Typhoid,[Judul Artikel Typhoid #2],[Paragraf / Teks Berita Typhoid #2],[Nama Kota/Kab/Provinsi],IDN,0,0,TRUE,https://...
ART-0543,Typhoid,[Judul Artikel Typhoid #3],[Paragraf / Teks Berita Typhoid #3],[Nama Kota/Kab/Provinsi],IDN,0,0,TRUE,https://...
ART-0544,Typhoid,[Judul Artikel Typhoid #4],[Paragraf / Teks Berita Typhoid #4],[Nama Kota/Kab/Provinsi],IDN,0,0,TRUE,https://...
ART-0545,Typhoid,[Judul Artikel Typhoid #5],[Paragraf / Teks Berita Typhoid #5],[Nama Kota/Kab/Provinsi],IDN,0,0,TRUE,https://...
ART-0546,Typhoid,[Judul Artikel Typhoid #6],[Paragraf / Teks Berita Typhoid #6],[Nama Kota/Kab/Provinsi],IDN,0,0,TRUE,https://...
ART-0547,Typhoid,[Judul Artikel Typhoid #7],[Paragraf / Teks Berita Typhoid #7],[Nama Kota/Kab/Provinsi],IDN,0,0,TRUE,https://...
ART-0548,Typhoid,[Judul Artikel Typhoid #8],[Paragraf / Teks Berita Typhoid #8],[Nama Kota/Kab/Provinsi],IDN,0,0,TRUE,https://...
ART-0549,Typhoid,[Judul Artikel Typhoid #9],[Paragraf / Teks Berita Typhoid #9],[Nama Kota/Kab/Provinsi],IDN,0,0,TRUE,https://...
ART-0550,Typhoid,[Judul Artikel Typhoid #10],[Paragraf / Teks Berita Typhoid #10],[Nama Kota/Kab/Provinsi],IDN,0,0,TRUE,https://...
ART-0551,Typhoid,[Judul Artikel Typhoid #11],[Paragraf / Teks Berita Typhoid #11],[Nama Kota/Kab/Provinsi],IDN,0,0,TRUE,https://...
ART-0552,Typhoid,[Judul Artikel Typhoid #12],[Paragraf / Teks Berita Typhoid #12],[Nama Kota/Kab/Provinsi],IDN,0,0,TRUE,https://...
ART-0553,Typhoid,[Judul Artikel Typhoid #13],[Paragraf / Teks Berita Typhoid #13],[Nama Kota/Kab/Provinsi],IDN,0,0,TRUE,https://...
ART-0554,Typhoid,[Judul Artikel Typhoid #14],[Paragraf / Teks Berita Typhoid #14],[Nama Kota/Kab/Provinsi],IDN,0,0,TRUE,https://...
ART-0555,Typhoid,[Judul Artikel Typhoid #15],[Paragraf / Teks Berita Typhoid #15],[Nama Kota/Kab/Provinsi],IDN,0,0,TRUE,https://...
ART-0556,Typhoid,[Judul Artikel Typhoid #16],[Paragraf / Teks Berita Typhoid #16],[Nama Kota/Kab/Provinsi],IDN,0,0,TRUE,https://...
ART-0557,Typhoid,[Judul Artikel Typhoid #17],[Paragraf / Teks Berita Typhoid #17],[Nama Kota/Kab/Provinsi],IDN,0,0,TRUE,https://...
ART-0558,Typhoid,[Judul Artikel Typhoid #18],[Paragraf / Teks Berita Typhoid #18],[Nama Kota/Kab/Provinsi],IDN,0,0,TRUE,https://...
ART-0559,Typhoid,[Judul Artikel Typhoid #19],[Paragraf / Teks Berita Typhoid #19],[Nama Kota/Kab/Provinsi],IDN,0,0,TRUE,https://...
ART-0560,Typhoid,[Judul Artikel Typhoid #20],[Paragraf / Teks Berita Typhoid #20],[Nama Kota/Kab/Provinsi],IDN,0,0,TRUE,https://...
ART-0561,Unknown Disease,[Judul Artikel Unknown Disease #1],[Paragraf / Teks Berita Unknown Disease #1],[Nama Kota/Kab/Provinsi],IDN,0,0,TRUE,https://...
ART-0562,Unknown Disease,[Judul Artikel Unknown Disease #2],[Paragraf / Teks Berita Unknown Disease #2],[Nama Kota/Kab/Provinsi],IDN,0,0,TRUE,https://...
ART-0563,Unknown Disease,[Judul Artikel Unknown Disease #3],[Paragraf / Teks Berita Unknown Disease #3],[Nama Kota/Kab/Provinsi],IDN,0,0,TRUE,https://...
ART-0564,Unknown Disease,[Judul Artikel Unknown Disease #4],[Paragraf / Teks Berita Unknown Disease #4],[Nama Kota/Kab/Provinsi],IDN,0,0,TRUE,https://...
ART-0565,Unknown Disease,[Judul Artikel Unknown Disease #5],[Paragraf / Teks Berita Unknown Disease #5],[Nama Kota/Kab/Provinsi],IDN,0,0,TRUE,https://...
ART-0566,Unknown Disease,[Judul Artikel Unknown Disease #6],[Paragraf / Teks Berita Unknown Disease #6],[Nama Kota/Kab/Provinsi],IDN,0,0,TRUE,https://...
ART-0567,Unknown Disease,[Judul Artikel Unknown Disease #7],[Paragraf / Teks Berita Unknown Disease #7],[Nama Kota/Kab/Provinsi],IDN,0,0,TRUE,https://...
ART-0568,Unknown Disease,[Judul Artikel Unknown Disease #8],[Paragraf / Teks Berita Unknown Disease #8],[Nama Kota/Kab/Provinsi],IDN,0,0,TRUE,https://...
ART-0569,Unknown Disease,[Judul Artikel Unknown Disease #9],[Paragraf / Teks Berita Unknown Disease #9],[Nama Kota/Kab/Provinsi],IDN,0,0,TRUE,https://...
ART-0570,Unknown Disease,[Judul Artikel Unknown Disease #10],[Paragraf / Teks Berita Unknown Disease #10],[Nama Kota/Kab/Provinsi],IDN,0,0,TRUE,https://...
ART-0571,Unknown Disease,[Judul Artikel Unknown Disease #11],[Paragraf / Teks Berita Unknown Disease #11],[Nama Kota/Kab/Provinsi],IDN,0,0,TRUE,https://...
ART-0572,Unknown Disease,[Judul Artikel Unknown Disease #12],[Paragraf / Teks Berita Unknown Disease #12],[Nama Kota/Kab/Provinsi],IDN,0,0,TRUE,https://...
ART-0573,Unknown Disease,[Judul Artikel Unknown Disease #13],[Paragraf / Teks Berita Unknown Disease #13],[Nama Kota/Kab/Provinsi],IDN,0,0,TRUE,https://...
ART-0574,Unknown Disease,[Judul Artikel Unknown Disease #14],[Paragraf / Teks Berita Unknown Disease #14],[Nama Kota/Kab/Provinsi],IDN,0,0,TRUE,https://...
ART-0575,Unknown Disease,[Judul Artikel Unknown Disease #15],[Paragraf / Teks Berita Unknown Disease #15],[Nama Kota/Kab/Provinsi],IDN,0,0,TRUE,https://...
ART-0576,Unknown Disease,[Judul Artikel Unknown Disease #16],[Paragraf / Teks Berita Unknown Disease #16],[Nama Kota/Kab/Provinsi],IDN,0,0,TRUE,https://...
ART-0577,Unknown Disease,[Judul Artikel Unknown Disease #17],[Paragraf / Teks Berita Unknown Disease #17],[Nama Kota/Kab/Provinsi],IDN,0,0,TRUE,https://...
ART-0578,Unknown Disease,[Judul Artikel Unknown Disease #18],[Paragraf / Teks Berita Unknown Disease #18],[Nama Kota/Kab/Provinsi],IDN,0,0,TRUE,https://...
ART-0579,Unknown Disease,[Judul Artikel Unknown Disease #19],[Paragraf / Teks Berita Unknown Disease #19],[Nama Kota/Kab/Provinsi],IDN,0,0,TRUE,https://...
ART-0580,Unknown Disease,[Judul Artikel Unknown Disease #20],[Paragraf / Teks Berita Unknown Disease #20],[Nama Kota/Kab/Provinsi],IDN,0,0,TRUE,https://...
ART-0581,West Nile,[Judul Artikel West Nile #1],[Paragraf / Teks Berita West Nile #1],[Nama Kota/Kab/Provinsi],IDN,0,0,TRUE,https://...
ART-0582,West Nile,[Judul Artikel West Nile #2],[Paragraf / Teks Berita West Nile #2],[Nama Kota/Kab/Provinsi],IDN,0,0,TRUE,https://...
ART-0583,West Nile,[Judul Artikel West Nile #3],[Paragraf / Teks Berita West Nile #3],[Nama Kota/Kab/Provinsi],IDN,0,0,TRUE,https://...
ART-0584,West Nile,[Judul Artikel West Nile #4],[Paragraf / Teks Berita West Nile #4],[Nama Kota/Kab/Provinsi],IDN,0,0,TRUE,https://...
ART-0585,West Nile,[Judul Artikel West Nile #5],[Paragraf / Teks Berita West Nile #5],[Nama Kota/Kab/Provinsi],IDN,0,0,TRUE,https://...
ART-0586,West Nile,[Judul Artikel West Nile #6],[Paragraf / Teks Berita West Nile #6],[Nama Kota/Kab/Provinsi],IDN,0,0,TRUE,https://...
ART-0587,West Nile,[Judul Artikel West Nile #7],[Paragraf / Teks Berita West Nile #7],[Nama Kota/Kab/Provinsi],IDN,0,0,TRUE,https://...
ART-0588,West Nile,[Judul Artikel West Nile #8],[Paragraf / Teks Berita West Nile #8],[Nama Kota/Kab/Provinsi],IDN,0,0,TRUE,https://...
ART-0589,West Nile,[Judul Artikel West Nile #9],[Paragraf / Teks Berita West Nile #9],[Nama Kota/Kab/Provinsi],IDN,0,0,TRUE,https://...
ART-0590,West Nile,[Judul Artikel West Nile #10],[Paragraf / Teks Berita West Nile #10],[Nama Kota/Kab/Provinsi],IDN,0,0,TRUE,https://...
ART-0591,West Nile,[Judul Artikel West Nile #11],[Paragraf / Teks Berita West Nile #11],[Nama Kota/Kab/Provinsi],IDN,0,0,TRUE,https://...
ART-0592,West Nile,[Judul Artikel West Nile #12],[Paragraf / Teks Berita West Nile #12],[Nama Kota/Kab/Provinsi],IDN,0,0,TRUE,https://...
ART-0593,West Nile,[Judul Artikel West Nile #13],[Paragraf / Teks Berita West Nile #13],[Nama Kota/Kab/Provinsi],IDN,0,0,TRUE,https://...
ART-0594,West Nile,[Judul Artikel West Nile #14],[Paragraf / Teks Berita West Nile #14],[Nama Kota/Kab/Provinsi],IDN,0,0,TRUE,https://...
ART-0595,West Nile,[Judul Artikel West Nile #15],[Paragraf / Teks Berita West Nile #15],[Nama Kota/Kab/Provinsi],IDN,0,0,TRUE,https://...
ART-0596,West Nile,[Judul Artikel West Nile #16],[Paragraf / Teks Berita West Nile #16],[Nama Kota/Kab/Provinsi],IDN,0,0,TRUE,https://...
ART-0597,West Nile,[Judul Artikel West Nile #17],[Paragraf / Teks Berita West Nile #17],[Nama Kota/Kab/Provinsi],IDN,0,0,TRUE,https://...
ART-0598,West Nile,[Judul Artikel West Nile #18],[Paragraf / Teks Berita West Nile #18],[Nama Kota/Kab/Provinsi],IDN,0,0,TRUE,https://...
ART-0599,West Nile,[Judul Artikel West Nile #19],[Paragraf / Teks Berita West Nile #19],[Nama Kota/Kab/Provinsi],IDN,0,0,TRUE,https://...
ART-0600,West Nile,[Judul Artikel West Nile #20],[Paragraf / Teks Berita West Nile #20],[Nama Kota/Kab/Provinsi],IDN,0,0,TRUE,https://...
ART-0601,Zika,[Judul Artikel Zika #1],[Paragraf / Teks Berita Zika #1],[Nama Kota/Kab/Provinsi],IDN,0,0,TRUE,https://...
ART-0602,Zika,[Judul Artikel Zika #2],[Paragraf / Teks Berita Zika #2],[Nama Kota/Kab/Provinsi],IDN,0,0,TRUE,https://...
ART-0603,Zika,[Judul Artikel Zika #3],[Paragraf / Teks Berita Zika #3],[Nama Kota/Kab/Provinsi],IDN,0,0,TRUE,https://...
ART-0604,Zika,[Judul Artikel Zika #4],[Paragraf / Teks Berita Zika #4],[Nama Kota/Kab/Provinsi],IDN,0,0,TRUE,https://...
ART-0605,Zika,[Judul Artikel Zika #5],[Paragraf / Teks Berita Zika #5],[Nama Kota/Kab/Provinsi],IDN,0,0,TRUE,https://...
ART-0606,Zika,[Judul Artikel Zika #6],[Paragraf / Teks Berita Zika #6],[Nama Kota/Kab/Provinsi],IDN,0,0,TRUE,https://...
ART-0607,Zika,[Judul Artikel Zika #7],[Paragraf / Teks Berita Zika #7],[Nama Kota/Kab/Provinsi],IDN,0,0,TRUE,https://...
ART-0608,Zika,[Judul Artikel Zika #8],[Paragraf / Teks Berita Zika #8],[Nama Kota/Kab/Provinsi],IDN,0,0,TRUE,https://...
ART-0609,Zika,[Judul Artikel Zika #9],[Paragraf / Teks Berita Zika #9],[Nama Kota/Kab/Provinsi],IDN,0,0,TRUE,https://...
ART-0610,Zika,[Judul Artikel Zika #10],[Paragraf / Teks Berita Zika #10],[Nama Kota/Kab/Provinsi],IDN,0,0,TRUE,https://...
ART-0611,Zika,[Judul Artikel Zika #11],[Paragraf / Teks Berita Zika #11],[Nama Kota/Kab/Provinsi],IDN,0,0,TRUE,https://...
ART-0612,Zika,[Judul Artikel Zika #12],[Paragraf / Teks Berita Zika #12],[Nama Kota/Kab/Provinsi],IDN,0,0,TRUE,https://...
ART-0613,Zika,[Judul Artikel Zika #13],[Paragraf / Teks Berita Zika #13],[Nama Kota/Kab/Provinsi],IDN,0,0,TRUE,https://...
ART-0614,Zika,[Judul Artikel Zika #14],[Paragraf / Teks Berita Zika #14],[Nama Kota/Kab/Provinsi],IDN,0,0,TRUE,https://...
ART-0615,Zika,[Judul Artikel Zika #15],[Paragraf / Teks Berita Zika #15],[Nama Kota/Kab/Provinsi],IDN,0,0,TRUE,https://...
ART-0616,Zika,[Judul Artikel Zika #16],[Paragraf / Teks Berita Zika #16],[Nama Kota/Kab/Provinsi],IDN,0,0,TRUE,https://...
ART-0617,Zika,[Judul Artikel Zika #17],[Paragraf / Teks Berita Zika #17],[Nama Kota/Kab/Provinsi],IDN,0,0,TRUE,https://...
ART-0618,Zika,[Judul Artikel Zika #18],[Paragraf / Teks Berita Zika #18],[Nama Kota/Kab/Provinsi],IDN,0,0,TRUE,https://...
ART-0619,Zika,[Judul Artikel Zika #19],[Paragraf / Teks Berita Zika #19],[Nama Kota/Kab/Provinsi],IDN,0,0,TRUE,https://...
ART-0620,Zika,[Judul Artikel Zika #20],[Paragraf / Teks Berita Zika #20],[Nama Kota/Kab/Provinsi],IDN,0,0,TRUE,https://...
ART-0621,UNKNOWN,[Non-Health] Pengaruh edukasi kesehatan terhadap pengetahuan mahasiswa tentang DBD #1,[Teks artikel kategori Skripsi / Penelitian Akademis],[Nama Lokasi / Unassigned],IDN,0,0,FALSE,https://...
ART-0622,UNKNOWN,[Non-Health] Hama wereng dan penyakit kerdil rumput serang 50 hektar tanaman padi #2,[Teks artikel kategori Penyakit Tanaman / Pertanian],[Nama Lokasi / Unassigned],IDN,0,0,FALSE,https://...
ART-0623,UNKNOWN,[Non-Health] Wabah judi online dan pinjaman online meresahkan warga desa #3,[Teks artikel kategori Istilah Metafora Sosial],[Nama Lokasi / Unassigned],IDN,0,0,FALSE,https://...
ART-0624,UNKNOWN,[Non-Health] Latihan gabungan militer dan pengamanan pemilu di wilayah perbatasan #4,[Teks artikel kategori Berita Militer / Politik],[Nama Lokasi / Unassigned],IDN,0,0,FALSE,https://...
ART-0625,UNKNOWN,[Non-Health] Pengaruh edukasi kesehatan terhadap pengetahuan mahasiswa tentang DBD #5,[Teks artikel kategori Skripsi / Penelitian Akademis],[Nama Lokasi / Unassigned],IDN,0,0,FALSE,https://...
ART-0626,UNKNOWN,[Non-Health] Hama wereng dan penyakit kerdil rumput serang 50 hektar tanaman padi #6,[Teks artikel kategori Penyakit Tanaman / Pertanian],[Nama Lokasi / Unassigned],IDN,0,0,FALSE,https://...
ART-0627,UNKNOWN,[Non-Health] Wabah judi online dan pinjaman online meresahkan warga desa #7,[Teks artikel kategori Istilah Metafora Sosial],[Nama Lokasi / Unassigned],IDN,0,0,FALSE,https://...
ART-0628,UNKNOWN,[Non-Health] Latihan gabungan militer dan pengamanan pemilu di wilayah perbatasan #8,[Teks artikel kategori Berita Militer / Politik],[Nama Lokasi / Unassigned],IDN,0,0,FALSE,https://...
ART-0629,UNKNOWN,[Non-Health] Pengaruh edukasi kesehatan terhadap pengetahuan mahasiswa tentang DBD #9,[Teks artikel kategori Skripsi / Penelitian Akademis],[Nama Lokasi / Unassigned],IDN,0,0,FALSE,https://...
ART-0630,UNKNOWN,[Non-Health] Hama wereng dan penyakit kerdil rumput serang 50 hektar tanaman padi #10,[Teks artikel kategori Penyakit Tanaman / Pertanian],[Nama Lokasi / Unassigned],IDN,0,0,FALSE,https://...
ART-0631,UNKNOWN,[Non-Health] Wabah judi online dan pinjaman online meresahkan warga desa #11,[Teks artikel kategori Istilah Metafora Sosial],[Nama Lokasi / Unassigned],IDN,0,0,FALSE,https://...
ART-0632,UNKNOWN,[Non-Health] Latihan gabungan militer dan pengamanan pemilu di wilayah perbatasan #12,[Teks artikel kategori Berita Militer / Politik],[Nama Lokasi / Unassigned],IDN,0,0,FALSE,https://...
ART-0633,UNKNOWN,[Non-Health] Pengaruh edukasi kesehatan terhadap pengetahuan mahasiswa tentang DBD #13,[Teks artikel kategori Skripsi / Penelitian Akademis],[Nama Lokasi / Unassigned],IDN,0,0,FALSE,https://...
ART-0634,UNKNOWN,[Non-Health] Hama wereng dan penyakit kerdil rumput serang 50 hektar tanaman padi #14,[Teks artikel kategori Penyakit Tanaman / Pertanian],[Nama Lokasi / Unassigned],IDN,0,0,FALSE,https://...
ART-0635,UNKNOWN,[Non-Health] Wabah judi online dan pinjaman online meresahkan warga desa #15,[Teks artikel kategori Istilah Metafora Sosial],[Nama Lokasi / Unassigned],IDN,0,0,FALSE,https://...
ART-0636,UNKNOWN,[Non-Health] Latihan gabungan militer dan pengamanan pemilu di wilayah perbatasan #16,[Teks artikel kategori Berita Militer / Politik],[Nama Lokasi / Unassigned],IDN,0,0,FALSE,https://...
ART-0637,UNKNOWN,[Non-Health] Pengaruh edukasi kesehatan terhadap pengetahuan mahasiswa tentang DBD #17,[Teks artikel kategori Skripsi / Penelitian Akademis],[Nama Lokasi / Unassigned],IDN,0,0,FALSE,https://...
ART-0638,UNKNOWN,[Non-Health] Hama wereng dan penyakit kerdil rumput serang 50 hektar tanaman padi #18,[Teks artikel kategori Penyakit Tanaman / Pertanian],[Nama Lokasi / Unassigned],IDN,0,0,FALSE,https://...
ART-0639,UNKNOWN,[Non-Health] Wabah judi online dan pinjaman online meresahkan warga desa #19,[Teks artikel kategori Istilah Metafora Sosial],[Nama Lokasi / Unassigned],IDN,0,0,FALSE,https://...
ART-0640,UNKNOWN,[Non-Health] Latihan gabungan militer dan pengamanan pemilu di wilayah perbatasan #20,[Teks artikel kategori Berita Militer / Politik],[Nama Lokasi / Unassigned],IDN,0,0,FALSE,https://...
ART-0641,UNKNOWN,[Non-Health] Pengaruh edukasi kesehatan terhadap pengetahuan mahasiswa tentang DBD #21,[Teks artikel kategori Skripsi / Penelitian Akademis],[Nama Lokasi / Unassigned],IDN,0,0,FALSE,https://...
ART-0642,UNKNOWN,[Non-Health] Hama wereng dan penyakit kerdil rumput serang 50 hektar tanaman padi #22,[Teks artikel kategori Penyakit Tanaman / Pertanian],[Nama Lokasi / Unassigned],IDN,0,0,FALSE,https://...
ART-0643,UNKNOWN,[Non-Health] Wabah judi online dan pinjaman online meresahkan warga desa #23,[Teks artikel kategori Istilah Metafora Sosial],[Nama Lokasi / Unassigned],IDN,0,0,FALSE,https://...
ART-0644,UNKNOWN,[Non-Health] Latihan gabungan militer dan pengamanan pemilu di wilayah perbatasan #24,[Teks artikel kategori Berita Militer / Politik],[Nama Lokasi / Unassigned],IDN,0,0,FALSE,https://...
ART-0645,UNKNOWN,[Non-Health] Pengaruh edukasi kesehatan terhadap pengetahuan mahasiswa tentang DBD #25,[Teks artikel kategori Skripsi / Penelitian Akademis],[Nama Lokasi / Unassigned],IDN,0,0,FALSE,https://...
ART-0646,UNKNOWN,[Non-Health] Hama wereng dan penyakit kerdil rumput serang 50 hektar tanaman padi #26,[Teks artikel kategori Penyakit Tanaman / Pertanian],[Nama Lokasi / Unassigned],IDN,0,0,FALSE,https://...
ART-0647,UNKNOWN,[Non-Health] Wabah judi online dan pinjaman online meresahkan warga desa #27,[Teks artikel kategori Istilah Metafora Sosial],[Nama Lokasi / Unassigned],IDN,0,0,FALSE,https://...
ART-0648,UNKNOWN,[Non-Health] Latihan gabungan militer dan pengamanan pemilu di wilayah perbatasan #28,[Teks artikel kategori Berita Militer / Politik],[Nama Lokasi / Unassigned],IDN,0,0,FALSE,https://...
ART-0649,UNKNOWN,[Non-Health] Pengaruh edukasi kesehatan terhadap pengetahuan mahasiswa tentang DBD #29,[Teks artikel kategori Skripsi / Penelitian Akademis],[Nama Lokasi / Unassigned],IDN,0,0,FALSE,https://...
ART-0650,UNKNOWN,[Non-Health] Hama wereng dan penyakit kerdil rumput serang 50 hektar tanaman padi #30,[Teks artikel kategori Penyakit Tanaman / Pertanian],[Nama Lokasi / Unassigned],IDN,0,0,FALSE,https://...
ART-0651,UNKNOWN,[Non-Health] Wabah judi online dan pinjaman online meresahkan warga desa #31,[Teks artikel kategori Istilah Metafora Sosial],[Nama Lokasi / Unassigned],IDN,0,0,FALSE,https://...
ART-0652,UNKNOWN,[Non-Health] Latihan gabungan militer dan pengamanan pemilu di wilayah perbatasan #32,[Teks artikel kategori Berita Militer / Politik],[Nama Lokasi / Unassigned],IDN,0,0,FALSE,https://...
ART-0653,UNKNOWN,[Non-Health] Pengaruh edukasi kesehatan terhadap pengetahuan mahasiswa tentang DBD #33,[Teks artikel kategori Skripsi / Penelitian Akademis],[Nama Lokasi / Unassigned],IDN,0,0,FALSE,https://...
ART-0654,UNKNOWN,[Non-Health] Hama wereng dan penyakit kerdil rumput serang 50 hektar tanaman padi #34,[Teks artikel kategori Penyakit Tanaman / Pertanian],[Nama Lokasi / Unassigned],IDN,0,0,FALSE,https://...
ART-0655,UNKNOWN,[Non-Health] Wabah judi online dan pinjaman online meresahkan warga desa #35,[Teks artikel kategori Istilah Metafora Sosial],[Nama Lokasi / Unassigned],IDN,0,0,FALSE,https://...
ART-0656,UNKNOWN,[Non-Health] Latihan gabungan militer dan pengamanan pemilu di wilayah perbatasan #36,[Teks artikel kategori Berita Militer / Politik],[Nama Lokasi / Unassigned],IDN,0,0,FALSE,https://...
ART-0657,UNKNOWN,[Non-Health] Pengaruh edukasi kesehatan terhadap pengetahuan mahasiswa tentang DBD #37,[Teks artikel kategori Skripsi / Penelitian Akademis],[Nama Lokasi / Unassigned],IDN,0,0,FALSE,https://...
ART-0658,UNKNOWN,[Non-Health] Hama wereng dan penyakit kerdil rumput serang 50 hektar tanaman padi #38,[Teks artikel kategori Penyakit Tanaman / Pertanian],[Nama Lokasi / Unassigned],IDN,0,0,FALSE,https://...
ART-0659,UNKNOWN,[Non-Health] Wabah judi online dan pinjaman online meresahkan warga desa #39,[Teks artikel kategori Istilah Metafora Sosial],[Nama Lokasi / Unassigned],IDN,0,0,FALSE,https://...
ART-0660,UNKNOWN,[Non-Health] Latihan gabungan militer dan pengamanan pemilu di wilayah perbatasan #40,[Teks artikel kategori Berita Militer / Politik],[Nama Lokasi / Unassigned],IDN,0,0,FALSE,https://...
ART-0661,UNKNOWN,[Non-Health] Pengaruh edukasi kesehatan terhadap pengetahuan mahasiswa tentang DBD #41,[Teks artikel kategori Skripsi / Penelitian Akademis],[Nama Lokasi / Unassigned],IDN,0,0,FALSE,https://...
ART-0662,UNKNOWN,[Non-Health] Hama wereng dan penyakit kerdil rumput serang 50 hektar tanaman padi #42,[Teks artikel kategori Penyakit Tanaman / Pertanian],[Nama Lokasi / Unassigned],IDN,0,0,FALSE,https://...
ART-0663,UNKNOWN,[Non-Health] Wabah judi online dan pinjaman online meresahkan warga desa #43,[Teks artikel kategori Istilah Metafora Sosial],[Nama Lokasi / Unassigned],IDN,0,0,FALSE,https://...
ART-0664,UNKNOWN,[Non-Health] Latihan gabungan militer dan pengamanan pemilu di wilayah perbatasan #44,[Teks artikel kategori Berita Militer / Politik],[Nama Lokasi / Unassigned],IDN,0,0,FALSE,https://...
ART-0665,UNKNOWN,[Non-Health] Pengaruh edukasi kesehatan terhadap pengetahuan mahasiswa tentang DBD #45,[Teks artikel kategori Skripsi / Penelitian Akademis],[Nama Lokasi / Unassigned],IDN,0,0,FALSE,https://...
ART-0666,UNKNOWN,[Non-Health] Hama wereng dan penyakit kerdil rumput serang 50 hektar tanaman padi #46,[Teks artikel kategori Penyakit Tanaman / Pertanian],[Nama Lokasi / Unassigned],IDN,0,0,FALSE,https://...
ART-0667,UNKNOWN,[Non-Health] Wabah judi online dan pinjaman online meresahkan warga desa #47,[Teks artikel kategori Istilah Metafora Sosial],[Nama Lokasi / Unassigned],IDN,0,0,FALSE,https://...
ART-0668,UNKNOWN,[Non-Health] Latihan gabungan militer dan pengamanan pemilu di wilayah perbatasan #48,[Teks artikel kategori Berita Militer / Politik],[Nama Lokasi / Unassigned],IDN,0,0,FALSE,https://...
ART-0669,UNKNOWN,[Non-Health] Pengaruh edukasi kesehatan terhadap pengetahuan mahasiswa tentang DBD #49,[Teks artikel kategori Skripsi / Penelitian Akademis],[Nama Lokasi / Unassigned],IDN,0,0,FALSE,https://...
ART-0670,UNKNOWN,[Non-Health] Hama wereng dan penyakit kerdil rumput serang 50 hektar tanaman padi #50,[Teks artikel kategori Penyakit Tanaman / Pertanian],[Nama Lokasi / Unassigned],IDN,0,0,FALSE,https://...
