post_id,video_link,account_name,comment_date,comment,commenter_username,first_seen,source
2385184255346116,https://www.facebook.com/photo?fbid=2385184042012804&set=pcb.2385184255346116,,2026-08-18,getwellsoon baby pogi praying for you di jd lalim,ニコール かなりの悪魔,2026-09-01,keyword:dengue
2385184255346116,https://www.facebook.com/photo?fbid=2385184042012804&set=pcb.2385184255346116,,2026-08-18,Be strong Mommy Yenn!!,Joy Sugh,2026-09-01,keyword:dengue
2385184255346116,https://www.facebook.com/photo?fbid=2385184042012804&set=pcb.2385184255346116,,2026-08-18,"Get well soon, Abunjing. Praying for your fast recovery and complete healing. I've been there too when i was 5 years old, dili jud lalim ma dengue. Fight fight, jaze.",Kate Dela Cuesta,2026-09-01,keyword:dengue
2385184255346116,https://www.facebook.com/photo?fbid=2385184042012804&set=pcb.2385184255346116,,2026-08-18,Get well soon baby praying fast healing,Gie Severo,2026-09-01,keyword:dengue
2385184255346116,https://www.facebook.com/photo?fbid=2385184042012804&set=pcb.2385184255346116,,2026-08-18,Halaaa get well soon langga! Praying for Fast Recovery and complete healing.,Menrose Añasco-Dunay,2026-09-01,keyword:dengue
2385184255346116,https://www.facebook.com/photo?fbid=2385184042012804&set=pcb.2385184255346116,,2026-08-18,Get well soon jazey boy!,Jra Diaz,2026-09-01,keyword:dengue
2385184255346116,https://www.facebook.com/photo?fbid=2385184042012804&set=pcb.2385184255346116,,2026-08-18,Get well soon baby,Lucia Alviola,2026-09-01,keyword:dengue
2385184255346116,https://www.facebook.com/photo?fbid=2385184042012804&set=pcb.2385184255346116,,2026-08-18,Get well soon bb pogi!,Maria Ignacio,2026-09-01,keyword:dengue
2385184255346116,https://www.facebook.com/photo?fbid=2385184042012804&set=pcb.2385184255346116,,2026-08-18,Krizhia Gayle,Kaii Karedad,2026-09-01,keyword:dengue
1063931243061003,https://www.facebook.com/photo?fbid=1063931243061003&set=a.129464503174353,,2026-08-30,,Kathryn Sienna,2026-09-01,keyword:dengue
1063931243061003,https://www.facebook.com/photo?fbid=1063931243061003&set=a.129464503174353,,2026-08-28,My husband is a type 0+ maam . Consistent blood donor and he is working in mandaue chonghua pud . I will relay this to him .,Ruth Jean Diaz-Delima,2026-09-01,keyword:dengue
1063931243061003,https://www.facebook.com/photo?fbid=1063931243061003&set=a.129464503174353,,2026-08-28,Ruth Jean Diaz-Delima pls mam tnx,Kathryn Sienna,2026-09-01,keyword:dengue
1063931243061003,https://www.facebook.com/photo?fbid=1063931243061003&set=a.129464503174353,,2026-08-28,Hi nana! Try igco milk nasa mercury drug lang. 1 sachet= 1/4 cup of mineral water no need na for hot water. You can ask the pharmcist if ika pila siya imnon kay I forgot na.,Kristelle Aranzado Rosario,2026-09-01,keyword:dengue
1063931243061003,https://www.facebook.com/photo?fbid=1063931243061003&set=a.129464503174353,,2026-08-28,Kristelle Aranzado Rosario itu benar-benar susu untuk dengue,Ysha Luise,2026-09-01,keyword:dengue
1063931243061003,https://www.facebook.com/photo?fbid=1063931243061003&set=a.129464503174353,,2026-08-28,"Kristelle Aranzado Rosario same sa ako anak, igco ako ginapatake twice na dengue",Eilzel Yoj Dagani,2026-09-01,keyword:dengue
1063931243061003,https://www.facebook.com/photo?fbid=1063931243061003&set=a.129464503174353,,2026-08-28,Kathryn Sienna,Kristelle Aranzado Rosario,2026-09-01,keyword:dengue
1063931243061003,https://www.facebook.com/photo?fbid=1063931243061003&set=a.129464503174353,,2026-08-28,Kristelle Aranzado Rosario very effective po ito. IGCO Milk ang naka help sa akin since platelet din ang need ma transfuse sa akin and ang bilis tumaas ng platelet ko after consuming the IGCO Milk po.,Maria Palma Gil,2026-09-01,keyword:dengue
1063931243061003,https://www.facebook.com/photo?fbid=1063931243061003&set=a.129464503174353,,2026-08-28,Kathryn Sienna,Ediza Ermac,2026-09-01,keyword:dengue
1063931243061003,https://www.facebook.com/photo?fbid=1063931243061003&set=a.129464503174353,,2026-08-28,"Kristelle Aranzado Rosario proven and tested po totoo po Yan
...Get well soon to your husband",Vang Dals,2026-09-01,keyword:dengue
1063931243061003,https://www.facebook.com/photo?fbid=1063931243061003&set=a.129464503174353,,2026-08-28,"Kathryn Sienna kani din po naka help saako tung naa koy dengue and naa nalang sa 25 akong platelet, tung nag start ko inom nag anam anam na ug saka akong platelet. Other things I tried is Tawa tawa, gatorade and durian pero no changes until I tried this.",Ayumi Yap Laurie,2026-09-01,keyword:dengue
1063931243061003,https://www.facebook.com/photo?fbid=1063931243061003&set=a.129464503174353,,2026-08-28,"Kristelle Aranzado Rosario is this the colostrum milk? if Yes, I VOUCH FOR IT!!!! Its real +100",Rinoa Niña Asis - Ramirez,2026-09-01,keyword:dengue
1063931243061003,https://www.facebook.com/photo?fbid=1063931243061003&set=a.129464503174353,,2026-08-28,Up,Agnes Atillo Pamat - Baugbog,2026-09-01,keyword:dengue
1063931243061003,https://www.facebook.com/photo?fbid=1063931243061003&set=a.129464503174353,,2026-08-28,Kristelle Aranzado Rosario yes! Agree,Shame Hicban,2026-09-01,keyword:dengue
1063931243061003,https://www.facebook.com/photo?fbid=1063931243061003&set=a.129464503174353,,2026-08-28,Nana painom sya ng glucan..Malaki tulong eto maka pataas agad ng platelet,Mansanas Mansanas,2026-09-01,keyword:dengue
1063931243061003,https://www.facebook.com/photo?fbid=1063931243061003&set=a.129464503174353,,2026-08-28,Kathryn Sienna,Cheryl Heruela,2026-09-01,keyword:dengue
1063931243061003,https://www.facebook.com/photo?fbid=1063931243061003&set=a.129464503174353,,2026-08-28,"Mansanas Mansanas YES, PASPAS KAAU MO SAKA ANG PLATELET ANI",Ayesha Pinol,2026-09-01,keyword:dengue
1063931243061003,https://www.facebook.com/photo?fbid=1063931243061003&set=a.129464503174353,,2026-08-28,Mansanas naa ni mercury maam?,Jovelyn Alterado,2026-09-01,keyword:dengue
1063931243061003,https://www.facebook.com/photo?fbid=1063931243061003&set=a.129464503174353,,2026-08-28,Na dengue anak ko Yan painom ko 14 platelet nya.. pero kailangan pa din mag kain ka ng mag kain nalabanan mo. Tapos madami tubig.. Wala Kasi gamot sa dengue talaga.. immune system mo dapat malakas..dagdag tulong lang din glucan.,Mansanas Mansanas,2026-09-01,keyword:dengue
1063931243061003,https://www.facebook.com/photo?fbid=1063931243061003&set=a.129464503174353,,2026-08-28,"Mansanas Mansanas this Proven me for my two years old with ASD LEVEL 3 CONFINE WITH DENGUE last 2023 .. ISA rajud ka Bglugan naulian rajud dayun buyag 
 from Bukidnon Mindanao",Rom Ozirb Ortsac,2026-09-01,keyword:dengue
1063931243061003,https://www.facebook.com/photo?fbid=1063931243061003&set=a.129464503174353,,2026-08-28,"Mansanas Mansanas legit kaayo ni!!!! Mao ning giinom sakong hubby last 2022 nagka dengue pod sya 8 nalang iyang platelet ato ayyy traumatic kaayo 
 Get well soon saimu Hubby, Maam Kathryn Sienna praying din po sa fast recovery",Ronalyn C. Juyo,2026-09-01,keyword:dengue
1063931243061003,https://www.facebook.com/photo?fbid=1063931243061003&set=a.129464503174353,,2026-08-28,Mansanas Mansanas proven and tested na effective.,Flordeliz Dueñas,2026-09-01,keyword:dengue
1063931243061003,https://www.facebook.com/photo?fbid=1063931243061003&set=a.129464503174353,,2026-08-28,"Mansanas Mansanas nakatabang jud ni sa akong anak nga na dengue last year august sad to, sig3 nako gipa inom ani.",Jenny Bantan Concepcion,2026-09-01,keyword:dengue
1063931243061003,https://www.facebook.com/photo?fbid=1063931243061003&set=a.129464503174353,,2026-08-28,Mansanas Mansanas kani proven and tested since 2002,Anne Bulawan Torralba,2026-09-01,keyword:dengue
1063931243061003,https://www.facebook.com/photo?fbid=1063931243061003&set=a.129464503174353,,2026-08-28,"Mansanas Mansanas ya, anak saya sekarang hanya 55 plaket, inilah yang membantunya Kathryn Sienna",River Tagz,2026-09-01,keyword:dengue
1063931243061003,https://www.facebook.com/photo?fbid=1063931243061003&set=a.129464503174353,,2026-08-28,Sabi Ng doctor samin Wala naman daw talagang cure sa dengue kailangan pag daanan Ng katawan lahat Ng phase/symptoms Ng dengue. Ang kailangan talaga Ng patient is well hydrated sya.,Gladys Gangay,2026-09-01,keyword:dengue
1063931243061003,https://www.facebook.com/photo?fbid=1063931243061003&set=a.129464503174353,,2026-08-28,Sana makatulong po eto sa inyo. Kadisdischarge lang po ng anak ko sa hospital dahil sa dengue. Hindi tlaga ako naniniwala sa herbal pero sinuggest eto ng kapatid dahil ginamit din ng pamangkin ko noon. Noong naconfine ang anako ayaw nya kumain at uminom dahil sobrang bitter ng panlasa nya. 1st 3 days ng fever sobrang hina nya at dehydrated pero noong pinainom ko ng vitaplus 3x a day gumana cya sa pagkain. Hindi ko alam bigla nlang cyang lumakas. Biglang taas platelet nya 4th day onwards. Usually may trend sana na pababa. Lahat ng blood test nya normal. Pinacheck pa ng Dr yung APTT kung gaano katagal lumapot ang dugo. I hope you try it para gumaling na ang mister nyo.,Emeline Emeline,2026-09-01,keyword:dengue
1063931243061003,https://www.facebook.com/photo?fbid=1063931243061003&set=a.129464503174353,,2026-08-30,Emeline Emeline yes tested and proven po sa min ito,Jack Ash Aar,2026-09-01,keyword:dengue
1063931243061003,https://www.facebook.com/photo?fbid=1063931243061003&set=a.129464503174353,,2026-08-28,Try nilagang dahon sa kamote. Effective pud sya tried this for my son (50/50 dengue),Dessa Daodaoen Paz,2026-09-01,keyword:dengue
1063931243061003,https://www.facebook.com/photo?fbid=1063931243061003&set=a.129464503174353,,2026-08-28,"Dessa Daodaoen Paz ya, warna ungu",Jemmie Ruth,2026-09-01,keyword:dengue
1718689950260636,https://www.facebook.com/photo?fbid=1718689950260636&set=a.741768154619492,,2026-08-29,"Extract rajud sa dahon papaya tambal ania, kaduha nako nadengue, naayo rako dayun. Dapat aware ania tanan.",Dasser Rohann Salinas Sanchez,2026-09-01,keyword:dengue
1718689950260636,https://www.facebook.com/photo?fbid=1718689950260636&set=a.741768154619492,,2026-08-29,Dasser Rohann Salinas Sanchez tinood jd ni,Maricar Parilla Gonzales,2026-09-01,keyword:dengue
1718689950260636,https://www.facebook.com/photo?fbid=1718689950260636&set=a.741768154619492,,2026-08-29,Dasser Rohann Salinas Sanchez unsaon man mam,Margz Varquez,2026-09-01,keyword:dengue
1718689950260636,https://www.facebook.com/photo?fbid=1718689950260636&set=a.741768154619492,,,"Margz Varquez dukdukon or any ways nga preferred para ma kuha ang extract sa papaya leaves. Ug ang pure nga extract imnun ditso, mga 1/4 cup pwede na. Pait na sya kaayo.",,2026-09-01,keyword:dengue
1718689950260636,https://www.facebook.com/photo?fbid=1718689950260636&set=a.741768154619492,,2026-08-29,Uyy nganong dengue outbreak mn nga perting inita mn sa Bohol ?,Cels La Vie,2026-09-01,keyword:dengue
1718689950260636,https://www.facebook.com/photo?fbid=1718689950260636&set=a.741768154619492,,2026-08-30,Cels La Vie bitaw unya sa katong cgi ug ulan walay dengue...lain nani dah..,Tanie Alvarez,2026-09-01,keyword:dengue
1718689950260636,https://www.facebook.com/photo?fbid=1718689950260636&set=a.741768154619492,,2026-08-31,"Cels La Vie terdapat lonjakan kasus dengue menurut catatan rumah sakit provinsi, sudah ada korban jiwa, dan orang-orang berlari untuk mendapatkan perawatan, para penyebab dengue, digigit nyamuk, nyamuk menggigit orang lain, itulah yang menyebabkan infeksi. Hanya sebagai pencegahan dari pemerintah provinsi, mari kita bersihkan lingkungan sekitar kita",Jo Del,2026-09-01,keyword:dengue
1718689950260636,https://www.facebook.com/photo?fbid=1718689950260636&set=a.741768154619492,,2026-08-29,Naglibog ko nganong naa may dengue nga perting ineta man kaau motou ko anang hit stroke kana pero ug maghisgot ug dengue binoang nana kaau,Crisol Esterado,2026-09-01,keyword:dengue
1718689950260636,https://www.facebook.com/photo?fbid=1718689950260636&set=a.741768154619492,,2026-08-29,Crisol Esterado para mahalin ang gigama nlang tambal nigosyo ghapon,Danny Ganub,2026-09-01,keyword:dengue
1718689950260636,https://www.facebook.com/photo?fbid=1718689950260636&set=a.741768154619492,,2026-08-29,Why does it take so long here to get the Q-dengue vaccines approved?,Moritz Egger,2026-09-01,keyword:dengue
1718689950260636,https://www.facebook.com/photo?fbid=1718689950260636&set=a.741768154619492,,2026-08-30,Moritz Egger 4 Ang namatay sa clinical trial ..,Christopher Garcia,2026-09-01,keyword:dengue
1718689950260636,https://www.facebook.com/photo?fbid=1718689950260636&set=a.741768154619492,,,"Christopher Garcia q-dengue no one died and it's already approved in most countries, even in Europe(where the dengue risk is very low and the criterias for approval very strict)",,2026-09-01,keyword:dengue
1718689950260636,https://www.facebook.com/photo?fbid=1718689950260636&set=a.741768154619492,,,Moritz Egger ibig Sabihin mali si Atty Doc Erwin Erfe Forensic Expert ng PAO dati?,,2026-09-01,keyword:dengue
1718689950260636,https://www.facebook.com/photo?fbid=1718689950260636&set=a.741768154619492,,,Moritz Egger https://www.facebook.com/share/p/1BkcKme3DX/,,2026-09-01,keyword:dengue
1718689950260636,https://www.facebook.com/photo?fbid=1718689950260636&set=a.741768154619492,,,"Christopher Garcia I would put more trust into big worldwide clinical trial than 1brandom persons Facebook post. If it's not safe,then why would a lot of colder western countries with no mosquitos and not much needbfor it already approved it. All clinical trials are finished already more than 2 years ago and it's approved in nearly all if SEA just not here",,2026-09-01,keyword:dengue
1718689950260636,https://www.facebook.com/photo?fbid=1718689950260636&set=a.741768154619492,,,Moritz Egger di mo pla Kilala si Atty Doc Erwin Erfe.. ok po Sige po push po ninyo kung may magpabakuna pa niyang dengue vaccine..,,2026-09-01,keyword:dengue
1718689950260636,https://www.facebook.com/photo?fbid=1718689950260636&set=a.741768154619492,,,"Christopher Garcia you talk very different topics, I am well aware who he is and his reference is about dengvaxia not q-denguenwhich is a very different, obviously very effective and safe vaccine",,2026-09-01,keyword:dengue
1718689950260636,https://www.facebook.com/photo?fbid=1718689950260636&set=a.741768154619492,,,Moritz Egger Wala po ko sinabing Dengvaxia.. Q denga Dengue vaccine po ba tinutukoy mo?,,2026-09-01,keyword:dengue
1718689950260636,https://www.facebook.com/photo?fbid=1718689950260636&set=a.741768154619492,,,"Christopher Garcia yes, by all I ever red Erwin erfebwas dedicating his work and informations to the old dengvaxia vaccine. Not the(relatively new) q-dengue. Dengvaxia was also very questionable used in the Philippines while still in clinical trial, while with Q-dengue it's the opposite and it's already approved and used all over the world since years while still not approved in the Philippines",,2026-09-01,keyword:dengue
1718689950260636,https://www.facebook.com/photo?fbid=1718689950260636&set=a.741768154619492,,,Moritz Egger QDENGA Dengue Vaccine?,,2026-09-01,keyword:dengue
1718689950260636,https://www.facebook.com/photo?fbid=1718689950260636&set=a.741768154619492,,,Moritz Egger yan din pong QDenga Ang tinutukoy niya..,,2026-09-01,keyword:dengue
1718689950260636,https://www.facebook.com/photo?fbid=1718689950260636&set=a.741768154619492,,2026-08-30,"Moritz Egger anyways guess it will not be free, here in Vietnam one shot is around $50 and you have to make it two times",Ivan Orlov,2026-09-01,keyword:dengue
1718689950260636,https://www.facebook.com/photo?fbid=1718689950260636&set=a.741768154619492,,,Ivan Orlov yes I think 70eur+- in Europebsob140eur total. But usually there are government roll outs for those who can't afford. Definitely cheaper than a few days hospitalisation with dengue and less painful,,2026-09-01,keyword:dengue
1718689950260636,https://www.facebook.com/photo?fbid=1718689950260636&set=a.741768154619492,,2026-09-01,Moritz Egger vaccine doesn’t work!,Vita Sargsyan,2026-09-01,keyword:dengue
1718689950260636,https://www.facebook.com/photo?fbid=1718689950260636&set=a.741768154619492,,,Vita Sargsyan q-dengue seems to work by every published study so far. If you say it doesn't work please send me a source link,,2026-09-01,keyword:dengue
1718689950260636,https://www.facebook.com/photo?fbid=1718689950260636&set=a.741768154619492,,,Source: The doctor at the hospital who told me the vaccines weren't working. It was my next appointment after I had dengue.,,2026-09-01,keyword:dengue
1718689950260636,https://www.facebook.com/photo?fbid=1718689950260636&set=a.741768154619492,,2026-08-28,"Gawas sa dengue outbreak, wa puy ulan...",Jade Andos,2026-09-01,keyword:dengue
1718689950260636,https://www.facebook.com/photo?fbid=1718689950260636&set=a.741768154619492,,2026-08-30,"Jade Andos Dengue mosquitoes thrive and multiply faster in hot weather because warmth accelerates their life cycle, speeds up virus development, and increases their feeding frequency.Why Heat Affects Dengue MosquitoesFaster Life Cycle: Warm temperatures shorten the time it takes for Aedes mosquitoes to grow from eggs into biting adults.Quicker Virus Development: Heat speeds up the incubation period of the dengue virus inside the mosquito, meaning it becomes infectious much sooner.More Frequent Biting: Warmer weather causes mosquitoes to feed on human blood more often to fuel their reproduction.Increased Survival: Optimal warm ranges (typically between 25°C and 30°C) boost their overall survival rates and activity.The Role of Rain and WaterWhile heat accelerates the virus, hot weather often pairs with or follows rain, creating standing water in containers, gutters, and puddles where mosquitoes lay their eggs. Even during dry spells, stored household water creates ideal artificial breeding grounds.",Roma Ollig Tariap,2026-09-01,keyword:dengue
1718689950260636,https://www.facebook.com/photo?fbid=1718689950260636&set=a.741768154619492,,2026-09-01,Allen Timcang Tancawan,Erjay Wyszyns Laseras Tancawan,2026-09-01,keyword:dengue
1718689950260636,https://www.facebook.com/photo?fbid=1718689950260636&set=a.741768154619492,,2026-08-30,Gezel Evardo Orapa Joshua Evardo Orapa James Orapa Jeneca Orapa Anna Orapa Jeno Torrejas Evardo Jaycob Orapa selalu berhati-hati di sekitar sekitar karena nyamuk sangat menakutkan.,John Leo Baba Pikit-pikit,2026-09-01,keyword:dengue
1136968869001624,https://www.facebook.com/photo?fbid=1136968415668336&set=pcb.1136968869001624,,2026-08-31,Vivalyte ready bisag dengue pwede ipa inum,Sylvia Hewings,2026-09-01,keyword:dengue
1136968869001624,https://www.facebook.com/photo?fbid=1136968415668336&set=pcb.1136968869001624,,2026-08-31,lack of Vitamin B12.,Clint Brosnan,2026-09-01,keyword:dengue
1136968869001624,https://www.facebook.com/photo?fbid=1136968415668336&set=pcb.1136968869001624,,2026-08-31,Lyn Jorah jaga diri sendiri. Gunakan losion dan matikan.,Cmer Smith,2026-09-01,keyword:dengue
1136968869001624,https://www.facebook.com/photo?fbid=1136968415668336&set=pcb.1136968869001624,,2026-08-31,Ug naa mo mandar pa vaccine para sa dengue d gyod  ko mosogot .,Abaniel Omac Celsa,2026-09-01,keyword:dengue
1136968869001624,https://www.facebook.com/photo?fbid=1136968415668336&set=pcb.1136968869001624,,2026-08-30,Alona Mae,Allen,2026-09-01,keyword:dengue
1136968869001624,https://www.facebook.com/photo?fbid=1136968415668336&set=pcb.1136968869001624,,2026-08-30,Vanessa Joy Salem Maestre-Taboklawon,Maurelyn Tumogsok,2026-09-01,keyword:dengue
1136968869001624,https://www.facebook.com/photo?fbid=1136968415668336&set=pcb.1136968869001624,,2026-08-30,Mao gimik npud,Bernard Marimon,2026-09-01,keyword:dengue
1136968869001624,https://www.facebook.com/photo?fbid=1136968415668336&set=pcb.1136968869001624,,2026-08-30,Nganu kha magka dengue Ang bata no,Jenny Buck Abrau,2026-09-01,keyword:dengue
1136968869001624,https://www.facebook.com/photo?fbid=1136968415668336&set=pcb.1136968869001624,,2026-08-31,Fretzie Faye Almirante,Clarice Almirante,2026-09-01,keyword:dengue
1136968869001624,https://www.facebook.com/photo?fbid=1136968415668336&set=pcb.1136968869001624,,2026-08-30,,Jas Bongz,2026-09-01,keyword:dengue
1403960668498208,https://www.facebook.com/photo?fbid=1403960668498208&set=a.594795086081441,,2026-08-30,It is amazing that a hospital can make a post like this. Most Thais seem unaware that if they collect rubbish and leave water around mosquitoes will breed in the water and dengue will spread and their children will suffer. Why is the hospital not trying to make people aware.,Chris Docherty,2026-09-01,keyword:dengue
1403960668498208,https://www.facebook.com/photo?fbid=1403960668498208&set=a.594795086081441,,2026-08-30,Chris Docherty your assumptions are based on?....,Lee M Paradis,2026-09-01,keyword:dengue
1403960668498208,https://www.facebook.com/photo?fbid=1403960668498208&set=a.594795086081441,,,Lee M Paradis are you not aware that mosquitoes breed in water left around? Are you really a teacher?,,2026-09-01,keyword:dengue
1403960668498208,https://www.facebook.com/photo?fbid=1403960668498208&set=a.594795086081441,,,"Chris Docherty I've had dengue, and I know where it comes from. My comment was about yours, claiming that most Thais don't know where it comes from. Are you sure you want to assume that about them?",,2026-09-01,keyword:dengue
1403960668498208,https://www.facebook.com/photo?fbid=1403960668498208&set=a.594795086081441,,2026-08-30,"Chris Docherty all rural villages make people aware, they mention it over the speakers, they hold meetings, the committee come to check for any stagnant water at our home. But in 25 yrs here I still got dengue fever twice, the mossies live in gardens too",Sylvia Corley,2026-09-01,keyword:dengue
1403960668498208,https://www.facebook.com/photo?fbid=1403960668498208&set=a.594795086081441,,,"Sylvia Corley I am in the suburbs of Pattaya and there is nothing like this. There are speakers but they are hardly used. We had a terrible mosquito problem till my neighbour's daughter (and I) caught dengue and she stopped leaving water around. People throw rubbish everywhere, collect old tyres and buckets. I could walk 30 metres to a rubbish dump on the main road with old buckets full of water. I will try and clean them up today but they don't like farungs interfering. Mosquitoes need to be in still water for 2 to 3 weeks- sure there are some plants that hold water but one of your neighbours probably has an old tyre collection or some old paint buckets somewhere. I know a very wealthy, politically powerful Thai who told me he was cutting the grass as there were too many mosquitoes even though he has rubbish all over his place. Australia used to have a bad rubbish problem until they had an intensive tv campaign- don't rubbish Australia - and introduced severe fines. Thailand could do similar but there does not seem any will to do so. I find the advertisement for Samitivej indicative of the problem. At the bottom in tiny writing it says clean up standing water. It should be at the top in large writing and include a warning to not leave containers around your home",,2026-09-01,keyword:dengue
1403960668498208,https://www.facebook.com/photo?fbid=1403960668498208&set=a.594795086081441,,,"Chris Docherty certainly speakers aren't used around Pattaya like in Isan, bt even in the past the Nongprue amphur office have been in my village in Nernplubwan and sprayed. You can go to the amphur office and speak to them, but certainly in the past if you had dengue confirmed by the hospital they would send the spray guns out in your location. Last time I saw them in Khoa Noi market",,2026-09-01,keyword:dengue
1403960668498208,https://www.facebook.com/photo?fbid=1403960668498208&set=a.594795086081441,,,"Sylvia Corley I live in the suburbs. Was once a country village but Pattaya is slowly encroaching on it. They have a speaker system but it is rarely used. I left as soon as I became sick as I have a place on the islands I escaped to. My point was prevention instead of worrying about it afterwards. If the government seriously tried to educate the population about the dangers of dengue and it's connection to standing water and the danger to their kids they could cut the dengue rate. They estimate an average 100,000 cases per year.",,2026-09-01,keyword:dengue
1403960668498208,https://www.facebook.com/photo?fbid=1403960668498208&set=a.594795086081441,,,"Chris Docherty and most dont go to hospital but one out if the 4 strains can be fatal, my UK friend in Cambodia lost his young wife who was mother to their young son, very sad. She never went to doctor",,2026-09-01,keyword:dengue
1403960668498208,https://www.facebook.com/photo?fbid=1403960668498208&set=a.594795086081441,,,Sylvia Corley it is sad. Hopefully people become more aware. It is good your village makes an effort.,,2026-09-01,keyword:dengue
1403960668498208,https://www.facebook.com/photo?fbid=1403960668498208&set=a.594795086081441,,2026-08-25,After 1 week of sickness I took natural Vitamine C (Lemon juices and vegetables rich in VitC and minerals) ... in 2 days finished for me ... Doctor felt down from his seat as he wanted me to stay in hospital ... lol,Yves Pottié,2026-09-01,keyword:dengue
1403960668498208,https://www.facebook.com/photo?fbid=1403960668498208&set=a.594795086081441,,2026-08-27,I had mild dengue fever but 2 neighbours almost got killed by it in Phuket,Holger Panzer,2026-09-01,keyword:dengue
1403960668498208,https://www.facebook.com/photo?fbid=1403960668498208&set=a.594795086081441,,2026-08-25,"And if you take aspirin, quit?",Garry James,2026-09-01,keyword:dengue
1403960668498208,https://www.facebook.com/photo?fbid=1403960668498208&set=a.594795086081441,,2026-08-25,Best cure is Ivermectin 12mg adult pills.,Paul Hastilow,2026-09-01,keyword:dengue
1403960668498208,https://www.facebook.com/photo?fbid=1403960668498208&set=a.594795086081441,,2026-08-25,Vaksine kan vre en god ide,Per Knutsen,2026-09-01,keyword:dengue
1403960668498208,https://www.facebook.com/photo?fbid=1403960668498208&set=a.594795086081441,,2026-08-26,"Had it and it nearly killed me, becareful, months to get back to normal",Dennis Haywood,2026-09-01,keyword:dengue
1403960668498208,https://www.facebook.com/photo?fbid=1403960668498208&set=a.594795086081441,,2026-08-27,"Dennis Haywood Same, same people do not believe how horrible dengue can be. My white blood cells were nearly gone. Paolo Hospital Hua Hin",Anton Weber,2026-09-01,keyword:dengue
1403960668498208,https://www.facebook.com/photo?fbid=1403960668498208&set=a.594795086081441,,,Anton Weber me too 2-3 months so bad…,,2026-09-01,keyword:dengue
1403960668498208,https://www.facebook.com/photo?fbid=1403960668498208&set=a.594795086081441,,2026-08-31,"Lee M Paradis yes. Don't you think if they were aware of the connection between standing water and mosquitoes and clean it up? As I posted to Sylvia I was with a wealthy powerful(ex pooh yai) and he was cutting the grass as there were too many mosquitoes. I took a picture of some tyres for you, left to hold something down and collect rainwater. Only 50 metres from Pattaya Hilton Hotel in the centre of town.",Chris Docherty,2026-09-01,keyword:dengue
1403960668498208,https://www.facebook.com/photo?fbid=1403960668498208&set=a.594795086081441,,2026-08-31,"Chris Docherty agree, they should know better. Schools I have worked for have sprayed cleaner in toilets over the weekend and holidays to prevent them. I do the same during the season, otherwise I come back with a house full of them.",Lee M Paradis,2026-09-01,keyword:dengue
1403960668498208,https://www.facebook.com/photo?fbid=1403960668498208&set=a.594795086081441,,,Lee M Paradis I was trying to say they should have an education program. Singapore has a very successful one called BLOCK. I'm not sure what breaking up the soil does but I posted a google screenshot of it. If an organisation like Samitivej jumped behind it and encouraged the government it would help alot.,,2026-09-01,keyword:dengue
2001613593952987,https://www.facebook.com/photo?fbid=2001613593952987&set=a.1168843363896685,,2026-08-25,"So then Every School should start this procedure to prevent dengue and malaria, school authority should provide mosquito net seat and bench wish",Mohammed Salim,2026-09-01,keyword:dengue
2001613593952987,https://www.facebook.com/photo?fbid=2001613593952987&set=a.1168843363896685,,2026-08-26,Good development,Kandiero Franc Chilenjekfc,2026-09-01,keyword:dengue
2001613593952987,https://www.facebook.com/photo?fbid=2001613593952987&set=a.1168843363896685,,2026-08-25,This is happening in our Camp in Cox's Bazar Bangladesh and please save the Rohingya Refugee Children..,Mohammed Hasan,2026-09-01,keyword:dengue
2001613593952987,https://www.facebook.com/photo?fbid=2001613593952987&set=a.1168843363896685,,2026-08-30,Great,George M Alhassan,2026-09-01,keyword:dengue
2001613593952987,https://www.facebook.com/photo?fbid=2001613593952987&set=a.1168843363896685,,2026-08-25,So worries,M Jahid Ullah,2026-09-01,keyword:dengue
2001613593952987,https://www.facebook.com/photo?fbid=2001613593952987&set=a.1168843363896685,,2026-08-25,Good job W H O we are together with you preventin protected and promote by public health practitioners zaharaddeen,Zaharaddeen Babandi,2026-09-01,keyword:dengue
2001613593952987,https://www.facebook.com/photo?fbid=2001613593952987&set=a.1168843363896685,,2026-08-25,too hot.,Andrew MacIntosh,2026-09-01,keyword:dengue
2001613593952987,https://www.facebook.com/photo?fbid=2001613593952987&set=a.1168843363896685,,2026-08-25,And that annoys Bill,Mohamed Abdiwahid,2026-09-01,keyword:dengue
2001613593952987,https://www.facebook.com/photo?fbid=2001613593952987&set=a.1168843363896685,,2026-08-25,"Well done comrades..@Owusu Jerry Elvis:Well done comrade...@Owusu Jerry Elvis:DONATE BLOOD TO SAVE LIVES..In this critical situation of blood shortages in our Hospitals in the whole world and as we celebrate WORLD BLOOD DONOR'S DAY,I am appealing for us to get WORLD BLOOD DONATION EXERCISE DAY to this most importantly it can great awareness...Remember ONE WORLD ONE HUMAN BEING ONE BLOOD..Pls share until it reaches WHO and thier affiliates....",Owusu Jerry Elvis,2026-09-01,keyword:dengue
2001613593952987,https://www.facebook.com/photo?fbid=2001613593952987&set=a.1168843363896685,,2026-08-27,يدخل في اكتساب سلوك جيد,ياسين مرغني صغرينو,2026-09-01,keyword:dengue
2001613593952987,https://www.facebook.com/photo?fbid=2001613593952987&set=a.1168843363896685,,2026-08-25,There isn't mosquito in our area,Yuusuf Aammee,2026-09-01,keyword:dengue
2001613593952987,https://www.facebook.com/photo?fbid=2001613593952987&set=a.1168843363896685,,2026-08-25,Perfect,Mbungu Dobgima,2026-09-01,keyword:dengue
2001613593952987,https://www.facebook.com/photo?fbid=2001613593952987&set=a.1168843363896685,,2026-08-25,"There always has to be war, that's the beauty of the organization because that's where they make money.",Kakay Toto,2026-09-01,keyword:dengue
2001613593952987,https://www.facebook.com/photo?fbid=2001613593952987&set=a.1168843363896685,,2026-08-25,Kakay Toto vraiment,Lucky Joseph,2026-09-01,keyword:dengue
2001613593952987,https://www.facebook.com/photo?fbid=2001613593952987&set=a.1168843363896685,,2026-08-25,"129th y WORLD MOSQUITO DAY EACH HOME OWNER ONESELF CAN USE TO DECREASE DEMON MOSQUITOES EVERYHOME EVERYWHERE WHOLE WORLD CSU EXTENSION Insect Control : 5.547 SOAPS HAVE BEEN USED TO CONTROL INSECTS FOR --- MORE THAN 200 YEARS.--- 1787 / 2330 HAND SOAP - SWARM DOWN ALL SRI LANKA INDIA NIGERIA WHOLE WORLD CAN DO THIS !!! KILL ALL DEMON MOSQUITOES SP. + DIPTERANS SOAP EACH HOMES EVERYDAY #SOAPSCIENCE #SOAPRESPECTOURCHILDREN ................. #SOAPSINKMOSQUITODOWNFIRSTLY ................. #SOAPSPIRACLEARTHROPODS TOGETHER TOGETHER TOGETHER TOGETHER TOGETHER #eliminatemalaria CALM ALL DEMON ARTHROPODS DOWN YOUR OFFICE HAND SOAP STOP THEM TOGETHER #SOAPSCIENCE WHOLE WORLD T O G E T H E R 2 TABLESPOONS + 500 ML. WATER OK SOAPY SPRAY RESTING MOSQUITOES TO SINK DOWN FIRSTLY BEFORE DRAIN OR LARVICIDE TREATING #SOAPSINKMOSQUITODOWNFIRSTLY #SOAPTHAILANDOKWHOLEWORLD1998 ALL DIPTERANS #SOAPSCIENCEDMSCTHAILAND #USEYOURSOAPSTOPSUCKER #WEWANTSOMETHINGJUSTLIKESUPERSOAP #FIGHTTHEBITE S O A P ..... D E L E T E ..... A L L #MOSQUITO ( 17 ) #DENGUE #MALARIA #ZIKA #FILARIA #FILARIOSE+#CHIK+ #YF #WESTNILEVIRUS #EEE #WEE #VEE #JEV #JCV #LACV #MVEV #MAYV #RVF #RRF #SLEV #MAYAROVIRUS #USUTUVIRUS ..... #SOAPSINKMOSQUITODOWNFIRSTLY #DEMONDIPTERAN ( 7 ) #SLEEPINGSICKNESS #RIVERBLINDNESS #LEISHMANIASIS #OROPOUCHE #CHANDIPURA #TRACHOMA #CHOLERA + #MANSONELLOSIS + ANIMAL Trypanosomiasis ( Surra , Nagana , Dourine ) #CHAGAS #30JANJUSTSOAPOKWHOLEWORLD NTD (TRACHOMA FILARIA) #14APRJUSTSOAPOKWHOLEWORLD CHAGAS #25APRJUSTSOAPOKWHOLEWORLD MALARIA #01JUNEJUSTSOAPOKWHOLEWORLD LEISHMANIASIS #15JUNEJUSTSOAPOKWHOLEWORLD DENGUE , S E A #20AUGJUSTSOAPOKWHOLEWORLD1897 MOSQUITO",Kasin Suphapathom,2026-09-01,keyword:dengue
2001613593952987,https://www.facebook.com/photo?fbid=2001613593952987&set=a.1168843363896685,,2026-08-25,"How To Avoid Mosquitoes Many years ago there was an article in “New Scientist” magazine that said that flies avoided the dead bodies of other flies. I have used this fact several times over the years and find that it holds true. All you have to do is kill a few flies, cut their bodies into three, and put the body parts on window sills and at doors in order to avoid them flying in. A refugee camp once surrounded it's border with dead flies in order to avoid these disease carriers. My point is, this also works with mosquitoes, and is a free way of avoiding malaria, not only can property be protected in this way, but so can the individual when easily killed mosquito corpses are kept in pockets. If scientists could find the chemical given off by the dead body of a mosquito that repels others then we could have a an effective mosquito spray on our hands. (This will not work with wasps).",Andy Kadir-Buxton,2026-09-01,keyword:dengue
2001613593952987,https://www.facebook.com/photo?fbid=2001613593952987&set=a.1168843363896685,,2026-08-25,Bill Gates i cant even remember the last day i slept under a mosquito net.more tech less mosquito,Ziggy Maina,2026-09-01,keyword:dengue
2001613593952987,https://www.facebook.com/photo?fbid=2001613593952987&set=a.1168843363896685,,2026-08-25,Hihududrifihrrirjrhjr,Queen Amrish,2026-09-01,keyword:dengue
2001613593952987,https://www.facebook.com/photo?fbid=2001613593952987&set=a.1168843363896685,,2026-08-25,Yes please,Olive Louise,2026-09-01,keyword:dengue
2001613593952987,https://www.facebook.com/photo?fbid=2001613593952987&set=a.1168843363896685,,2026-08-25,Ancaman terhadap keamanan maritim global bukan hanya masalah internal Yaman// Dunia sedang membicarakan sanksi terhadap Iran. Dan Iran merespons melalui #الحوثي dalam #بابــالمندب. Siapa pun yang menganggap ini adalah masalah Yaman salah. Ini adalah pemerasan untuk seluruh dunia #باب_المندب = #باب_هرمز berikutnya Dan Houthis adalah alat eksekusi,هاشم العاب كره,2026-09-01,keyword:dengue
2001613593952987,https://www.facebook.com/photo?fbid=2001613593952987&set=a.1168843363896685,,2026-08-25,"ARE YOU A ONE MINUTE MAN DURING INTIMACY? Dr. Erica here 
 Let’s talk men’s health openly WHAT IS IT? ""One minute man"" is a casual way people refer to premature ejaculation. It means ejaculating sooner than you or your partner would like during intimacy. It’s very common. 1 in 3 men experience it at some point. COMMON CAUSES: 1. Anxiety and stress: Performance pressure or relationship stress 2. Inexperience: The body hasn’t learned control yet 3. Hormonal factors: Low or high levels of certain hormones like serotonin 4. Prostate or thyroid issues: Medical conditions can play a role 5. Erectile dysfunction: Rushing due to fear of losing erection 6. Too long between sexual activity: Can increase sensitivity 7. Lifestyle: Poor sleep, smoking, alcohol, and lack of exercise HOW TO PREVENT / IMPROVE IT: 1. Pelvic floor exercises: ""Kegels"" help strengthen muscles that control ejaculation 2. The stop-start and squeeze technique: Pause during intimacy to reduce arousal, then continue 3. Reduce anxiety: Open communication with your partner helps a lot 4. Healthy lifestyle: Regular exercise, good sleep, limit alcohol and smoking 5. Condoms or topical sprays: Can reduce sensitivity 6. See a doctor: If it’s frequent and distressing. A doctor can check for underlying causes and discuss options like therapy or medication IMPORTANT TO KNOW: This is a medical issue, not a sign of weakness. It’s treatable. Most men improve with practice, lifestyle changes, and sometimes medical support. WHEN TO SEE A DOCTOR: If it happens most of the time, causes stress, or affects your relationship. A qualified healthcare provider or urologist can help. DISCLAIMER: I’m Dr. Erica sharing general health education. This post is for awareness and education only. It is not a diagnosis or medical advice. For personal concerns, please visit a qualified healthcare provider. Men’s health matters. Talk about it. Get help. You’re not alone #MensHealth #DrErica #SexualHealth #HealthyRelationships #HealthEducation",Daktari Erica,2026-09-01,keyword:dengue
2001613593952987,https://www.facebook.com/photo?fbid=2001613593952987&set=a.1168843363896685,,2026-08-25,Net.,Edgarvieira Covele,2026-09-01,keyword:dengue
2001613593952987,https://www.facebook.com/photo?fbid=2001613593952987&set=a.1168843363896685,,2026-08-25,Amen,Anguyo Robert,2026-09-01,keyword:dengue
2001613593952987,https://www.facebook.com/photo?fbid=2001613593952987&set=a.1168843363896685,,2026-08-25,Congratulations,Mohammed Rofique,2026-09-01,keyword:dengue
2001613593952987,https://www.facebook.com/photo?fbid=2001613593952987&set=a.1168843363896685,,2026-08-25,Masha Allah,Mohammed Rofique,2026-09-01,keyword:dengue
2001613593952987,https://www.facebook.com/photo?fbid=2001613593952987&set=a.1168843363896685,,2026-08-25,"I am very sick, please help me. I am a very good person. Some evil people have tried to kill me a thousand times. I am married and they want to destroy me. In the name of marriage, I am being wronged, my phone is being hacked, I am being tortured inhumanly. Please save me.",Mohammed Raihan Islam Riad,2026-09-01,keyword:dengue
2001613593952987,https://www.facebook.com/photo?fbid=2001613593952987&set=a.1168843363896685,,2026-08-25,Protective nets,Donna Tong,2026-09-01,keyword:dengue
2001613593952987,https://www.facebook.com/photo?fbid=2001613593952987&set=a.1168843363896685,,2026-08-25,Deira,محمد حسن,2026-09-01,keyword:dengue
2001613593952987,https://www.facebook.com/photo?fbid=2001613593952987&set=a.1168843363896685,,2026-08-25,"Mosquito net
 is another house in sleeping places for disabled people. And WHO has no solution for malaria and mosquito biting. Unless to 'say use mosquito net'",Abshir Mustafe Cali,2026-09-01,keyword:dengue
1686703226148868,https://www.facebook.com/photo?fbid=1686703226148868&set=a.268320637987141,,2026-09-01,Why hasnt she won the noble prize in medicine yet ?,Tijo Titus,2026-09-01,keyword:dengue
1686703226148868,https://www.facebook.com/photo?fbid=1686703226148868&set=a.268320637987141,,2026-08-31,"You can only depend on the superior 
 
 
 
 
 
 
 
 
 
 To sa e the world!!!!! #INDIANSRULETHEWORLD #IndiansAreTheBest #IndiaSupremacy #THEWORLDBELONGSTOINDIA",Simon Dariel Linkoln Adonis,2026-09-01,keyword:dengue
1686703226148868,https://www.facebook.com/photo?fbid=1686703226148868&set=a.268320637987141,,2026-08-31,"Its only fair that the countries other than Australia that wants to use this vaccine allows one indian per 33 dose given... With mortality rate between.5 to 5%, they ahould accep 3 Indians for 100 doses as a gratitude for saving their future generations.",Kardamamuni Das,2026-09-01,keyword:dengue
1686703226148868,https://www.facebook.com/photo?fbid=1686703226148868&set=a.268320637987141,,2026-08-30,You rock lady. A brilliant mind !,Prem Reddy,2026-09-01,keyword:dengue
1686703226148868,https://www.facebook.com/photo?fbid=1686703226148868&set=a.268320637987141,,2026-08-30,बधाई और हार्दिक शुभ कामनाएं,Narendra Bharti,2026-09-01,keyword:dengue
1686703226148868,https://www.facebook.com/photo?fbid=1686703226148868&set=a.268320637987141,,2026-08-30,,Arockiam Hithion,2026-09-01,keyword:dengue
1686703226148868,https://www.facebook.com/photo?fbid=1686703226148868&set=a.268320637987141,,2026-08-30,Congratulations,Aparna Nandi,2026-09-01,keyword:dengue
1686703226148868,https://www.facebook.com/photo?fbid=1686703226148868&set=a.268320637987141,,2026-08-31,"Jangan simpan untuk memperlakukan pasien. Saya tahu bendera siapa yang Tik Tok. Saya tidak akan mengutuk kecuali jika itu buruk. Jika itu bagus, maka pergi.",สีน ไช,2026-09-01,keyword:dengue
1686703226148868,https://www.facebook.com/photo?fbid=1686703226148868&set=a.268320637987141,,2026-08-30,Congratulations,Ann Puran,2026-09-01,keyword:dengue
122115056361314208,https://www.facebook.com/photo?fbid=122115056361314208&set=a.122098259463314208,,2026-08-25,Madami salamat po sainyo lahat hindi ko na kaya Maisa-isa .Sobra appreciated.Still nalaban po ako... Sana po lahat kayo magingat Grabe dami Cases ng Dengue,Fhaye Ann De Leon,2026-09-01,keyword:dengue
122115056361314208,https://www.facebook.com/photo?fbid=122115056361314208&set=a.122098259463314208,,2026-08-25,salamat po sa lahat,Fhaye Ann De Leon,2026-09-01,keyword:dengue
122115056361314208,https://www.facebook.com/photo?fbid=122115056361314208&set=a.122098259463314208,,2026-08-25,Get well soon and praying for your fast recovery,Pacific Parkplace Dasmarinas,2026-09-01,keyword:dengue
122115056361314208,https://www.facebook.com/photo?fbid=122115056361314208&set=a.122098259463314208,,2026-08-25,Halaaaa pagaling kaaaaaaaa,Shelly Navarro,2026-09-01,keyword:dengue
122115056361314208,https://www.facebook.com/photo?fbid=122115056361314208&set=a.122098259463314208,,2026-08-25,Get well soon faye,EJ Bituin,2026-09-01,keyword:dengue
122115056361314208,https://www.facebook.com/photo?fbid=122115056361314208&set=a.122098259463314208,,2026-08-25,Get well soon,Paul Arangorin,2026-09-01,keyword:dengue
122115056361314208,https://www.facebook.com/photo?fbid=122115056361314208&set=a.122098259463314208,,2026-08-25,Get well soon,Lynn Sarimos Awat,2026-09-01,keyword:dengue
122115056361314208,https://www.facebook.com/photo?fbid=122115056361314208&set=a.122098259463314208,,2026-08-25,Get well soon miii,Julie Barquin,2026-09-01,keyword:dengue
122115056361314208,https://www.facebook.com/photo?fbid=122115056361314208&set=a.122098259463314208,,2026-08-25,Get well po,Monick Mortel,2026-09-01,keyword:dengue
122115056361314208,https://www.facebook.com/photo?fbid=122115056361314208&set=a.122098259463314208,,2026-08-25,Be healed in Jesus’ most holy name,Dominique Noelle M. Estanislao,2026-09-01,keyword:dengue
122115056361314208,https://www.facebook.com/photo?fbid=122115056361314208&set=a.122098259463314208,,2026-08-25,Dominique Noelle M. Estanislao thanks mami ko,Fhaye Ann De Leon,2026-09-01,keyword:dengue
122115056361314208,https://www.facebook.com/photo?fbid=122115056361314208&set=a.122098259463314208,,2026-08-25,Get well po mi,Karen Montecillo,2026-09-01,keyword:dengue
122115056361314208,https://www.facebook.com/photo?fbid=122115056361314208&set=a.122098259463314208,,2026-08-25,Pagaling k fay...,Evangeline Ferrolino,2026-09-01,keyword:dengue
122115056361314208,https://www.facebook.com/photo?fbid=122115056361314208&set=a.122098259463314208,,2026-08-25,Get well soon,Gan Diane,2026-09-01,keyword:dengue
122115056361314208,https://www.facebook.com/photo?fbid=122115056361314208&set=a.122098259463314208,,2026-08-25,getwell bi,Irish Vegas Pineda,2026-09-01,keyword:dengue
122115056361314208,https://www.facebook.com/photo?fbid=122115056361314208&set=a.122098259463314208,,2026-08-25,Get well soon sessy Fhaye Ann De Leon,Veronica Lopez,2026-09-01,keyword:dengue
122115056361314208,https://www.facebook.com/photo?fbid=122115056361314208&set=a.122098259463314208,,2026-08-25,,Hannah Hazel Sangria,2026-09-01,keyword:dengue
122115056361314208,https://www.facebook.com/photo?fbid=122115056361314208&set=a.122098259463314208,,2026-08-25,,RhodeLyn Dejesus,2026-09-01,keyword:dengue
122115056361314208,https://www.facebook.com/photo?fbid=122115056361314208&set=a.122098259463314208,,2026-08-25,Get well soon fayeng !!,Mayet Rodriguez Galicia,2026-09-01,keyword:dengue
122115056361314208,https://www.facebook.com/photo?fbid=122115056361314208&set=a.122098259463314208,,2026-08-25,Get well Fhaye Ann De Leon,Myrna Francisco,2026-09-01,keyword:dengue
122115056361314208,https://www.facebook.com/photo?fbid=122115056361314208&set=a.122098259463314208,,2026-08-25,omg pagaling ka mei,Ivern Doroteo,2026-09-01,keyword:dengue
122115056361314208,https://www.facebook.com/photo?fbid=122115056361314208&set=a.122098259463314208,,2026-08-25,Getwell soon,Noemi Sarmiento,2026-09-01,keyword:dengue
122115056361314208,https://www.facebook.com/photo?fbid=122115056361314208&set=a.122098259463314208,,2026-08-25,Pagaling ganda,Baby L. Azupardo,2026-09-01,keyword:dengue
122115056361314208,https://www.facebook.com/photo?fbid=122115056361314208&set=a.122098259463314208,,2026-08-25,"get well soon, mi!",Lance,2026-09-01,keyword:dengue
122115056361314208,https://www.facebook.com/photo?fbid=122115056361314208&set=a.122098259463314208,,2026-08-25,getwellsoon my,The Angel Pacheco,2026-09-01,keyword:dengue
122115056361314208,https://www.facebook.com/photo?fbid=122115056361314208&set=a.122098259463314208,,2026-08-25,Pagaling ka,Rolf Zeugirdor Giliamid,2026-09-01,keyword:dengue
122115056361314208,https://www.facebook.com/photo?fbid=122115056361314208&set=a.122098259463314208,,2026-08-25,Get well Faye,Joy Sarimos Reyes,2026-09-01,keyword:dengue
122115056361314208,https://www.facebook.com/photo?fbid=122115056361314208&set=a.122098259463314208,,2026-08-25,Pagaling kagad mi,Jancel Kim Laurel,2026-09-01,keyword:dengue
122115056361314208,https://www.facebook.com/photo?fbid=122115056361314208&set=a.122098259463314208,,2026-08-25,,Laviene Solomon,2026-09-01,keyword:dengue
122115056361314208,https://www.facebook.com/photo?fbid=122115056361314208&set=a.122098259463314208,,2026-08-25,In Jesus name gagaling ka po.,VirginiaJasmin Bleza,2026-09-01,keyword:dengue
2144785056146662,https://www.facebook.com/photo?fbid=2144785056146662&set=a.652663768692139,,2026-08-18,Ako Po pinainom ko dati anak ko Yung dahon ng papaya at tawatawa,Melody Velasco Abion,2026-09-01,keyword:dengue
2144785056146662,https://www.facebook.com/photo?fbid=2144785056146662&set=a.652663768692139,,2026-08-11,More on fluid intake po yan lang gamot sa dengue effective din yacult haloan ng itlog ng pugo ipa inom sa kanya para mabilis tataas platelet niya. Get well soon,Febie Grace Villasencio Tagbe,2026-09-01,keyword:dengue
2144785056146662,https://www.facebook.com/photo?fbid=2144785056146662&set=a.652663768692139,,2026-08-11,Parahay ka paneil,Michelle Neivarez,2026-09-01,keyword:dengue
2144785056146662,https://www.facebook.com/photo?fbid=2144785056146662&set=a.652663768692139,,2026-08-11,Dakol na ki case jan sa lapu lapu ki dengue dapat mag request jan ki fumigation or fogging,Randy Fabs Danago,2026-09-01,keyword:dengue
2144785056146662,https://www.facebook.com/photo?fbid=2144785056146662&set=a.652663768692139,,2026-08-11,Randy Fabs Danago dgd Baga nanay Sayo igwa man ki saro,Wilma Delos Santos,2026-09-01,keyword:dengue
2144785056146662,https://www.facebook.com/photo?fbid=2144785056146662&set=a.652663768692139,,,Wilma Delos Santos eu po,,2026-09-01,keyword:dengue
2144785056146662,https://www.facebook.com/photo?fbid=2144785056146662&set=a.652663768692139,,2026-08-11,dgdi baga samo dakulon man na dengue riz.. nag fogging ngne dgdi kang thursday,Jhen Bernabe Trilles,2026-09-01,keyword:dengue
2144785056146662,https://www.facebook.com/photo?fbid=2144785056146662&set=a.652663768692139,,2026-08-11,Jhen Bernabe Trilles dapat gayod mag fogging nman samo,Rizza Banuelos,2026-09-01,keyword:dengue
2144785056146662,https://www.facebook.com/photo?fbid=2144785056146662&set=a.652663768692139,,,Rizza Banuelos iyo pwede...magrequest kaan sa barangay,,2026-09-01,keyword:dengue
2144785056146662,https://www.facebook.com/photo?fbid=2144785056146662&set=a.652663768692139,,2026-08-11,Praying get well soon.,Edith Orbon Ocampo,2026-09-01,keyword:dengue
2144785056146662,https://www.facebook.com/photo?fbid=2144785056146662&set=a.652663768692139,,2026-08-11,Maglaga ka po tawa tawa para tumaas platelets nya po effective po yan,KathRioolla Balasa,2026-09-01,keyword:dengue
2144785056146662,https://www.facebook.com/photo?fbid=2144785056146662&set=a.652663768692139,,2026-08-11,KathRioolla Balasa yes po mam,Rizza Banuelos,2026-09-01,keyword:dengue
2144785056146662,https://www.facebook.com/photo?fbid=2144785056146662&set=a.652663768692139,,2026-08-11,Pasma,Geng Geng,2026-09-01,keyword:dengue
2144785056146662,https://www.facebook.com/photo?fbid=2144785056146662&set=a.652663768692139,,2026-08-11,Sain po kamong Lugar?,Don Ag,2026-09-01,keyword:dengue
2144785056146662,https://www.facebook.com/photo?fbid=2144785056146662&set=a.652663768692139,,2026-08-11,Don Ag lapulapu legazpi po,Rizza Banuelos,2026-09-01,keyword:dengue
2144785056146662,https://www.facebook.com/photo?fbid=2144785056146662&set=a.652663768692139,,,Rizza Banuelos aysus igwa na palan Jan .parahay po SI patient mo. Painumon mo din po tawa2. Effective po sya,,2026-09-01,keyword:dengue
2144785056146662,https://www.facebook.com/photo?fbid=2144785056146662&set=a.652663768692139,,2026-08-11,Dapat gaud maireport an bhe sa brgy. Ngani mapa usukan dgd sato,Vanessa Espiritu,2026-09-01,keyword:dengue
2144785056146662,https://www.facebook.com/photo?fbid=2144785056146662&set=a.652663768692139,,2026-08-11,Vanessa Espiritu iyo po ta pirang case na.,Rizza Banuelos,2026-09-01,keyword:dengue
2144785056146662,https://www.facebook.com/photo?fbid=2144785056146662&set=a.652663768692139,,2026-08-11,Pagaling kq nak,Diana Rose Artillagas,2026-09-01,keyword:dengue
2144785056146662,https://www.facebook.com/photo?fbid=2144785056146662&set=a.652663768692139,,2026-08-11,Diana Rose Artillagas thank you madam,Rizza Banuelos,2026-09-01,keyword:dengue
2144785056146662,https://www.facebook.com/photo?fbid=2144785056146662&set=a.652663768692139,,2026-08-11,Pati sa Skwelahan dapat ma report man para ma fogging kan City Health same man sa Barangay Lapu-Lapu,Monchito De Los SantOs,2026-09-01,keyword:dengue
2144785056146662,https://www.facebook.com/photo?fbid=2144785056146662&set=a.652663768692139,,2026-08-11,Get well soon baby,Jenifer Bailon Imperial,2026-09-01,keyword:dengue
2144785056146662,https://www.facebook.com/photo?fbid=2144785056146662&set=a.652663768692139,,2026-08-11,Parahay ka boy,Monchito De Los SantOs,2026-09-01,keyword:dengue
2144785056146662,https://www.facebook.com/photo?fbid=2144785056146662&set=a.652663768692139,,2026-08-18,Wat school po,Claire Balde Thomas Bonanza,2026-09-01,keyword:dengue
2144785056146662,https://www.facebook.com/photo?fbid=2144785056146662&set=a.652663768692139,,2026-08-11,Haysssss,Jorie Delos Angeles Baylon,2026-09-01,keyword:dengue
2144785056146662,https://www.facebook.com/photo?fbid=2144785056146662&set=a.652663768692139,,2026-08-11,Get well soon po.,Jenifer Alarcon,2026-09-01,keyword:dengue
2144785056146662,https://www.facebook.com/photo?fbid=2144785056146662&set=a.652663768692139,,2026-08-11,Get well soon,Marlyn Real Seachon,2026-09-01,keyword:dengue
2144785056146662,https://www.facebook.com/photo?fbid=2144785056146662&set=a.652663768692139,,2026-08-11,Get well soon,Gina Datu,2026-09-01,keyword:dengue
2144785056146662,https://www.facebook.com/photo?fbid=2144785056146662&set=a.652663768692139,,2026-08-11,get well soon po,Da-Eun Oh,2026-09-01,keyword:dengue
2144785056146662,https://www.facebook.com/photo?fbid=2144785056146662&set=a.652663768692139,,2026-08-11,Get well soon baby,Divina Vargas,2026-09-01,keyword:dengue
2005020090279004,https://www.facebook.com/photo?fbid=2005020090279004&set=a.1168843363896685,,2026-08-27,,Rahul Kumar,2026-09-01,keyword:dengue
2005020090279004,https://www.facebook.com/photo?fbid=2005020090279004&set=a.1168843363896685,,2026-08-26,"ไม่มีน้ำสบู่ของคุณแม่ คนไหนไหน บนโลกใบนี้ ที่ฉีดยุงลาย และ ยุงดื้อยา ทุกชนิด ไม่ตาย 129th y WORLD MOSQUITO DAY EACH HOME OWNER ONESELF CAN USE TO DECREASE DEMON MOSQUITOES EVERYHOME EVERYWHERE WHOLE WORLD CSU EXTENSION Insect Control : 5.547 SOAPS HAVE BEEN USED TO CONTROL INSECTS FOR --- MORE THAN 200 YEARS.--- 1787 / 2330 HAND SOAP - SWARM DOWN ALL SRI LANKA INDIA NIGERIA WHOLE WORLD CAN DO THIS !!! KILL ALL DEMON MOSQUITOES SP. + DIPTERANS SOAP EACH HOMES EVERYDAY #SOAPSCIENCE #SOAPRESPECTOURCHILDREN ................. #SOAPSINKMOSQUITODOWNFIRSTLY ................. #SOAPSPIRACLEARTHROPODS TOGETHER TOGETHER TOGETHER TOGETHER TOGETHER #eliminatemalaria CALM ALL DEMON ARTHROPODS DOWN YOUR OFFICE HAND SOAP STOP THEM TOGETHER #SOAPSCIENCE WHOLE WORLD T O G E T H E R 2 TABLESPOONS + 500 ML. WATER OK SOAPY SPRAY RESTING MOSQUITOES TO SINK DOWN FIRSTLY BEFORE DRAIN OR LARVICIDE TREATING #SOAPSINKMOSQUITODOWNFIRSTLY #SOAPTHAILANDOKWHOLEWORLD1998 ALL DIPTERANS #SOAPSCIENCEDMSCTHAILAND #USEYOURSOAPSTOPSUCKER #WEWANTSOMETHINGJUSTLIKESUPERSOAP #FIGHTTHEBITE S O A P ..... D E L E T E ..... A L L #MOSQUITO ( 17 ) #DENGUE #MALARIA #ZIKA #FILARIA #FILARIOSE+#CHIK+ #YF #WESTNILEVIRUS #EEE #WEE #VEE #JEV #JCV #LACV #MVEV #MAYV #RVF #RRF #SLEV #MAYAROVIRUS #USUTUVIRUS ..... #SOAPSINKMOSQUITODOWNFIRSTLY #DEMONDIPTERAN ( 7 ) #SLEEPINGSICKNESS #RIVERBLINDNESS #LEISHMANIASIS #OROPOUCHE #CHANDIPURA #TRACHOMA #CHOLERA + #MANSONELLOSIS + ANIMAL Trypanosomiasis ( Surra , Nagana , Dourine ) #CHAGAS #30JANJUSTSOAPOKWHOLEWORLD NTD (TRACHOMA FILARIA) #14APRJUSTSOAPOKWHOLEWORLD CHAGAS #25APRJUSTSOAPOKWHOLEWORLD MALARIA #01JUNEJUSTSOAPOKWHOLEWORLD LEISHMANIASIS #15JUNEJUSTSOAPOKWHOLEWORLD DENGUE , S E A #20AUGJUSTSOAPOKWHOLEWORLD1897 MOSQUITO",Kasin Suphapathom,2026-09-01,keyword:dengue
2005020090279004,https://www.facebook.com/photo?fbid=2005020090279004&set=a.1168843363896685,,2026-08-27,Virus,Olbana Wakwaya,2026-09-01,keyword:dengue
2005020090279004,https://www.facebook.com/photo?fbid=2005020090279004&set=a.1168843363896685,,2026-08-28,"The Protection Officer UNHCR Sub-Office Cox's Bazar, Bangladesh Subject: Urgent Request for Relocation to a Safe Zone Due to Repeated Kidnapping and Ongoing Threats to My Life. Dear Respected Sir, With due respect, I am writing this letter in a state of extreme fear for my life and the safety of my family. I humbly request your urgent protection and assistance. My name is Omar Faisal, son of Dalu Hossain, and I am a resident of Block C-7, Camp-19, Thaing Khali, Ukhiya, Cox's Bazar, Bangladesh. Sir, I am no longer able to live safely in this camp because I have repeatedly become the victim of kidnapping, physical assault, extortion, and continuous death threats. The first kidnapping took place in 2023. While I was returning to my shelter from Thaing Khali Bazar, an unknown armed group stopped me in the middle of the road. They were wearing masks to hide their identities. They forcibly abducted me, took me to an unknown location, and brutally assaulted me without mercy. They repeatedly beat and tortured me while demanding 500,000 Taka for my release. My family and relatives desperately tried to save my life, but they could only collect 300,000 Taka, which they transferred through mobile banking to the kidnappers. After receiving the money, the kidnappers abandoned me near the hillside of Camp-20. At that time, I was so seriously injured from the severe beating that I could barely walk. I slowly made my way back to my shelter on foot while suffering from intense pain and fear. Unfortunately, the attacks did not stop. In June 2026, the same type of unknown criminal group kidnapped me again. This time, they initially demanded more than 600,000 Taka for my release. My family pleaded with them, explaining that we had no money left and could not pay such a large amount. They even told the kidnappers that they simply had nothing left to give. The kidnappers later reduced their demand to 500,000 Taka, but my family still could not arrange that amount. After continued negotiations, they finally agreed to accept 255,000 Taka. To save my life, my wife was forced to sell all of her dowry belongings, and she managed to collect 250,000 Taka. In addition to the cash, the kidnappers also took my Vivo V70 mobile phone, valued at approximately 75,000 Taka. During my captivity, they again beat me mercilessly, threatened to kill me, and took away everything I owned. Because of these repeated attacks, my family has lost nearly all of our property and savings, and my wife's dowry has also been completely lost. Even after these incidents, the threats have not stopped. I continue to receive phone calls from unknown numbers demanding more money. I have no income and nothing left to give. My family is struggling even to buy food and meet our basic daily needs. In addition, unknown people come to my shelter at night and threaten me directly. I live in constant fear. I cannot sleep peacefully, and I am afraid to leave my shelter because I believe my life is in immediate danger. Sir, my children are growing up, and like every parent, I dream of giving them an education and a better future. However, because of these continuous threats, they cannot live peacefully or concentrate on their studies. I fear that if we remain here, my children may also become victims of kidnapping or violence. Every day, I worry that I may be killed and that my family will be left without protection. I respectfully and urgently request UNHCR to provide me and my family with protection by relocating us to a safe zone where we can live without fear. A secure environment would allow my children to continue their education and would give my family an opportunity to rebuild our lives in safety and dignity. I have attached copies of my family documents and am ready to provide any additional information or supporting evidence that may be required. I sincerely hope you will consider my request on humanitarian grounds and take immediate action to protect my family. Your assistance could save our lives and give my children the opportunity to grow up in safety and hope. Thank you very much for your time, understanding, and compassionate consideration. Yours faithfully, Omar Faisal Son of Dalu Hossain Block C-7, Camp-19, Thaing Khali Ukhiya, Cox's Bazar, Bangladesh Contact: 01028990213",Malik Shahan,2026-09-01,keyword:dengue
2005020090279004,https://www.facebook.com/photo?fbid=2005020090279004&set=a.1168843363896685,,2026-08-26,"फर्जीवायरस फर्जी खबरें और फर्जी महामारी, फर्जी प्रोपगंडा नहीं चलेगा #वैक्सीन_नहीं_बीमारी_है #New_World_Order #Agenda2030 #Vaccine_Bio_Vapon #Vaccine_Bio_Terrorism #mRNA_Vaccine_Destroy_DNA #Chemtrails #Chemical_Cloud_Seeding #HAARP #Project_Blue_Beem #No_Digital_ID #No_Family_ID #No_APAAR_ID #Ban_4+1g #Ban_GMO",Ajay Kumar Lodhi,2026-09-01,keyword:dengue
2005020090279004,https://www.facebook.com/photo?fbid=2005020090279004&set=a.1168843363896685,,2026-08-26,"Stop frightening the public unnecessarily, and understand that people can be healthy and still be dead in a twinkle of one eye. I believe that the pharmaceutical industry is bigger than trillions of dollars, and not a charity organization, stop frightening the people to patronize lucrative multinational corporations. People can be in good health, die in a twinkle of just one eye and go to hell. Therefore, love God with all of your might, body and soul and you will get in return, what the world cannot take away !!.",Erhinyodavwe Joseph,2026-09-01,keyword:dengue
2005020090279004,https://www.facebook.com/photo?fbid=2005020090279004&set=a.1168843363896685,,2026-08-26,God sohag.cancer and abdomin baby not joint free service.eye aids and adnormal free service.dm and other my send money 008801918175463,Marj Aguirre,2026-09-01,keyword:dengue
2130568437811823,https://www.facebook.com/photo?fbid=2130568437811823&set=a.1963061247895877,@Berlangganan Nining Nening Vlog,2026-08-25,"Assalamualaikum sahabat Bestie ku,ayo kita saling berlangganan saling shere 
 like 
 comen
 https://www.facebook.com/gama.lolly/subscribenow...",Nining Nening Vlog,2026-09-01,keyword:demam berdarah
2130568437811823,https://www.facebook.com/photo?fbid=2130568437811823&set=a.1963061247895877,@Berlangganan Nining Nening Vlog,2026-08-25,Semoga lekas sembuh,Mba Pmihk Vlog,2026-09-01,keyword:demam berdarah
2130568437811823,https://www.facebook.com/photo?fbid=2130568437811823&set=a.1963061247895877,@Berlangganan Nining Nening Vlog,2026-08-25,Mba Pmihk Vlog makasih Besti do'a terbaiknya,Nining Nening Vlog,2026-09-01,keyword:demam berdarah
2130568437811823,https://www.facebook.com/photo?fbid=2130568437811823&set=a.1963061247895877,@Berlangganan Nining Nening Vlog,2026-08-25,"Allahumma rabban-nas, adzhibil-ba'sa, isyfi anta asy-syafi...",Iwan Falsparttwo,2026-09-01,keyword:demam berdarah
2130568437811823,https://www.facebook.com/photo?fbid=2130568437811823&set=a.1963061247895877,@Berlangganan Nining Nening Vlog,2026-08-25,Semoga anak gadisnya lekas sembuh ya besty sayang,Masirah Andrea Syam,2026-09-01,keyword:demam berdarah
2130568437811823,https://www.facebook.com/photo?fbid=2130568437811823&set=a.1963061247895877,@Berlangganan Nining Nening Vlog,2026-08-25,Masirah Andrea Syam makasih banyak udah mendoakan,Nining Nening Vlog,2026-09-01,keyword:demam berdarah
2130568437811823,https://www.facebook.com/photo?fbid=2130568437811823&set=a.1963061247895877,@Berlangganan Nining Nening Vlog,2026-08-25,Ya Allah syafakillah ya lekas sehat,Sn Alysha,2026-09-01,keyword:demam berdarah
2130568437811823,https://www.facebook.com/photo?fbid=2130568437811823&set=a.1963061247895877,@Berlangganan Nining Nening Vlog,2026-08-25,Sn Alysha amiin do'anya,Nining Nening Vlog,2026-09-01,keyword:demam berdarah
2130568437811823,https://www.facebook.com/photo?fbid=2130568437811823&set=a.1963061247895877,@Berlangganan Nining Nening Vlog,2026-08-25,wa'alaikum slm.. smg cpt sembuh nggeh.. sbr nggeh..,Loppon Jkw Kenongo,2026-09-01,keyword:demam berdarah
2130568437811823,https://www.facebook.com/photo?fbid=2130568437811823&set=a.1963061247895877,@Berlangganan Nining Nening Vlog,2026-08-25,Loppon Jkw Kenongo amiin makasih,Nining Nening Vlog,2026-09-01,keyword:demam berdarah
2130568437811823,https://www.facebook.com/photo?fbid=2130568437811823&set=a.1963061247895877,@Berlangganan Nining Nening Vlog,2026-08-25,Semoga lekas membaik ya.. Sehat sehat selalu,Ika Nurjanah,2026-09-01,keyword:demam berdarah
2130568437811823,https://www.facebook.com/photo?fbid=2130568437811823&set=a.1963061247895877,@Berlangganan Nining Nening Vlog,2026-08-25,Ika Nurjanah amiin ya Allah do'anya makasih Besti,Nining Nening Vlog,2026-09-01,keyword:demam berdarah
2130568437811823,https://www.facebook.com/photo?fbid=2130568437811823&set=a.1963061247895877,@Berlangganan Nining Nening Vlog,2026-08-25,"Syafakillah yaa beb, buat anaknya",Amto Ririn,2026-09-01,keyword:demam berdarah
2130568437811823,https://www.facebook.com/photo?fbid=2130568437811823&set=a.1963061247895877,@Berlangganan Nining Nening Vlog,2026-08-25,Amto Ririn makasih besti,Nining Nening Vlog,2026-09-01,keyword:demam berdarah
2130568437811823,https://www.facebook.com/photo?fbid=2130568437811823&set=a.1963061247895877,@Berlangganan Nining Nening Vlog,2026-08-25,semoga cepat sembuhnya putrinya bu nining,Siti Asiyah,2026-09-01,keyword:demam berdarah
2130568437811823,https://www.facebook.com/photo?fbid=2130568437811823&set=a.1963061247895877,@Berlangganan Nining Nening Vlog,2026-08-25,Siti Asiyah Alhamdulillah do'anya besti ku,Nining Nening Vlog,2026-09-01,keyword:demam berdarah
2130568437811823,https://www.facebook.com/photo?fbid=2130568437811823&set=a.1963061247895877,@Berlangganan Nining Nening Vlog,2026-08-25,"Anak wedok say,, smg lekas sehat",Bunda Faris,2026-09-01,keyword:demam berdarah
2130568437811823,https://www.facebook.com/photo?fbid=2130568437811823&set=a.1963061247895877,@Berlangganan Nining Nening Vlog,2026-08-25,Bunda Faris Iyo besti.. Amiin makasih do'a nya,Nining Nening Vlog,2026-09-01,keyword:demam berdarah
27386350271035584,https://www.facebook.com/photo?fbid=27386350271035584&set=a.334895686607742,,2026-07-28,Gek ndang diparingi sehat wal afiat aamiin,Earlyltf,2026-09-01,keyword:demam berdarah
27386350271035584,https://www.facebook.com/photo?fbid=27386350271035584&set=a.334895686607742,,2026-07-28,Mugo ndang pulih MB,Siti Maira,2026-09-01,keyword:demam berdarah
27386350271035584,https://www.facebook.com/photo?fbid=27386350271035584&set=a.334895686607742,,2026-07-28,"Aamiin mbak, iki wes mulai balek kok mbak",Widia As,2026-09-01,keyword:demam berdarah
27386350271035584,https://www.facebook.com/photo?fbid=27386350271035584&set=a.334895686607742,,2026-07-28,Smga cpat shat ndok Biar bisa beraktivitas sprti biasa nya,Murny Tasari,2026-09-01,keyword:demam berdarah
27386350271035584,https://www.facebook.com/photo?fbid=27386350271035584&set=a.334895686607742,,2026-07-28,Aamiin mbak,Widia As,2026-09-01,keyword:demam berdarah
27386350271035584,https://www.facebook.com/photo?fbid=27386350271035584&set=a.334895686607742,,2026-07-28,SMG lekas sehat mbk As.,Tutikwarjiasih,2026-09-01,keyword:demam berdarah
27386350271035584,https://www.facebook.com/photo?fbid=27386350271035584&set=a.334895686607742,,2026-07-28,Aamiin,Widia As,2026-09-01,keyword:demam berdarah
27386350271035584,https://www.facebook.com/photo?fbid=27386350271035584&set=a.334895686607742,,2026-07-28,Semoga lekas sehat mbak Aas,Supri Ana,2026-09-01,keyword:demam berdarah
27386350271035584,https://www.facebook.com/photo?fbid=27386350271035584&set=a.334895686607742,,2026-07-28,"Aamiin mbak, iki wes nang omahe mamak tin kok",Widia As,2026-09-01,keyword:demam berdarah
27386350271035584,https://www.facebook.com/photo?fbid=27386350271035584&set=a.334895686607742,,,Widia As Lho wes balek..Alhamdulillah,,2026-09-01,keyword:demam berdarah
27386350271035584,https://www.facebook.com/photo?fbid=27386350271035584&set=a.334895686607742,,2026-07-28,"Ya Allah, semoga cepat sehat kembali mba",Dyna Oktavyana,2026-09-01,keyword:demam berdarah
27386350271035584,https://www.facebook.com/photo?fbid=27386350271035584&set=a.334895686607742,,2026-07-28,"Aaamiin mbak din, terima kasih",Widia As,2026-09-01,keyword:demam berdarah
27386350271035584,https://www.facebook.com/photo?fbid=27386350271035584&set=a.334895686607742,,2026-07-28,Lekas sehat bunda adam,Tika Yaya,2026-09-01,keyword:demam berdarah
27386350271035584,https://www.facebook.com/photo?fbid=27386350271035584&set=a.334895686607742,,2026-07-28,"Aamiin mbak, suwon ya",Widia As,2026-09-01,keyword:demam berdarah
27386350271035584,https://www.facebook.com/photo?fbid=27386350271035584&set=a.334895686607742,,2026-07-28,Ndang sehat buk,Wiwin Wiwincahyani,2026-09-01,keyword:demam berdarah
27386350271035584,https://www.facebook.com/photo?fbid=27386350271035584&set=a.334895686607742,,2026-07-28,Cepet sehat mbak,Ida Farida,2026-09-01,keyword:demam berdarah
27386350271035584,https://www.facebook.com/photo?fbid=27386350271035584&set=a.334895686607742,,2026-07-28,Aamiin da,Widia As,2026-09-01,keyword:demam berdarah
27386350271035584,https://www.facebook.com/photo?fbid=27386350271035584&set=a.334895686607742,,2026-07-28,Semoga cpt sembuh nduk,Sunarti,2026-09-01,keyword:demam berdarah
27386350271035584,https://www.facebook.com/photo?fbid=27386350271035584&set=a.334895686607742,,2026-07-28,"Aamiin lek, suwon ya",Widia As,2026-09-01,keyword:demam berdarah
27386350271035584,https://www.facebook.com/photo?fbid=27386350271035584&set=a.334895686607742,,2026-07-28,Ndang balik nduk,Tri Sundari,2026-09-01,keyword:demam berdarah
27386350271035584,https://www.facebook.com/photo?fbid=27386350271035584&set=a.334895686607742,,2026-07-28,"Iya mbak, iki kami wes nang ndalan arek balek mbak",Widia As,2026-09-01,keyword:demam berdarah
27386350271035584,https://www.facebook.com/photo?fbid=27386350271035584&set=a.334895686607742,,2026-07-28,"Lekas sehat mbak, selamat tekan rumah",Fredy Budi Santoso,2026-09-01,keyword:demam berdarah
4050478748434727,https://www.facebook.com/photo?fbid=4050478748434727&set=a.252052984944008,,2026-08-04,Memang berbahaya Rifda kemarin trombosit ny turun Sampek 58000...mukjizat x mmg dpt sembuh.pokok ny kalau ank demam 2 hari panas ny g hilang dan naik turun cus lah k dokter g ush pala obat2 lain cek langsung,Putri Putri,2026-09-01,keyword:demam berdarah
4050478748434727,https://www.facebook.com/photo?fbid=4050478748434727&set=a.252052984944008,,2026-08-04,"Putri Putri iya kak e, pelajaran kali utk awak ini",Siti Kartika,2026-09-01,keyword:demam berdarah
4050478748434727,https://www.facebook.com/photo?fbid=4050478748434727&set=a.252052984944008,,2026-08-04,Iya musim loh kk... Aku aja kemarin uda kenak...tapi masih gejala dbd...blom parah x Aku,Nur Hasni S,2026-09-01,keyword:demam berdarah
4050478748434727,https://www.facebook.com/photo?fbid=4050478748434727&set=a.252052984944008,,2026-08-04,Nur Hasni S ya ampun kak Bahaya kali yaaa,Siti Kartika,2026-09-01,keyword:demam berdarah
4050478748434727,https://www.facebook.com/photo?fbid=4050478748434727&set=a.252052984944008,,2026-08-04,"Iya kan mbak lagi musim ini katanya,anak ku aja demam panas turun takut kali memang",Siska Sary,2026-09-01,keyword:demam berdarah
4050478748434727,https://www.facebook.com/photo?fbid=4050478748434727&set=a.252052984944008,,2026-08-04,"Siska Sary hati hati mbak, kalau demam gak turun2 segera periksaa",Siti Kartika,2026-09-01,keyword:demam berdarah
4050478748434727,https://www.facebook.com/photo?fbid=4050478748434727&set=a.252052984944008,,2026-08-04,Tetangga ku tu kak,Munarthyk Ajha,2026-09-01,keyword:demam berdarah
4050478748434727,https://www.facebook.com/photo?fbid=4050478748434727&set=a.252052984944008,,2026-08-04,Munarthyk Ajha ya ampun Semoga kita sehat sehat ya kak,Siti Kartika,2026-09-01,keyword:demam berdarah
4050478748434727,https://www.facebook.com/photo?fbid=4050478748434727&set=a.252052984944008,,,"Siti Kartika amin ya Allah,sehat selalu kk ya.. Kasian anaknya kak msik kecil umur 10 bln",,2026-09-01,keyword:demam berdarah
4050478748434727,https://www.facebook.com/photo?fbid=4050478748434727&set=a.252052984944008,,2026-08-04,Amin yaallah,Nurli Ummiati,2026-09-01,keyword:demam berdarah
4050478748434727,https://www.facebook.com/photo?fbid=4050478748434727&set=a.252052984944008,,2026-08-04,Spele tapi mematikan ya kak,Windiawati,2026-09-01,keyword:demam berdarah
4050478748434727,https://www.facebook.com/photo?fbid=4050478748434727&set=a.252052984944008,,2026-08-04,"Windiawati iya win, takut jadinyaaa",Siti Kartika,2026-09-01,keyword:demam berdarah
4050478748434727,https://www.facebook.com/photo?fbid=4050478748434727&set=a.252052984944008,,2026-08-04,"Aku troma x udah kak, cukup2 lah, lakikku yg kenak pikiran awak udah aneh2",Windiawati,2026-09-01,keyword:demam berdarah
4050478748434727,https://www.facebook.com/photo?fbid=4050478748434727&set=a.252052984944008,,,Windiawati iyaa mana kami asal lewat kok blm pulang lah gitu ajaaa,,2026-09-01,keyword:demam berdarah
4050478748434727,https://www.facebook.com/photo?fbid=4050478748434727&set=a.252052984944008,,2026-08-04,"Iya kak, seminggu jugak dia",Windiawati,2026-09-01,keyword:demam berdarah
3067946636879229,https://www.facebook.com/photo?fbid=3067946496879243&set=pcb.3067946636879229,,2026-05-26,"𝒮𝓊𝓅𝑒𝓇 𝒷𝒶𝑔𝓊𝓈 
𝗖𝗨𝗣𝗨𝗧𝗢𝗧𝗢",Luka Umaru,2026-09-01,keyword:demam berdarah
3067946636879229,https://www.facebook.com/photo?fbid=3067946496879243&set=pcb.3067946636879229,,2026-05-26,"𝑺𝒖𝒑𝒆𝒓 𝑩𝒂𝒈𝒖𝒔
 𝗖𝗨𝗣𝗨𝗧𝗢𝗧𝗢",Astridah Mumba,2026-09-01,keyword:demam berdarah
3067946636879229,https://www.facebook.com/photo?fbid=3067946496879243&set=pcb.3067946636879229,,2026-05-26,"𝑺𝒖𝒑𝒆𝒓 𝑩𝒂𝒈𝒖𝒔
𝙎𝙐𝙈𝘽𝙐𝙏𝙊𝙂𝙀𝙇",Valter Teo,2026-09-01,keyword:demam berdarah
3067946636879229,https://www.facebook.com/photo?fbid=3067946496879243&set=pcb.3067946636879229,,2026-05-26,"𝑺𝒖𝒑𝒆𝒓 𝑩𝒂𝒈𝒖𝒔 
𝗖𝗨𝗣𝗨𝗧𝗢𝗧𝗢",Fei Yu Ching,2026-09-01,keyword:demam berdarah
3067946636879229,https://www.facebook.com/photo?fbid=3067946496879243&set=pcb.3067946636879229,,2026-05-26,"𝒮𝓊𝓅𝑒𝓇 𝒷𝒶𝑔𝓊𝓈 
𝙎𝙐𝙈𝘽𝙐𝙏𝙊𝙂𝙀𝙇",Qari Safi,2026-09-01,keyword:demam berdarah
3067946636879229,https://www.facebook.com/photo?fbid=3067946496879243&set=pcb.3067946636879229,,2026-05-26,"𝑺𝒖𝒑𝒆𝒓 𝑩𝒂𝒈𝒖𝒔 
𝙎𝙐𝙈𝘽𝙐𝙏𝙊𝙂𝙀𝙇",Dá Laura,2026-09-01,keyword:demam berdarah
3067946636879229,https://www.facebook.com/photo?fbid=3067946496879243&set=pcb.3067946636879229,,2026-05-26,"𝒮𝓊𝓅𝑒𝓇 𝒷𝒶𝑔𝓊𝓈 
𝙎𝙐𝙈𝘽𝙐𝙏𝙊𝙂𝙀𝙇",Eagle Nohjson,2026-09-01,keyword:demam berdarah
3067946636879229,https://www.facebook.com/photo?fbid=3067946496879243&set=pcb.3067946636879229,,2026-05-26,"𝑺𝒖𝒑𝒆𝒓 𝑩𝒂𝒈𝒖𝒔 
𝗖𝗨𝗣𝗨𝗧𝗢𝗧𝗢",S Jimmy Justin Sheakumon,2026-09-01,keyword:demam berdarah
3067946636879229,https://www.facebook.com/photo?fbid=3067946496879243&set=pcb.3067946636879229,,2026-05-26,"𝑺𝒖𝒑𝒆𝒓 𝑩𝒂𝒈𝒖𝒔
𝗖𝗨𝗣𝗨𝗧𝗢𝗧𝗢",Ricky Realda Brondo,2026-09-01,keyword:demam berdarah
3067946636879229,https://www.facebook.com/photo?fbid=3067946496879243&set=pcb.3067946636879229,,2026-05-26,"𝑺𝒖𝒑𝒆𝒓 𝑩𝒂𝒈𝒖𝒔 
𝗖𝗨𝗣𝗨𝗧𝗢𝗧𝗢",Ronnie Panes,2026-09-01,keyword:demam berdarah
3067946636879229,https://www.facebook.com/photo?fbid=3067946496879243&set=pcb.3067946636879229,,2026-07-14,Smg cepat sembuh cung,Mardiyah Bae,2026-09-01,keyword:demam berdarah
3067946636879229,https://www.facebook.com/photo?fbid=3067946496879243&set=pcb.3067946636879229,,2026-07-14,"Kasih minum banyak² yu , Fajri dulu cak itu lah",Uli Hayati,2026-09-01,keyword:demam berdarah
3067946636879229,https://www.facebook.com/photo?fbid=3067946496879243&set=pcb.3067946636879229,,2026-07-14,Ya Allah berilah kesehatan keselamatan pada zuriat hamba .,Ujang M Soleh,2026-09-01,keyword:demam berdarah
3067946636879229,https://www.facebook.com/photo?fbid=3067946496879243&set=pcb.3067946636879229,,2026-07-14,Cepat sembuh ponakan mangcik!!!,Faisal,2026-09-01,keyword:demam berdarah
27557340547293395,https://www.facebook.com/photo?fbid=27557340547293395&set=a.26263746316652831,,2026-07-28,"Oke, terimakasih",Febby ER,2026-09-01,keyword:demam berdarah
27557340547293395,https://www.facebook.com/photo?fbid=27557340547293395&set=a.26263746316652831,,2026-07-28,Selamat sore ya bang,Rk Galung,2026-09-01,keyword:demam berdarah
27557340547293395,https://www.facebook.com/photo?fbid=27557340547293395&set=a.26263746316652831,,2026-07-28,Rk Galung selamat sore juga kak,Sulaiman Hendrip,2026-09-01,keyword:demam berdarah
27557340547293395,https://www.facebook.com/photo?fbid=27557340547293395&set=a.26263746316652831,,2026-07-28,Iya kak tadi pagi di sini ada yg meninggal Karan a kurang trambosit,Kusuma Dewi,2026-09-01,keyword:demam berdarah
27557340547293395,https://www.facebook.com/photo?fbid=27557340547293395&set=a.26263746316652831,,2026-07-28,Kusuma Dewi innalillahi wa inna ilaihi raji'un.. Semoga keluarga yang di tinggal kan diberikan ketabahan dan kesabaran.. Aamiin.. Sakit apa kak?,Sulaiman Hendrip,2026-09-01,keyword:demam berdarah
27557340547293395,https://www.facebook.com/photo?fbid=27557340547293395&set=a.26263746316652831,,2026-07-28,Daun ubi yng warna ungu,Imay Imay,2026-09-01,keyword:demam berdarah
27557340547293395,https://www.facebook.com/photo?fbid=27557340547293395&set=a.26263746316652831,,2026-07-28,Imay Imay iya kak,Sulaiman Hendrip,2026-09-01,keyword:demam berdarah
27557340547293395,https://www.facebook.com/photo?fbid=27557340547293395&set=a.26263746316652831,,2026-07-28,Izin share bang,Dewanto,2026-09-01,keyword:demam berdarah
27557340547293395,https://www.facebook.com/photo?fbid=27557340547293395&set=a.26263746316652831,,2026-07-28,Dewanto silahkan kak.. Semoga bermanfaat,Sulaiman Hendrip,2026-09-01,keyword:demam berdarah
27557340547293395,https://www.facebook.com/photo?fbid=27557340547293395&set=a.26263746316652831,,2026-07-28,Menaikkan HB,Sari Yudariasih,2026-09-01,keyword:demam berdarah
3485820628255690,https://www.facebook.com/photo?fbid=3485820628255690&set=a.977727085731736,"@Jual Vitamin D3 + K2 (10000) + Calcium + Magnesium + Zinc, dukung kesehatan tulang & gigi, 60 kapsul | Shopee Indonesia",2026-07-28,Cocok untuk meningkatkan imun tubuh https://s.shopee.co.id/AKZKspXeMz,Rhiea Margareth Amoore,2026-09-01,keyword:demam berdarah
3485820628255690,https://www.facebook.com/photo?fbid=3485820628255690&set=a.977727085731736,"@Jual Vitamin D3 + K2 (10000) + Calcium + Magnesium + Zinc, dukung kesehatan tulang & gigi, 60 kapsul | Shopee Indonesia",2026-08-04,Rhiea Margareth Amoore buk ini untuk dewasa buk,Arfani Irfani,2026-09-01,keyword:demam berdarah
3485820628255690,https://www.facebook.com/photo?fbid=3485820628255690&set=a.977727085731736,"@Jual Vitamin D3 + K2 (10000) + Calcium + Magnesium + Zinc, dukung kesehatan tulang & gigi, 60 kapsul | Shopee Indonesia",,Arfani Irfani dari usia remaja sampai dewasa kak,,2026-09-01,keyword:demam berdarah
3485820628255690,https://www.facebook.com/photo?fbid=3485820628255690&set=a.977727085731736,"@Jual Vitamin D3 + K2 (10000) + Calcium + Magnesium + Zinc, dukung kesehatan tulang & gigi, 60 kapsul | Shopee Indonesia",,Rhiea Margareth Amoore fani bisa lah ini buk,,2026-09-01,keyword:demam berdarah
3485820628255690,https://www.facebook.com/photo?fbid=3485820628255690&set=a.977727085731736,"@Jual Vitamin D3 + K2 (10000) + Calcium + Magnesium + Zinc, dukung kesehatan tulang & gigi, 60 kapsul | Shopee Indonesia",,Arfani Irfani bisa kak,,2026-09-01,keyword:demam berdarah
3485820628255690,https://www.facebook.com/photo?fbid=3485820628255690&set=a.977727085731736,"@Jual Vitamin D3 + K2 (10000) + Calcium + Magnesium + Zinc, dukung kesehatan tulang & gigi, 60 kapsul | Shopee Indonesia",,Rhiea Margareth Amoore makasih buk,,2026-09-01,keyword:demam berdarah
3485820628255690,https://www.facebook.com/photo?fbid=3485820628255690&set=a.977727085731736,"@Jual Vitamin D3 + K2 (10000) + Calcium + Magnesium + Zinc, dukung kesehatan tulang & gigi, 60 kapsul | Shopee Indonesia",,Arfani Irfani sama2 kak,,2026-09-01,keyword:demam berdarah
3485820628255690,https://www.facebook.com/photo?fbid=3485820628255690&set=a.977727085731736,"@Jual Vitamin D3 + K2 (10000) + Calcium + Magnesium + Zinc, dukung kesehatan tulang & gigi, 60 kapsul | Shopee Indonesia",2026-06-30,"Ttp jaga kebersihan kan dak ,.",Martha Purba,2026-09-01,keyword:demam berdarah
3485820628255690,https://www.facebook.com/photo?fbid=3485820628255690&set=a.977727085731736,"@Jual Vitamin D3 + K2 (10000) + Calcium + Magnesium + Zinc, dukung kesehatan tulang & gigi, 60 kapsul | Shopee Indonesia",2026-06-30,Martha Purba ia da,Rhiea Margareth Amoore,2026-09-01,keyword:demam berdarah
3485820628255690,https://www.facebook.com/photo?fbid=3485820628255690&set=a.977727085731736,"@Jual Vitamin D3 + K2 (10000) + Calcium + Magnesium + Zinc, dukung kesehatan tulang & gigi, 60 kapsul | Shopee Indonesia",2026-07-28,Kak di penggantungan ya kak?,Oktaa Ynsyah Manurung,2026-09-01,keyword:demam berdarah
3485820628255690,https://www.facebook.com/photo?fbid=3485820628255690&set=a.977727085731736,"@Jual Vitamin D3 + K2 (10000) + Calcium + Magnesium + Zinc, dukung kesehatan tulang & gigi, 60 kapsul | Shopee Indonesia",2026-07-28,Oktaa Ynsyah Manurung maksudnya kak,Rhiea Margareth Amoore,2026-09-01,keyword:demam berdarah
4433976680252656,https://www.facebook.com/photo?fbid=4433976680252656&set=gm.2480310979157558,@Notifikasi,2026-08-27,Mksih infonya,Asra Tambunan,2026-09-01,keyword:demam berdarah
4433976680252656,https://www.facebook.com/photo?fbid=4433976680252656&set=gm.2480310979157558,@Notifikasi,2026-08-27,Asra Tambunan sama2,Andriani Ani,2026-09-01,keyword:demam berdarah
3366902886807019,https://www.facebook.com/photo?fbid=3366902686807039&set=pcb.3366902886807019,,2026-04-28,D RS mana kk dirawat nya si adek itu,Dominika Gita Simarmata,2026-09-01,keyword:demam berdarah
3366902886807019,https://www.facebook.com/photo?fbid=3366902686807039&set=pcb.3366902886807019,,2026-05-05,Dominika Gita Simarmata RS Adhyaksa dek,Sonya Mendrofa,2026-09-01,keyword:demam berdarah
3366902886807019,https://www.facebook.com/photo?fbid=3366902686807039&set=pcb.3366902886807019,,2026-05-05,Sonya Mendrofa dmna itu kk,Dominika Gita Simarmata,2026-09-01,keyword:demam berdarah
3366902886807019,https://www.facebook.com/photo?fbid=3366902686807039&set=pcb.3366902886807019,,,"Dominika Gita Simarmata Ceger Jakarta Timur de, Deket taman mini",,2026-09-01,keyword:demam berdarah
3366902886807019,https://www.facebook.com/photo?fbid=3366902686807039&set=pcb.3366902886807019,,2026-04-28,Cepat sembuh ya boru,Lorena Ilma Dewiva Pasaribu,2026-09-01,keyword:demam berdarah
3366902886807019,https://www.facebook.com/photo?fbid=3366902686807039&set=pcb.3366902886807019,,2026-05-05,"Lorena Ilma Dewiva Pasaribu amin amin, makasih bou",Sonya Mendrofa,2026-09-01,keyword:demam berdarah
3366902886807019,https://www.facebook.com/photo?fbid=3366902686807039&set=pcb.3366902886807019,,2026-04-28,Cepat sembuh ya cantik,Vefiana Hutagalung,2026-09-01,keyword:demam berdarah
3366902886807019,https://www.facebook.com/photo?fbid=3366902686807039&set=pcb.3366902886807019,,2026-04-28,Vefiana Hutagalung mauliate KA mak tobi,Sonya Mendrofa,2026-09-01,keyword:demam berdarah
3366902886807019,https://www.facebook.com/photo?fbid=3366902686807039&set=pcb.3366902886807019,,2026-04-28,CPT sembuh y boru,Idania Mendrofa,2026-09-01,keyword:demam berdarah
3366902886807019,https://www.facebook.com/photo?fbid=3366902686807039&set=pcb.3366902886807019,,,Idania Mendrofa amin makasih,,2026-09-01,keyword:demam berdarah
3366902886807019,https://www.facebook.com/photo?fbid=3366902686807039&set=pcb.3366902886807019,,2026-05-05,Musim mmg dek,Amel Laoli,2026-09-01,keyword:demam berdarah
3366902886807019,https://www.facebook.com/photo?fbid=3366902686807039&set=pcb.3366902886807019,,2026-05-05,"Amel Laoli olo KA, dang na menek dang na balga sarupa kan ka",Sonya Mendrofa,2026-09-01,keyword:demam berdarah
3366902886807019,https://www.facebook.com/photo?fbid=3366902686807039&set=pcb.3366902886807019,,,Sonya Mendrofa ido,,2026-09-01,keyword:demam berdarah
3366902886807019,https://www.facebook.com/photo?fbid=3366902686807039&set=pcb.3366902886807019,,2026-04-28,CPT sembuh ya lawe,Itaria Lase Kembar,2026-09-01,keyword:demam berdarah
3366902886807019,https://www.facebook.com/photo?fbid=3366902686807039&set=pcb.3366902886807019,,2026-04-28,Itaria Lase Hutagalung makasih lawe,Sonya Mendrofa,2026-09-01,keyword:demam berdarah
3366902886807019,https://www.facebook.com/photo?fbid=3366902686807039&set=pcb.3366902886807019,,2026-04-28,Cepat sembuh ya' oppung,Oppung Reva,2026-09-01,keyword:demam berdarah
3366902886807019,https://www.facebook.com/photo?fbid=3366902686807039&set=pcb.3366902886807019,,2026-05-05,"Oppung Reva amin, mauliate oppung",Sonya Mendrofa,2026-09-01,keyword:demam berdarah
3366902886807019,https://www.facebook.com/photo?fbid=3366902686807039&set=pcb.3366902886807019,,2026-04-28,Cpt smbh y ua k,Mawar Mendrofa,2026-09-01,keyword:demam berdarah
3366902886807019,https://www.facebook.com/photo?fbid=3366902686807039&set=pcb.3366902886807019,,2026-05-05,Mawar Mendrofa amin makasih wakk,Sonya Mendrofa,2026-09-01,keyword:demam berdarah
3366902886807019,https://www.facebook.com/photo?fbid=3366902686807039&set=pcb.3366902886807019,,2026-05-05,Semoga cepat sehat boru cantik...,Merli Manullang,2026-09-01,keyword:demam berdarah
3366902886807019,https://www.facebook.com/photo?fbid=3366902686807039&set=pcb.3366902886807019,,2026-05-05,Merli Manullang amin amin Mauliate ka,Sonya Mendrofa,2026-09-01,keyword:demam berdarah
3366902886807019,https://www.facebook.com/photo?fbid=3366902686807039&set=pcb.3366902886807019,,2026-04-28,Cpat sembuh y nang..,Elinda Marbun,2026-09-01,keyword:demam berdarah
3366902886807019,https://www.facebook.com/photo?fbid=3366902686807039&set=pcb.3366902886807019,,2026-05-05,Elinda Marbun amin wakk,Sonya Mendrofa,2026-09-01,keyword:demam berdarah
28188008670803510,https://www.facebook.com/photo?fbid=28188008670803510&set=a.1141060719258338,@Berlangganan Abdullah Bustamin,2026-08-18,"yukk berlangganan eksklusif, raih manfaat untuk memotivasi diri dan orang lain disekitar 
 https://www.facebook.com/abdullah.bustamin/subscribenow...",Abdullah Bustamin,2026-09-01,keyword:demam berdarah
4973914266169019,https://www.facebook.com/photo?fbid=4973914266169019&set=gm.3275292072673571,,2026-08-28,Lekas sembuh dek,Gerak Bareng,2026-09-01,keyword:demam berdarah
4973914266169019,https://www.facebook.com/photo?fbid=4973914266169019&set=gm.3275292072673571,,2026-08-28,Mungkin diolesi minyak zaitun bun. Saya waktu itu blm bisa beli lip balm. Yg ada di rumah minyak zaitun jadi saya kasih itu di bibir saya.,Gerak Bareng,2026-09-01,keyword:demam berdarah
4973914266169019,https://www.facebook.com/photo?fbid=4973914266169019&set=gm.3275292072673571,,2026-08-28,Gerak Bareng emng ngga PP pke minyak zaitun,Yunita Prasiska,2026-09-01,keyword:demam berdarah
4973914266169019,https://www.facebook.com/photo?fbid=4973914266169019&set=gm.3275292072673571,,2026-08-28,Semoga lekas sembuh aamiin yra,Farizy Ilyas,2026-09-01,keyword:demam berdarah
4973914266169019,https://www.facebook.com/photo?fbid=4973914266169019&set=gm.3275292072673571,,2026-08-28,Coba bu pake minyak sayur supaya ngk lengket,Edi Priyanto,2026-09-01,keyword:demam berdarah
4973914266169019,https://www.facebook.com/photo?fbid=4973914266169019&set=gm.3275292072673571,,2026-08-28,"Krg minum kli ya Bun, soal ny saya jg gitu KLO org mnum",Nenk Noey Nurhayati,2026-09-01,keyword:demam berdarah
4973914266169019,https://www.facebook.com/photo?fbid=4973914266169019&set=gm.3275292072673571,,2026-08-28,Nenk Noey Nurhayati minumnya kan lewat ngt bun,Yunita Prasiska,2026-09-01,keyword:demam berdarah
4973914266169019,https://www.facebook.com/photo?fbid=4973914266169019&set=gm.3275292072673571,,2026-08-28,"Yunita Prasiska Iya ych Bun,
 ga inget KLO pke ngt. Bbir nya ga kena air apa lgi pkai oksigen minum lewat mulut ajj kering Bun.",,2026-09-01,keyword:demam berdarah
4973914266169019,https://www.facebook.com/photo?fbid=4973914266169019&set=gm.3275292072673571,,2026-08-28,Semoga Cepettt sembuh ya dek,Feby Erlinda Erlinda,2026-09-01,keyword:demam berdarah
4973914266169019,https://www.facebook.com/photo?fbid=4973914266169019&set=gm.3275292072673571,,2026-08-28,Kenalog bun.. Resep DSA adek.. Bli di apotik bun Adek Ismail juga sering gitu bun..,Ummu Marwah,2026-09-01,keyword:demam berdarah
4973914266169019,https://www.facebook.com/photo?fbid=4973914266169019&set=gm.3275292072673571,,2026-08-28,Ummu Marwah berapa harga nya bun,Yunita Prasiska,2026-09-01,keyword:demam berdarah
4973914266169019,https://www.facebook.com/photo?fbid=4973914266169019&set=gm.3275292072673571,,2026-08-28,Yunita Prasiska berapa ya bun lupa ek.. Dlu adek d kasih RS tapi kyaknya 80rb bun,,2026-09-01,keyword:demam berdarah
4973914266169019,https://www.facebook.com/photo?fbid=4973914266169019&set=gm.3275292072673571,,2026-08-28,Ini buat obat apa bun,Yunita Prasiska,2026-09-01,keyword:demam berdarah
4973914266169019,https://www.facebook.com/photo?fbid=4973914266169019&set=gm.3275292072673571,,2026-08-28,Yunita Prasiska sariawan luka kaki pecah.. Intinya luka kulit akibat kering bun.. Fungsinya melembabkan & megenerasi kulit bun..,,2026-09-01,keyword:demam berdarah
4973914266169019,https://www.facebook.com/photo?fbid=4973914266169019&set=gm.3275292072673571,,2026-08-29,"oh iya bun nanya DSA nya dulu boleh atau tidak bun,Terima kasih bun informasi nya",Yunita Prasiska,2026-09-01,keyword:demam berdarah
4973914266169019,https://www.facebook.com/photo?fbid=4973914266169019&set=gm.3275292072673571,,2026-08-28,Semoga cepat sembuh ya nak,Anshori Shori,2026-09-01,keyword:demam berdarah
4973914266169019,https://www.facebook.com/photo?fbid=4973914266169019&set=gm.3275292072673571,,2026-08-29,Minum air putih gak bunda?,Prihastin Kusuma Hapsari,2026-09-01,keyword:demam berdarah
4973914266169019,https://www.facebook.com/photo?fbid=4973914266169019&set=gm.3275292072673571,,2026-08-29,Prihastin Kusuma Hapsari minum pake selang bun,Yunita Prasiska,2026-09-01,keyword:demam berdarah
4973914266169019,https://www.facebook.com/photo?fbid=4973914266169019&set=gm.3275292072673571,,2026-08-29,Yunita Prasiska Kasih oles2 bibirnya juga bund,,2026-09-01,keyword:demam berdarah
4973914266169019,https://www.facebook.com/photo?fbid=4973914266169019&set=gm.3275292072673571,,2026-08-29,"Iyah bun, ada salep nya juga bun trus pake madu",Yunita Prasiska,2026-09-01,keyword:demam berdarah
4973914266169019,https://www.facebook.com/photo?fbid=4973914266169019&set=gm.3275292072673571,,2026-08-29,Yunita Prasiska semoga lekas baik ya nak,,2026-09-01,keyword:demam berdarah
4973914266169019,https://www.facebook.com/photo?fbid=4973914266169019&set=gm.3275292072673571,,2026-08-29,Semoga allah memberikan kesehatan aamiin,Hardi Ansyah,2026-09-01,keyword:demam berdarah
4973914266169019,https://www.facebook.com/photo?fbid=4973914266169019&set=gm.3275292072673571,,2026-08-29,Cepat sembuh y dek,Wahyukushardani Kus,2026-09-01,keyword:demam berdarah
4973914266169019,https://www.facebook.com/photo?fbid=4973914266169019&set=gm.3275292072673571,,2026-08-29,Alhamdulillah,Elvy Triyana,2026-09-01,keyword:demam berdarah
4973914266169019,https://www.facebook.com/photo?fbid=4973914266169019&set=gm.3275292072673571,,2026-08-29,Cepat sembuh nak.... Aamiin YRA,Andi Rahma Jamal,2026-09-01,keyword:demam berdarah
4973914266169019,https://www.facebook.com/photo?fbid=4973914266169019&set=gm.3275292072673571,,2026-08-29,Aamiin Aamiin Aamiin Dan Semoga Allah SWT Memberikan Banyak Kemudahan .,Dadang Mohar,2026-09-01,keyword:demam berdarah
4973914266169019,https://www.facebook.com/photo?fbid=4973914266169019&set=gm.3275292072673571,,2026-08-29,"Semoga lekas sembuh dik 
 Rahayu",Komang Anggada,2026-09-01,keyword:demam berdarah
4973914266169019,https://www.facebook.com/photo?fbid=4973914266169019&set=gm.3275292072673571,,2026-08-29,Semoga cepat SEMBUH YA Nak Amin.Amin.Amin,Endang Prihartati,2026-09-01,keyword:demam berdarah
4973914266169019,https://www.facebook.com/photo?fbid=4973914266169019&set=gm.3275292072673571,,2026-08-29,Lekas sembuh y adik,Mat Max,2026-09-01,keyword:demam berdarah
4973914266169019,https://www.facebook.com/photo?fbid=4973914266169019&set=gm.3275292072673571,,2026-08-29,Semoga lekas sehat dek Aamiin yra,Heni Wekas,2026-09-01,keyword:demam berdarah
1375227288089591,https://www.facebook.com/photo?fbid=1375227288089591&set=a.249595710652760,,2026-08-30,"ขออนุญาตแชร์ค่ะ 
ขอบคุณนะคะ",คลินิกอัจฉรา โป่งขุนเพชร,2026-09-01,keyword:ไข้เลือดออก
1375227288089591,https://www.facebook.com/photo?fbid=1375227288089591&set=a.249595710652760,,2026-08-28,Kotchakorn Kck,อิ๋ววว 'หลิวววว,2026-09-01,keyword:ไข้เลือดออก
1375227288089591,https://www.facebook.com/photo?fbid=1375227288089591&set=a.249595710652760,,2026-08-29,อิ๋ววว 'หลิวววว ช่วงนี้เป็นฤดูฝนสลับกับร้อน อย่าลืมรักษาสุขภาพด้วยนะคะ,กรมควบคุมโรค กระทรวงสาธารณสุข,2026-09-01,keyword:ไข้เลือดออก
1375227288089591,https://www.facebook.com/photo?fbid=1375227288089591&set=a.249595710652760,,2026-08-29,,Ameeyah Budaleng,2026-09-01,keyword:ไข้เลือดออก
1375227288089591,https://www.facebook.com/photo?fbid=1375227288089591&set=a.249595710652760,,2026-08-31,,ปอเกียง เเซ่ปึง,2026-09-01,keyword:ไข้เลือดออก
1375227288089591,https://www.facebook.com/photo?fbid=1375227288089591&set=a.249595710652760,,2026-08-28,,แซว หัวใจ สีชมพู,2026-09-01,keyword:ไข้เลือดออก
1375227288089591,https://www.facebook.com/photo?fbid=1375227288089591&set=a.249595710652760,,2026-08-29,แซว หัวใจ สีชมพู กรมควบคุมโรคห่วงใยอยากเห็นคนไทยมีสุขภาพดี,กรมควบคุมโรค กระทรวงสาธารณสุข,2026-09-01,keyword:ไข้เลือดออก
1375227288089591,https://www.facebook.com/photo?fbid=1375227288089591&set=a.249595710652760,,2026-09-01,อย่าให้มีอีกเลย ตอนนี้จะแย่อยู่แล้ว ต้องการทำงาน ต้องการทำบุญ ต้องการดูคอนเสิร์ต,น้องแทน รักโฟร์ตี้เอท,2026-09-01,keyword:ไข้เลือดออก
1444602821196910,https://www.facebook.com/photo?fbid=1444602821196910&set=a.293559662967904,,2026-09-01,,Chadaporn Saptawee,2026-09-01,keyword:ไข้เลือดออก
1444602821196910,https://www.facebook.com/photo?fbid=1444602821196910&set=a.293559662967904,,2026-09-01,,อินฟินิตี้ นิรนาม,2026-09-01,keyword:ไข้เลือดออก
1439929187979113,https://www.facebook.com/photo?fbid=1439929187979113&set=a.105644518074260,@Berlangganan ลภัสรินทร์ ภาคินโรจนวัชร์,2026-08-25,"ขอบคุณ​ทุกคอมเม้นและกดติดตามน่ะคะ. จุ๊บๆๆๆ
 https://www.facebook.com/lphas.ri.nthr.../subscribenow...",ลภัสรินทร์ ภาคินโรจนวัชร์,2026-09-01,keyword:ไข้เลือดออก
1439929187979113,https://www.facebook.com/photo?fbid=1439929187979113&set=a.105644518074260,@Berlangganan ลภัสรินทร์ ภาคินโรจนวัชร์,2026-08-29,เซาไวๆเด้อ .,ชาติชาย พิกุล,2026-09-01,keyword:ไข้เลือดออก
1439929187979113,https://www.facebook.com/photo?fbid=1439929187979113&set=a.105644518074260,@Berlangganan ลภัสรินทร์ ภาคินโรจนวัชร์,2026-08-26,หายไวๆค่ะ,สายแวว ติณะรัตน์,2026-09-01,keyword:ไข้เลือดออก
1439929187979113,https://www.facebook.com/photo?fbid=1439929187979113&set=a.105644518074260,@Berlangganan ลภัสรินทร์ ภาคินโรจนวัชร์,2026-08-26,หายๆใวๆจ้า เคยเป็นเหมือนกันตอนนั้นไข้สูง ปวดหัวมาก อาเจียน เจาะเลือด3รอบถึงรู้ว่าเป็นไข้เลือดออก,Rattiya Phaphan,2026-09-01,keyword:ไข้เลือดออก
1439929187979113,https://www.facebook.com/photo?fbid=1439929187979113&set=a.105644518074260,@Berlangganan ลภัสรินทร์ ภาคินโรจนวัชร์,2026-08-26,จ้าหายไว​ๆ​นะคะ​,สาวแคมของ นาสีดา,2026-09-01,keyword:ไข้เลือดออก
1439929187979113,https://www.facebook.com/photo?fbid=1439929187979113&set=a.105644518074260,@Berlangganan ลภัสรินทร์ ภาคินโรจนวัชร์,2026-08-26,แวะมาส่งกำลังใจให้ค่ะ,พี่โบ๊ท และ น้องกัปตัน,2026-09-01,keyword:ไข้เลือดออก
1439929187979113,https://www.facebook.com/photo?fbid=1439929187979113&set=a.105644518074260,@Berlangganan ลภัสรินทร์ ภาคินโรจนวัชร์,2026-08-26,หายไวๆ นะคะ,Ai Mylife,2026-09-01,keyword:ไข้เลือดออก
1439929187979113,https://www.facebook.com/photo?fbid=1439929187979113&set=a.105644518074260,@Berlangganan ลภัสรินทร์ ภาคินโรจนวัชร์,2026-08-25,หายไวๆครับ,กาญจนา กวีวงค์,2026-09-01,keyword:ไข้เลือดออก
1439929187979113,https://www.facebook.com/photo?fbid=1439929187979113&set=a.105644518074260,@Berlangganan ลภัสรินทร์ ภาคินโรจนวัชร์,2026-08-25,หายไวๆนะคะ,Beammiiz Academydisneyland,2026-09-01,keyword:ไข้เลือดออก
1439929187979113,https://www.facebook.com/photo?fbid=1439929187979113&set=a.105644518074260,@Berlangganan ลภัสรินทร์ ภาคินโรจนวัชร์,2026-08-25,หายไวไวนะคะ,อรพิมพ์ เกตศิริ,2026-09-01,keyword:ไข้เลือดออก
1439929187979113,https://www.facebook.com/photo?fbid=1439929187979113&set=a.105644518074260,@Berlangganan ลภัสรินทร์ ภาคินโรจนวัชร์,2026-08-26,หายไวๆนะคะ,พัชรินทร์ สำราญสุข,2026-09-01,keyword:ไข้เลือดออก
1439929187979113,https://www.facebook.com/photo?fbid=1439929187979113&set=a.105644518074260,@Berlangganan ลภัสรินทร์ ภาคินโรจนวัชร์,2026-08-25,หายไวๆนะคะ,พักตร์พินิจ พิศชวนชม,2026-09-01,keyword:ไข้เลือดออก
1439929187979113,https://www.facebook.com/photo?fbid=1439929187979113&set=a.105644518074260,@Berlangganan ลภัสรินทร์ ภาคินโรจนวัชร์,2026-08-26,ขอให้หายเร็วๆครับ,ศุภกิจ ฑีฆะ,2026-09-01,keyword:ไข้เลือดออก
1439929187979113,https://www.facebook.com/photo?fbid=1439929187979113&set=a.105644518074260,@Berlangganan ลภัสรินทร์ ภาคินโรจนวัชร์,2026-08-26,หายไวไวนะคะ,Nongyao Lunphant,2026-09-01,keyword:ไข้เลือดออก
1439929187979113,https://www.facebook.com/photo?fbid=1439929187979113&set=a.105644518074260,@Berlangganan ลภัสรินทร์ ภาคินโรจนวัชร์,2026-08-26,หายไวไวนะคะ,สมจิต คำมีแก่น,2026-09-01,keyword:ไข้เลือดออก
1439929187979113,https://www.facebook.com/photo?fbid=1439929187979113&set=a.105644518074260,@Berlangganan ลภัสรินทร์ ภาคินโรจนวัชร์,2026-08-26,หายไวๆนะครับ,วาสนา ไกรแก้ว,2026-09-01,keyword:ไข้เลือดออก
1439929187979113,https://www.facebook.com/photo?fbid=1439929187979113&set=a.105644518074260,@Berlangganan ลภัสรินทร์ ภาคินโรจนวัชร์,2026-08-25,หายเร็วไวนะนัองนนท์,ประทุมวัน พุทธนานนท์,2026-09-01,keyword:ไข้เลือดออก
1439929187979113,https://www.facebook.com/photo?fbid=1439929187979113&set=a.105644518074260,@Berlangganan ลภัสรินทร์ ภาคินโรจนวัชร์,2026-08-26,ขอให้น้องหายไวๆนะคะ,พุทธรัตน์ ผ้าฝ้ายย้อมครามทอมือ,2026-09-01,keyword:ไข้เลือดออก
1439929187979113,https://www.facebook.com/photo?fbid=1439929187979113&set=a.105644518074260,@Berlangganan ลภัสรินทร์ ภาคินโรจนวัชร์,2026-08-26,หายไวๆจ้า,Pornnapha Unruan,2026-09-01,keyword:ไข้เลือดออก
1439929187979113,https://www.facebook.com/photo?fbid=1439929187979113&set=a.105644518074260,@Berlangganan ลภัสรินทร์ ภาคินโรจนวัชร์,2026-08-25,,Auchara Pilathong,2026-09-01,keyword:ไข้เลือดออก
1439929187979113,https://www.facebook.com/photo?fbid=1439929187979113&set=a.105644518074260,@Berlangganan ลภัสรินทร์ ภาคินโรจนวัชร์,2026-08-25,หายไวๆครับผม,Thanapon Varapho,2026-09-01,keyword:ไข้เลือดออก
1439929187979113,https://www.facebook.com/photo?fbid=1439929187979113&set=a.105644518074260,@Berlangganan ลภัสรินทร์ ภาคินโรจนวัชร์,2026-08-25,เซาไวไวค่ะ,คุณนาย สุขสมรวย,2026-09-01,keyword:ไข้เลือดออก
1439929187979113,https://www.facebook.com/photo?fbid=1439929187979113&set=a.105644518074260,@Berlangganan ลภัสรินทร์ ภาคินโรจนวัชร์,2026-08-25,อ้าวเป็นไข้เลือดออกเหรอ,Booncharus Sornsomboon,2026-09-01,keyword:ไข้เลือดออก
1439929187979113,https://www.facebook.com/photo?fbid=1439929187979113&set=a.105644518074260,@Berlangganan ลภัสรินทร์ ภาคินโรจนวัชร์,2026-08-25,หายไวๆนะคะ,Nootcharin Choarri,2026-09-01,keyword:ไข้เลือดออก
1439929187979113,https://www.facebook.com/photo?fbid=1439929187979113&set=a.105644518074260,@Berlangganan ลภัสรินทร์ ภาคินโรจนวัชร์,2026-08-25,,Nussara Jansripeng,2026-09-01,keyword:ไข้เลือดออก
1439929187979113,https://www.facebook.com/photo?fbid=1439929187979113&set=a.105644518074260,@Berlangganan ลภัสรินทร์ ภาคินโรจนวัชร์,2026-08-26,,นายสิทธิชัย เสาว์สิงห์,2026-09-01,keyword:ไข้เลือดออก
1439929187979113,https://www.facebook.com/photo?fbid=1439929187979113&set=a.105644518074260,@Berlangganan ลภัสรินทร์ ภาคินโรจนวัชร์,2026-08-25,หายไวๆครับ,Porch Jeab,2026-09-01,keyword:ไข้เลือดออก
1439929187979113,https://www.facebook.com/photo?fbid=1439929187979113&set=a.105644518074260,@Berlangganan ลภัสรินทร์ ภาคินโรจนวัชร์,2026-08-25,หายไวๆนะคับ,Fon FunFun,2026-09-01,keyword:ไข้เลือดออก
1439929187979113,https://www.facebook.com/photo?fbid=1439929187979113&set=a.105644518074260,@Berlangganan ลภัสรินทร์ ภาคินโรจนวัชร์,2026-08-25,หายไวไวครับ,Prachumlek Wi Wilailak,2026-09-01,keyword:ไข้เลือดออก
1439929187979113,https://www.facebook.com/photo?fbid=1439929187979113&set=a.105644518074260,@Berlangganan ลภัสรินทร์ ภาคินโรจนวัชร์,2026-08-31,หายไวๆๆนะคับ,ลัดดา ลาภสาร,2026-09-01,keyword:ไข้เลือดออก
122110726707304979,https://www.facebook.com/photo?fbid=122110726707304979&set=a.122102850447304979,,2026-07-14,#SOAPRESPECTOURCHILDREN #TOGETHERFORHEALTH #SOAPSCIENCE SRI LANKA HAND SOAP OK TOO SOAP : ___1 7 8 7 ANCIENT ANALOG INNOVATION 1 9 9 8 ................. #SOAPSINKMOSQUITODOWNFIRSTLY ................. SOAP ..... SPIRACLE ..... ARTHROPODS #SOAPSCIENCE TOGETHER TOGETHER TOGETHER TOGETHER TOGETHER #eliminatemalaria SOAP + TOY CALM ALL DEMON ARTHROPODS DOWN YOUR OFFICE HAND SOAP STOP THEM TOGETHER #SOAPSCIENCE WHOLE WORLD T O G E T H E R 2 TABLESPOONS + 500 ML. WATER OK KILL ALL DEMON MOSQUITOES SP. + DIPTERANS SOAPY SPRAY RESTING MOSQUITOES TO SINK DOWN FIRSTLY BEFORE DRAIN OR LARVICIDE TREATING #SOAPSINKMOSQUITODOWNFIRSTLY #SOAPTHAILANDOKWHOLEWORLD1998 ALL DIPTERANS #SOAPSCIENCEDMSCTHAILAND #USEYOURSOAPSTOPSUCKER #WEWANTSOMETHINGJUSTLIKESUPERSOAP #FIGHTTHEBITE S O A P ..... D E L E T E ..... A L L #MOSQUITO ( 17 ) #DENGUE #MALARIA #ZIKA #FILARIA #FILARIOSE+#CHIK+ #YF #WESTNILEVIRUS #EEE #WEE #VEE #JEV #JCV #LACV #MVEV #MAYV #RVF #RRF #SLEV #MAYAROVIRUS #USUTUVIRUS,Kasin Suphapathom,2026-09-01,keyword:ไข้เลือดออก
122110726707304979,https://www.facebook.com/photo?fbid=122110726707304979&set=a.122102850447304979,,2026-07-14,ต้องระวังเลยช่วงนี้ยุงเยอะมากๆค่ะ,บ้านปลูกสุข Baan Pluk Suk,2026-09-01,keyword:ไข้เลือดออก
122110726707304979,https://www.facebook.com/photo?fbid=122110726707304979&set=a.122102850447304979,,2026-07-14,อันตรายจริงๆนะ,น้องเขา-น้องแดง เพื่อนซี้ต่างสายพันธ์ุ,2026-09-01,keyword:ไข้เลือดออก
122110726707304979,https://www.facebook.com/photo?fbid=122110726707304979&set=a.122102850447304979,,2026-07-14,,ครูเอ ห้องแบ่งปันสื่อการเรียนการสอน,2026-09-01,keyword:ไข้เลือดออก
122110726707304979,https://www.facebook.com/photo?fbid=122110726707304979&set=a.122102850447304979,,2026-07-14,ช่วงนี้เฝ้าระวังเลยครับฝนตก,ต้อมน้อย แฟนเพจ,2026-09-01,keyword:ไข้เลือดออก
1494116722446206,https://www.facebook.com/photo?fbid=1494116722446206&set=a.265561365301754,,2026-08-30,สุขภาพ ต้องมาก่อนกว่าสิ่งใด,Zarina Semae,2026-09-01,keyword:ไข้เลือดออก
1494116722446206,https://www.facebook.com/photo?fbid=1494116722446206&set=a.265561365301754,,2026-08-31,ใช่คะ ดูแลสุขภาพด้วยนะคะ,Umi Tarneem Tarween,2026-09-01,keyword:ไข้เลือดออก
1494116722446206,https://www.facebook.com/photo?fbid=1494116722446206&set=a.265561365301754,,2026-08-29,น่ากล้วจังเลยดูแลสุขภาพด้วยนะคะ,Shusureemas Jaroenbandit,2026-09-01,keyword:ไข้เลือดออก
1494116722446206,https://www.facebook.com/photo?fbid=1494116722446206&set=a.265561365301754,,2026-08-30,เช่นกันนะคะ,Umi Tarneem Tarween,2026-09-01,keyword:ไข้เลือดออก
1494116722446206,https://www.facebook.com/photo?fbid=1494116722446206&set=a.265561365301754,,2026-08-30,,Ropeeya Datumada,2026-09-01,keyword:ไข้เลือดออก
1494116722446206,https://www.facebook.com/photo?fbid=1494116722446206&set=a.265561365301754,,2026-08-31,,Umi Tarneem Tarween,2026-09-01,keyword:ไข้เลือดออก
1494116722446206,https://www.facebook.com/photo?fbid=1494116722446206&set=a.265561365301754,,2026-08-31,ช่างน่ากลัวจริงๆ ไข้เลือดออกต้องระวัง,Nur E-man,2026-09-01,keyword:ไข้เลือดออก
1494116722446206,https://www.facebook.com/photo?fbid=1494116722446206&set=a.265561365301754,,2026-08-31,ใช่คะ ระวังกันด้วยนะคะ,Umi Tarneem Tarween,2026-09-01,keyword:ไข้เลือดออก
1494116722446206,https://www.facebook.com/photo?fbid=1494116722446206&set=a.265561365301754,,2026-08-28,,Nurhaisah Doloh,2026-09-01,keyword:ไข้เลือดออก
1494116722446206,https://www.facebook.com/photo?fbid=1494116722446206&set=a.265561365301754,,2026-08-29,เราคนนึงที่เคยเป็นไข้เลือดออก,Roseedah Kadasae,2026-09-01,keyword:ไข้เลือดออก
1494116722446206,https://www.facebook.com/photo?fbid=1494116722446206&set=a.265561365301754,,2026-08-29,,Danial Yako,2026-09-01,keyword:ไข้เลือดออก
1494116722446206,https://www.facebook.com/photo?fbid=1494116722446206&set=a.265561365301754,,2026-08-30,น่ากลัวจ้า,Ruhaning Saning,2026-09-01,keyword:ไข้เลือดออก
1494116722446206,https://www.facebook.com/photo?fbid=1494116722446206&set=a.265561365301754,,2026-08-30,ดูแลสุขภาพด้วยนะคะ,Umi Tarneem Tarween,2026-09-01,keyword:ไข้เลือดออก
1494116722446206,https://www.facebook.com/photo?fbid=1494116722446206&set=a.265561365301754,,2026-08-29,เป็นกำลังใจให้นะคะ,นุรฮายาตี เจะนิ,2026-09-01,keyword:ไข้เลือดออก
1494116722446206,https://www.facebook.com/photo?fbid=1494116722446206&set=a.265561365301754,,2026-08-30,ขอบคุณคะ,Umi Tarneem Tarween,2026-09-01,keyword:ไข้เลือดออก
1494116722446206,https://www.facebook.com/photo?fbid=1494116722446206&set=a.265561365301754,,2026-08-28,,สุดขอบฟ้า ถึงหยุดฝัน,2026-09-01,keyword:ไข้เลือดออก
1494116722446206,https://www.facebook.com/photo?fbid=1494116722446206&set=a.265561365301754,,2026-08-28,,Anas Waenawae,2026-09-01,keyword:ไข้เลือดออก
1494116722446206,https://www.facebook.com/photo?fbid=1494116722446206&set=a.265561365301754,,2026-08-28,น่ากลัวมาก,นางธวัลรัตน์ ทูลเกียรติวัฒนา,2026-09-01,keyword:ไข้เลือดออก
1494116722446206,https://www.facebook.com/photo?fbid=1494116722446206&set=a.265561365301754,,2026-08-28,จริงคะ ดูแลตัวและคนในครอบครัวด้วยนะคะ,Umi Tarneem Tarween,2026-09-01,keyword:ไข้เลือดออก
37615723704741809,https://www.facebook.com/photo?fbid=37615723704741809&set=a.372044799536501,,2026-08-25,ขอให้หายไวๆนะฟูจิ,ภาพิมล แต้มเจริญ,2026-09-01,keyword:ไข้เลือดออก
37615723704741809,https://www.facebook.com/photo?fbid=37615723704741809&set=a.372044799536501,,2026-08-18,หายไวๆนะฟูจิ,San Umiko,2026-09-01,keyword:ไข้เลือดออก
37615723704741809,https://www.facebook.com/photo?fbid=37615723704741809&set=a.372044799536501,,2026-08-18,ขอให้หายไวๆนะคับ,กาญจนา หอมหวล,2026-09-01,keyword:ไข้เลือดออก
37615723704741809,https://www.facebook.com/photo?fbid=37615723704741809&set=a.372044799536501,,2026-08-18,ขอให้หายไวๆนะจ้ะ,Tum Chabplun,2026-09-01,keyword:ไข้เลือดออก
37615723704741809,https://www.facebook.com/photo?fbid=37615723704741809&set=a.372044799536501,,2026-08-18,หายไวๆนะครับคนเก่ง,Mai Haruetai,2026-09-01,keyword:ไข้เลือดออก
37615723704741809,https://www.facebook.com/photo?fbid=37615723704741809&set=a.372044799536501,,2026-08-18,หายไวๆๆนะพี่ฟูจิ,สุภา แก้ววิจิตร,2026-09-01,keyword:ไข้เลือดออก
37615723704741809,https://www.facebook.com/photo?fbid=37615723704741809&set=a.372044799536501,,2026-08-18,หายไวๆนะครับคนก่ง,Sukjit Palakit,2026-09-01,keyword:ไข้เลือดออก
37615723704741809,https://www.facebook.com/photo?fbid=37615723704741809&set=a.372044799536501,,2026-08-18,หายไวๆนะครับสุดหล่อ,Putavin Chuenta,2026-09-01,keyword:ไข้เลือดออก
37615723704741809,https://www.facebook.com/photo?fbid=37615723704741809&set=a.372044799536501,,2026-08-18,ขอให้หายไวนะคับ,Ae Ae,2026-09-01,keyword:ไข้เลือดออก
37615723704741809,https://www.facebook.com/photo?fbid=37615723704741809&set=a.372044799536501,,2026-08-18,ฟูจิหายไวๆจ้า,Ladyfirst Ladyfreshy,2026-09-01,keyword:ไข้เลือดออก
37615723704741809,https://www.facebook.com/photo?fbid=37615723704741809&set=a.372044799536501,,2026-08-18,หายไวไวคับ,น้ำฝน คนเดิมนะค่ะ,2026-09-01,keyword:ไข้เลือดออก
37615723704741809,https://www.facebook.com/photo?fbid=37615723704741809&set=a.372044799536501,,2026-08-18,หายไวๆนะคับ,Sommai Paekhunthod,2026-09-01,keyword:ไข้เลือดออก
37615723704741809,https://www.facebook.com/photo?fbid=37615723704741809&set=a.372044799536501,,2026-08-18,หายไวๆนะครับ,วิชุดา องอาจ,2026-09-01,keyword:ไข้เลือดออก
37615723704741809,https://www.facebook.com/photo?fbid=37615723704741809&set=a.372044799536501,,2026-08-18,โห้ว โตขึ้นเยอะ หายไวๆ ครับ,Tanawat Dome Chabplun,2026-09-01,keyword:ไข้เลือดออก
37615723704741809,https://www.facebook.com/photo?fbid=37615723704741809&set=a.372044799536501,,2026-08-18,ธนวัฒน์ ฉับพลัน เปนหนุ่มแล้วคาฟ,Jeab Kateyada,2026-09-01,keyword:ไข้เลือดออก
37615723704741809,https://www.facebook.com/photo?fbid=37615723704741809&set=a.372044799536501,,2026-08-18,หายไวๆคะสู้ๆ,Oop Sy,2026-09-01,keyword:ไข้เลือดออก
37615723704741809,https://www.facebook.com/photo?fbid=37615723704741809&set=a.372044799536501,,2026-08-18,หายไว ๆ นะจ๊ะ,Srisuda Buasakul,2026-09-01,keyword:ไข้เลือดออก
37615723704741809,https://www.facebook.com/photo?fbid=37615723704741809&set=a.372044799536501,,2026-08-18,หายเร็วๆๆๆนะคับ,อานนท์ คงสัตย์,2026-09-01,keyword:ไข้เลือดออก
37615723704741809,https://www.facebook.com/photo?fbid=37615723704741809&set=a.372044799536501,,2026-08-18,หายไวๆนะครับ,สมนึก แม้นเหมือน,2026-09-01,keyword:ไข้เลือดออก
37615723704741809,https://www.facebook.com/photo?fbid=37615723704741809&set=a.372044799536501,,2026-08-18,หายเร็วๆนะพี่ฟูจิ,รสนิยม โอววว๊าวว,2026-09-01,keyword:ไข้เลือดออก
37615723704741809,https://www.facebook.com/photo?fbid=37615723704741809&set=a.372044799536501,,2026-08-18,หายไวๆนะค่ะ,นู๋แหม่ม หอมหวล,2026-09-01,keyword:ไข้เลือดออก
37615723704741809,https://www.facebook.com/photo?fbid=37615723704741809&set=a.372044799536501,,2026-08-18,หายไวไวครับ,Matt Tiw,2026-09-01,keyword:ไข้เลือดออก
37615723704741809,https://www.facebook.com/photo?fbid=37615723704741809&set=a.372044799536501,,2026-08-18,หายไวๆนะครับลูกชาย,Mohammad Ali Elshahomi,2026-09-01,keyword:ไข้เลือดออก
37615723704741809,https://www.facebook.com/photo?fbid=37615723704741809&set=a.372044799536501,,2026-08-18,หายไวๆนะฟูจิ,Meow Phonphimai,2026-09-01,keyword:ไข้เลือดออก
37615723704741809,https://www.facebook.com/photo?fbid=37615723704741809&set=a.372044799536501,,2026-08-18,หายเร็วๆนะค่ะ สุดหล่อ,Naree Thongmanee,2026-09-01,keyword:ไข้เลือดออก
37615723704741809,https://www.facebook.com/photo?fbid=37615723704741809&set=a.372044799536501,,2026-08-18,หายไวๆน่ะครับ,Duangta Sudthongkong,2026-09-01,keyword:ไข้เลือดออก
37615723704741809,https://www.facebook.com/photo?fbid=37615723704741809&set=a.372044799536501,,2026-08-18,หายเร็วๆค่ะน้องฟูจิ,Paweena Khampheng,2026-09-01,keyword:ไข้เลือดออก
37615723704741809,https://www.facebook.com/photo?fbid=37615723704741809&set=a.372044799536501,,2026-08-18,หายไวๆนะค่ะ,Patummas Kirichot,2026-09-01,keyword:ไข้เลือดออก
37615723704741809,https://www.facebook.com/photo?fbid=37615723704741809&set=a.372044799536501,,2026-08-18,หายไวๆๆนะหนุ่มน้อย,Fon Sakonrut,2026-09-01,keyword:ไข้เลือดออก
37615723704741809,https://www.facebook.com/photo?fbid=37615723704741809&set=a.372044799536501,,2026-08-18,หายไวๆนะค่ะ,Nopparat Wongsicha,2026-09-01,keyword:ไข้เลือดออก
27913843191584988,https://www.facebook.com/photo?fbid=27913843191584988&set=a.394423137287031,@Berlangganan Nutsara Nachan,2026-07-21,https://www.facebook.com/nutsara.najan/subscribenow https://www.facebook.com/nutsara.najan/subscribenow...,Nutsara Nachan,2026-09-01,keyword:ไข้เลือดออก
27913843191584988,https://www.facebook.com/photo?fbid=27913843191584988&set=a.394423137287031,@Berlangganan Nutsara Nachan,2026-07-21,,Jun Manusnun,2026-09-01,keyword:ไข้เลือดออก
29044893205113333,https://www.facebook.com/photo?fbid=29044893205113333&set=a.409711129058256,@Berlangganan Chanunchida Nuntasuta,2026-08-31,"มาอยู่ 
 “ครูกิ๊บ”รับของขวัญพิเศษ 
 50 ดวง ทันที
มีโปรดีๆแจกให้ตลอด https://www.facebook.com/chanunchida.../subscribenow...",Chanunchida Nuntasuta,2026-09-01,keyword:ไข้เลือดออก
29044893205113333,https://www.facebook.com/photo?fbid=29044893205113333&set=a.409711129058256,@Berlangganan Chanunchida Nuntasuta,2026-08-31,โอ้ว..มาครบเลย. แม่เองก็ระวังด้วยนะคะ รักษาสุขภาพด้วยจ้าแม่,Thanniie Chaimee,2026-09-01,keyword:ไข้เลือดออก
29044893205113333,https://www.facebook.com/photo?fbid=29044893205113333&set=a.409711129058256,@Berlangganan Chanunchida Nuntasuta,2026-08-31,หายเร็วๆนะคะ หน้าฝนเสี่ยงหลายโรคค่ะ,Preeyaporn Aungwanich,2026-09-01,keyword:ไข้เลือดออก
29044893205113333,https://www.facebook.com/photo?fbid=29044893205113333&set=a.409711129058256,@Berlangganan Chanunchida Nuntasuta,2026-09-01,Preeyaporn Aungwanich ขอบคุณค่ะครูปีโป้ แม่เหนื่อยค่ะ เปลี่ยนกันป่วย,Chanunchida Nuntasuta,2026-09-01,keyword:ไข้เลือดออก
29044893205113333,https://www.facebook.com/photo?fbid=29044893205113333&set=a.409711129058256,@Berlangganan Chanunchida Nuntasuta,2026-08-31,ขอให้น้องหายไวๆนะคะ,Pairry Freshy,2026-09-01,keyword:ไข้เลือดออก
29044893205113333,https://www.facebook.com/photo?fbid=29044893205113333&set=a.409711129058256,@Berlangganan Chanunchida Nuntasuta,2026-09-01,Pairry Freshy ขอบคุณค่ะ,Chanunchida Nuntasuta,2026-09-01,keyword:ไข้เลือดออก
29044893205113333,https://www.facebook.com/photo?fbid=29044893205113333&set=a.409711129058256,@Berlangganan Chanunchida Nuntasuta,2026-08-31,หายเร็วๆนะคะ,Waranyaporn Chompukaew,2026-09-01,keyword:ไข้เลือดออก
29044893205113333,https://www.facebook.com/photo?fbid=29044893205113333&set=a.409711129058256,@Berlangganan Chanunchida Nuntasuta,2026-08-31,หายไวๆนเคะ,Jo Wanisa,2026-09-01,keyword:ไข้เลือดออก
29044893205113333,https://www.facebook.com/photo?fbid=29044893205113333&set=a.409711129058256,@Berlangganan Chanunchida Nuntasuta,2026-09-01,Jo Wanisa ขอบคุณแทนลูกชายนะคะ,Chanunchida Nuntasuta,2026-09-01,keyword:ไข้เลือดออก
29044893205113333,https://www.facebook.com/photo?fbid=29044893205113333&set=a.409711129058256,@Berlangganan Chanunchida Nuntasuta,2026-08-31,หายไวๆคับ,June Janne,2026-09-01,keyword:ไข้เลือดออก
29044893205113333,https://www.facebook.com/photo?fbid=29044893205113333&set=a.409711129058256,@Berlangganan Chanunchida Nuntasuta,2026-09-01,June Janne ขอบคุณครับแม่จูน,Chanunchida Nuntasuta,2026-09-01,keyword:ไข้เลือดออก
29044893205113333,https://www.facebook.com/photo?fbid=29044893205113333&set=a.409711129058256,@Berlangganan Chanunchida Nuntasuta,2026-08-31,หายไวๆนะคะ,Som Tidarat,2026-09-01,keyword:ไข้เลือดออก
29044893205113333,https://www.facebook.com/photo?fbid=29044893205113333&set=a.409711129058256,@Berlangganan Chanunchida Nuntasuta,2026-08-31,หายไวๆค่ะ,Jeeraporn Akewonnoung,2026-09-01,keyword:ไข้เลือดออก
29044893205113333,https://www.facebook.com/photo?fbid=29044893205113333&set=a.409711129058256,@Berlangganan Chanunchida Nuntasuta,2026-09-01,หายไวๆนะคับ,Kittiporn Pang,2026-09-01,keyword:ไข้เลือดออก
29044893205113333,https://www.facebook.com/photo?fbid=29044893205113333&set=a.409711129058256,@Berlangganan Chanunchida Nuntasuta,2026-08-31,หายไวๆๆครับ,Atchariya Jumpanguern,2026-09-01,keyword:ไข้เลือดออก
29044893205113333,https://www.facebook.com/photo?fbid=29044893205113333&set=a.409711129058256,@Berlangganan Chanunchida Nuntasuta,2026-09-01,Atchariya Jumpanguern ขอบคุณครับแม่เป็ด,Chanunchida Nuntasuta,2026-09-01,keyword:ไข้เลือดออก
29044893205113333,https://www.facebook.com/photo?fbid=29044893205113333&set=a.409711129058256,@Berlangganan Chanunchida Nuntasuta,2026-09-01,ลูกกกกก หายไวไวคับ,Ploy Sukontarach,2026-09-01,keyword:ไข้เลือดออก
29044893205113333,https://www.facebook.com/photo?fbid=29044893205113333&set=a.409711129058256,@Berlangganan Chanunchida Nuntasuta,2026-08-31,หายไวๆนะคับพี่แสตมป์,Caramelz Mellaz,2026-09-01,keyword:ไข้เลือดออก
29044893205113333,https://www.facebook.com/photo?fbid=29044893205113333&set=a.409711129058256,@Berlangganan Chanunchida Nuntasuta,2026-08-31,หายไวๆค่าาา,Khwansuda Tomya,2026-09-01,keyword:ไข้เลือดออก
29044893205113333,https://www.facebook.com/photo?fbid=29044893205113333&set=a.409711129058256,@Berlangganan Chanunchida Nuntasuta,2026-09-01,Khwansuda Tomya ขอบคุณค่ะ,Chanunchida Nuntasuta,2026-09-01,keyword:ไข้เลือดออก
29044893205113333,https://www.facebook.com/photo?fbid=29044893205113333&set=a.409711129058256,@Berlangganan Chanunchida Nuntasuta,2026-08-31,ขอให้หายไวไวนะครับพี่แตมป์ สู้ สู้นะคุณแม่,Thanyathip Chanmano,2026-09-01,keyword:ไข้เลือดออก
29044893205113333,https://www.facebook.com/photo?fbid=29044893205113333&set=a.409711129058256,@Berlangganan Chanunchida Nuntasuta,2026-08-31,หายไวไวนะคะ,Kanjana Prommaboon,2026-09-01,keyword:ไข้เลือดออก
29044893205113333,https://www.facebook.com/photo?fbid=29044893205113333&set=a.409711129058256,@Berlangganan Chanunchida Nuntasuta,2026-09-01,Kanjana Prommaboon ขอบคุณค่ะแม่เกมส์,Chanunchida Nuntasuta,2026-09-01,keyword:ไข้เลือดออก
29044893205113333,https://www.facebook.com/photo?fbid=29044893205113333&set=a.409711129058256,@Berlangganan Chanunchida Nuntasuta,2026-08-31,หายไว ๆ นะคะ,Yainan Duangjai,2026-09-01,keyword:ไข้เลือดออก
29044893205113333,https://www.facebook.com/photo?fbid=29044893205113333&set=a.409711129058256,@Berlangganan Chanunchida Nuntasuta,2026-08-31,หายไวๆนะคะ,Guitar Nantida Saengcharoen,2026-09-01,keyword:ไข้เลือดออก
29044893205113333,https://www.facebook.com/photo?fbid=29044893205113333&set=a.409711129058256,@Berlangganan Chanunchida Nuntasuta,2026-09-01,Guitar Nantida Saengcharoen ขอบคุณค่ะ,Chanunchida Nuntasuta,2026-09-01,keyword:ไข้เลือดออก
29044893205113333,https://www.facebook.com/photo?fbid=29044893205113333&set=a.409711129058256,@Berlangganan Chanunchida Nuntasuta,2026-08-31,หายไวๆๆค่าา,Sorawan Zaza,2026-09-01,keyword:ไข้เลือดออก
29044893205113333,https://www.facebook.com/photo?fbid=29044893205113333&set=a.409711129058256,@Berlangganan Chanunchida Nuntasuta,2026-09-01,Sorawan Zaza ขอบคุณค่ะ,Chanunchida Nuntasuta,2026-09-01,keyword:ไข้เลือดออก
29044893205113333,https://www.facebook.com/photo?fbid=29044893205113333&set=a.409711129058256,@Berlangganan Chanunchida Nuntasuta,2026-08-31,หายไวๆๆคับ,Tom Tanakit Moo-in,2026-09-01,keyword:ไข้เลือดออก
29044893205113333,https://www.facebook.com/photo?fbid=29044893205113333&set=a.409711129058256,@Berlangganan Chanunchida Nuntasuta,2026-08-31,หายไวไวครับ,น้องลูกปัด กับพี่ลูกพีช,2026-09-01,keyword:ไข้เลือดออก
122241185048120734,https://www.facebook.com/photo?fbid=122241185048120734&set=a.122130904376120734,,2026-08-28,,Dao Langmueng,2026-09-01,keyword:ไข้เลือดออก
122241185048120734,https://www.facebook.com/photo?fbid=122241185048120734&set=a.122130904376120734,,2026-08-28,,แหม่ม รัชฎาพร,2026-09-01,keyword:ไข้เลือดออก
122241185048120734,https://www.facebook.com/photo?fbid=122241185048120734&set=a.122130904376120734,,2026-08-28,วันนี้คุณ ขัดไข่ยังค่ะ,พิกุล ตันพานิช,2026-09-01,keyword:ไข้เลือดออก
38177386258518984,https://www.facebook.com/photo?fbid=38177244158533194&set=pcb.38177386258518984,,2026-08-11,หายไวๆนะคับ,ฤทธิรุจ สิริพรรณ์,2026-09-01,keyword:ไข้เลือดออก
38177386258518984,https://www.facebook.com/photo?fbid=38177244158533194&set=pcb.38177386258518984,,2026-08-11,หายไวๆนา,Poy  Trang,2026-09-01,keyword:ไข้เลือดออก
38177386258518984,https://www.facebook.com/photo?fbid=38177244158533194&set=pcb.38177386258518984,,2026-08-11,หายๆไวไวนะพี่ไผ่,พี่พี น้องพิมพ์,2026-09-01,keyword:ไข้เลือดออก
38177386258518984,https://www.facebook.com/photo?fbid=38177244158533194&set=pcb.38177386258518984,,2026-08-11,สู้ๆนะ  หายไวๆจร้า,Parichart Klinthong,2026-09-01,keyword:ไข้เลือดออก
38177386258518984,https://www.facebook.com/photo?fbid=38177244158533194&set=pcb.38177386258518984,,2026-08-11,หายไวไวนะคับ,รัตตชัย บัวเพชร,2026-09-01,keyword:ไข้เลือดออก
38177386258518984,https://www.facebook.com/photo?fbid=38177244158533194&set=pcb.38177386258518984,,2026-08-11,หายไวๆนะคุณแม่,ดวงฤดี สังขารา,2026-09-01,keyword:ไข้เลือดออก
38177386258518984,https://www.facebook.com/photo?fbid=38177244158533194&set=pcb.38177386258518984,,2026-08-11,หายไวๆนะคะ,Piyarat Thongpeng,2026-09-01,keyword:ไข้เลือดออก
38177386258518984,https://www.facebook.com/photo?fbid=38177244158533194&set=pcb.38177386258518984,,2026-08-11,หายไวๆน่ะโจ้,ลิวรรณ สุดกิจ,2026-09-01,keyword:ไข้เลือดออก
38177386258518984,https://www.facebook.com/photo?fbid=38177244158533194&set=pcb.38177386258518984,,2026-08-11,หายเร็วๆๆนะ,Kanchana Kaewprachum,2026-09-01,keyword:ไข้เลือดออก
38177386258518984,https://www.facebook.com/photo?fbid=38177244158533194&set=pcb.38177386258518984,,2026-08-11,หายไวๆนะคะพี่,บุ๋ม บิวตี้,2026-09-01,keyword:ไข้เลือดออก
1404978461663227,https://www.facebook.com/photo?fbid=1404978461663227&set=a.449821980512218,,2026-06-23,"Nay T5g dùng AI tạo infographics nên thấy không bắt mắt và rối mắt quá ạ, Góp ý nên dùng các phần mềm đồ họa để làm như cũ ạ",Lê Quang Hoàng,2026-09-01,keyword:sốt xuất huyết
1404978461663227,https://www.facebook.com/photo?fbid=1404978461663227&set=a.449821980512218,,2026-06-23,,Nguyễn Thị Hương,2026-09-01,keyword:sốt xuất huyết
1413954550951293,https://www.facebook.com/photo?fbid=1413954537617961&set=pcb.1413954550951293,,2026-08-27,"Vừa sinh con đầu lòng, cô gái 23 tuổi hôn mê sâu, băng huyết sau sinh, sốc mất máu và suy gan cấp do sốt xuất huyết Dengue.",Báo Tiền Phong,2026-09-01,keyword:sốt xuất huyết
1413954550951293,https://www.facebook.com/photo?fbid=1413954537617961&set=pcb.1413954550951293,,2026-08-27,https://tienphong.vn/vua-sinh-con-co-gai-tre-hon-me-sau...,Báo Tiền Phong,2026-09-01,keyword:sốt xuất huyết
1536319678532807,https://www.facebook.com/photo?fbid=1536318068532968&set=pcb.1536319678532807,,2026-08-18,"Đắk Lắk và Gia Lai đều ghi nhận ca tử vong đầu tiên trong năm 2026 liên quan đến sốt xuất huyết Dengue: một người trẻ và một người cao tuổi, đều có tiền sử đái tháo đường, đặc biệt, xung quanh khu vực người bệnh sinh sống đều ghi nhận nhiều ca mắc sốt xuất huyết Dengue. Số ca mắc tăng ở địa phương, không riêng các điểm nóng quen thuộc - bệnh có thể trở nặng ở mọi lứa tuổi. Chủ động bảo vệ cả nhà ngay hôm nay bằng tiêm chủng theo hướng dẫn của nhân viên y tế kết hợp với diệt lăng quăng/bọ gậy mỗi tuần, phòng tránh muỗi đốt kể cả ban ngày.",Thông tin Chính phủ,2026-09-01,keyword:sốt xuất huyết
1536319678532807,https://www.facebook.com/photo?fbid=1536318068532968&set=pcb.1536319678532807,,2026-08-18,"Cụ thể tại Đắk Lắk, theo báo cáo của Trung tâm Kiểm soát bệnh tật (CDC) tỉnh, vừa ghi nhận trường hợp đầu tiên tử vong do bệnh sốt xuất huyết Dengue trong năm 2026 tại phường Tân An. Bệnh nhân là T.V.S (Nam, sinh năm 1949, trú tại phường Tân An). Bệnh nhân có tiền sử đái tháo đường type 2. Ngày 30/7, bệnh nhân được người nhà đưa đến Bệnh viện Đa khoa Buôn Ma Thuột khám, nhập viện với nhiều triệu chứng như nói khó, yếu toàn thân và được chẩn đoán được chẩn đoán: Suy hô hấp/ TD Viêm phổi do hít phải thức ăn hoặc chất nôn/ Đột quỵ nhồi máu não/ Sốt xuất huyết Dengue N1/ Đái tháo đường type2. Sau đó, bệnh nhân được chuyển đến Bệnh viện Đa khoa Vùng Tây Nguyên tiếp tục điều trị. Tại Bệnh viện Đa khoa Vùng Tây Nguyên, ngày 4/8, kết quả xét nghiệm Real-time RT-PCR của Viện Vệ sinh Dịch tễ Tây Nguyên xác định bệnh nhân dương tính với virus Dengue type 2. Bệnh nhân tử vong lúc 04 giờ 50 phút ngày 03/08 tại Bệnh viện Đa khoa Vùng Tây Nguyên với chẩn đoán tử vong: Ngưng hô hấp tuần hoàn/ Viêm phổi nặng/ Đột quỵ nhồi máu não/ Tăng men gan/ Hạ Kali máu/ Sốt xuất huyết Dengue N5/ ĐTĐ type 2/ Suy kiệt tuổi già. Kết quả điều tra dịch tễ của CDC cho thấy, tính đến ngày 6/8, phường Tân An ghi nhận 49 trường hợp mắc sốt xuất huyết và 6 ổ dịch đang hoạt động. Tại khu vực nhà bệnh nhân và các hộ gia đình xung quanh, ngành y tế ghi nhận thêm một trường hợp sốt nghi mắc sốt xuất huyết. Điều tra véc-tơ tại khu vực ghi nhận chỉ số Breteau (BI) ở mức 77, cho thấy nguy cơ lây truyền bệnh trong cộng đồng ở mức đáng lưu ý. Ngay sau khi ghi nhận trường hợp tử vong, CDC đã phối hợp với các đơn vị liên quan điều tra tại bệnh viện, tại hộ gia đình bệnh nhân và khu vực xung quanh; lấy mẫu xét nghiệm khẳng định; đồng thời hướng dẫn Trạm Y tế phường Tân An triển khai phun hóa chất diệt muỗi trưởng thành tại nhà bệnh nhân và các hộ gia đình lân cận...",Thông tin Chính phủ,2026-09-01,keyword:sốt xuất huyết
1536319678532807,https://www.facebook.com/photo?fbid=1536318068532968&set=pcb.1536319678532807,,2026-08-18,"Di Gia Lai: * Sejak awal 2026, seluruh provinsi Gia Lai telah mencatat 2.312 kasus demam dengue, peningkatan 1.371 kasus dibandingkan dengan periode yang sama pada tahun 2025. * Pada minggu terakhir bulan Juni 2026, seluruh provinsi mencatat 300 kasus baru, jumlah tertinggi sejak awal tahun. * Provinsi dengan jumlah kasus tertinggi termasuk: Ia Boòng, Chư Prông, Ia Púch, Chư Păh, Ia Nan, kawasan Thống nhất, dan kawasan Biển Hồ. * Perhatian, provinsi ini telah mencatat satu kematian yang diduga berkaitan dengan demam dengue yang parah di kawasan Biển Hồ. Pasien berusia 27 tahun ini, yang memiliki riwayat diabetes, telah merawat diri sendiri di rumah selama 3 hari sebelum dirawat di rumah sakit dalam kondisi kritis. Ini adalah peringatan tentang bahaya merawat diri sendiri ketika menderita demam dengue.",Thông tin Chính phủ,2026-09-01,keyword:sốt xuất huyết
1536319678532807,https://www.facebook.com/photo?fbid=1536318068532968&set=pcb.1536319678532807,,2026-08-18,"Tối qua, Thông tin Chính phủ đã phát sóng trực tiếp buổi trao đổi ""Sự thật bất ngờ đằng sau những khung ảnh"" về sự nguy hiểm khó lường của sốt xuất huyết Dengue, mời xem lại tại: facebook.com/thongtinchinhphu/videos/1062860893146118",Thông tin Chính phủ,2026-09-01,keyword:sốt xuất huyết
1536319678532807,https://www.facebook.com/photo?fbid=1536318068532968&set=pcb.1536319678532807,,2026-08-18,"Mình 2 năm liền đều dính, 1 lần tiểu cầu giảm sâu , nhưng vẫn may mắn . Nhưng sau đợt ốm, tụt từ 52 xuống 46kg",Nhài Tạ,2026-09-01,keyword:sốt xuất huyết
1536319678532807,https://www.facebook.com/photo?fbid=1536318068532968&set=pcb.1536319678532807,,2026-08-18,A Di Đà Phật. Công đức vô lượng!,Võ Hùng Tự,2026-09-01,keyword:sốt xuất huyết
1536319678532807,https://www.facebook.com/photo?fbid=1536318068532968&set=pcb.1536319678532807,,2026-08-18,"Ai xem nhẹ vào nghe em kể bản thân em tí hẹo đây,sốt chủ quan không ra viện. Đến lúc ra viện lấy máu xét nghiệm thì đặc sẫm màu,chọc ven đâu bể đó. Truyền nước vào thì không hấp thụ được tràn cả ra ổ bụng. Máu lên não không đủ đầu nặng chịch",Nguyễn Nguyên,2026-09-01,keyword:sốt xuất huyết
1536319678532807,https://www.facebook.com/photo?fbid=1536318068532968&set=pcb.1536319678532807,,2026-08-18,"Nguyễn Nguyên triệu chứng ở tên bệnh luôn rồi mà, sốt và xuất huyết",Quang Ngọc,2026-09-01,keyword:sốt xuất huyết
1536319678532807,https://www.facebook.com/photo?fbid=1536318068532968&set=pcb.1536319678532807,,,"Quang Ngọc sốt xuất huyết nó 4 chủng lận bác nhé,trong đó chủng dengue nặng và nguy hiểm nhất(theo lời bs điều trị cho em). Và nó xuất huyết trong không phát ban ra ngoài,triệu chứng nó sốt như cúm hoạc sốt siêu vi. Nhưng sốt cao dồn dập,mê sảng. Gây cô đặc máu nên máu bơm lên não không đủ,đầu nặng",,2026-09-01,keyword:sốt xuất huyết
1536319678532807,https://www.facebook.com/photo?fbid=1536318068532968&set=pcb.1536319678532807,,2026-08-18,Ba Ori đi tiêm mũi sốt xuất huyết đi..e nói mà hk nghe,Thảo Nhi,2026-09-01,keyword:sốt xuất huyết
1536319678532807,https://www.facebook.com/photo?fbid=1536318068532968&set=pcb.1536319678532807,,2026-08-18,Nhà nước cố gắng tiêm phòng cho toàn dân ạ,Phạm Văn Thiện,2026-09-01,keyword:sốt xuất huyết
1536319678532807,https://www.facebook.com/photo?fbid=1536318068532968&set=pcb.1536319678532807,,2026-08-18,Ngọc Khánh Như Quỳnh,Huỳnh Thanh,2026-09-01,keyword:sốt xuất huyết
1536319678532807,https://www.facebook.com/photo?fbid=1536318068532968&set=pcb.1536319678532807,,2026-08-18,1 lần bị hãi tới già. Ko nên chủ quan với bệnh này mọi ng ah,Quyên Mèo,2026-09-01,keyword:sốt xuất huyết
1536319678532807,https://www.facebook.com/photo?fbid=1536318068532968&set=pcb.1536319678532807,,2026-08-18,đã bị khi bầu dc gần 2 tháng. thấy thật là khủng khiếp,Mai Nguyen,2026-09-01,keyword:sốt xuất huyết
1536319678532807,https://www.facebook.com/photo?fbid=1536318068532968&set=pcb.1536319678532807,,2026-08-18,"Tý hẹo 2 lần, 1 lần lúc nhỏ ko biết, 2021 đúng lúc dịch di lại khó khăn mém hẹo nữa, sợ thật",Thành Lương,2026-09-01,keyword:sốt xuất huyết
1536319678532807,https://www.facebook.com/photo?fbid=1536318068532968&set=pcb.1536319678532807,,2026-08-18,Cái bệnh này nó dã man khủng khiếp,Hung Nguyen Viet,2026-09-01,keyword:sốt xuất huyết
1536319678532807,https://www.facebook.com/photo?fbid=1536318068532968&set=pcb.1536319678532807,,2026-08-18,,Nguyễn Oanh,2026-09-01,keyword:sốt xuất huyết
1311024657775810,https://www.facebook.com/photo?fbid=1311024657775810&set=gm.1584113800094909,,2026-08-11,.,V. Trọng,2026-09-01,keyword:sốt xuất huyết
1311024657775810,https://www.facebook.com/photo?fbid=1311024657775810&set=gm.1584113800094909,,2026-08-11,.,Nguyễn Hồng Hải,2026-09-01,keyword:sốt xuất huyết
1311024657775810,https://www.facebook.com/photo?fbid=1311024657775810&set=gm.1584113800094909,,2026-08-11,Viêmmamchj iga,Peserta anonim 202,2026-09-01,keyword:sốt xuất huyết
1311024657775810,https://www.facebook.com/photo?fbid=1311024657775810&set=gm.1584113800094909,,2026-08-11,Viêm mạch IgA,Minh Nguyen,2026-09-01,keyword:sốt xuất huyết
1311024657775810,https://www.facebook.com/photo?fbid=1311024657775810&set=gm.1584113800094909,,2026-08-11,Like cmt hộ e với ạ. Em hóng câu tl ca này ạ,Hoài Phương,2026-09-01,keyword:sốt xuất huyết
1311024657775810,https://www.facebook.com/photo?fbid=1311024657775810&set=gm.1584113800094909,,2026-08-11,.,Thu Trang,2026-09-01,keyword:sốt xuất huyết
1311024657775810,https://www.facebook.com/photo?fbid=1311024657775810&set=gm.1584113800094909,,2026-08-11,Xin đáp án ạ,Khang La,2026-09-01,keyword:sốt xuất huyết
1311024657775810,https://www.facebook.com/photo?fbid=1311024657775810&set=gm.1584113800094909,,2026-08-11,Viêm mạch IgA,Trịnh Long,2026-09-01,keyword:sốt xuất huyết
1311024657775810,https://www.facebook.com/photo?fbid=1311024657775810&set=gm.1584113800094909,,2026-08-11,"Vài năm em sẽ bị nổi như thế này 1 lần. Không đau, kh ngứa, kh sốt. Nổi vài ngày là lặn",Peserta anonim 109,2026-09-01,keyword:sốt xuất huyết
1311024657775810,https://www.facebook.com/photo?fbid=1311024657775810&set=gm.1584113800094909,,2026-08-11,Viêm mạch Schönlein - Henoch,Nguyễn Trí Khoa,2026-09-01,keyword:sốt xuất huyết
1311024657775810,https://www.facebook.com/photo?fbid=1311024657775810&set=gm.1584113800094909,,2026-08-11,Nguyễn Trí Khoa e cũng nghĩ cùng ý này,Tấn Khoa,2026-09-01,keyword:sốt xuất huyết
1311024657775810,https://www.facebook.com/photo?fbid=1311024657775810&set=gm.1584113800094909,,2026-08-11,.,Vu Mai,2026-09-01,keyword:sốt xuất huyết
1311024657775810,https://www.facebook.com/photo?fbid=1311024657775810&set=gm.1584113800094909,,2026-08-11,Viêm mạch IgA,Vinh Nguyễn Vinh,2026-09-01,keyword:sốt xuất huyết
1311024657775810,https://www.facebook.com/photo?fbid=1311024657775810&set=gm.1584113800094909,,2026-08-11,Viêm mạch IgA,Phước Vui,2026-09-01,keyword:sốt xuất huyết
1311024657775810,https://www.facebook.com/photo?fbid=1311024657775810&set=gm.1584113800094909,,2026-08-11,Viêm mạch,Phạm Thanh Bình,2026-09-01,keyword:sốt xuất huyết
1311024657775810,https://www.facebook.com/photo?fbid=1311024657775810&set=gm.1584113800094909,,2026-08-11,"Giống giống với một tình huống trong kỳ thi GPHN, khai thác thêm bệnh nhân có tiếp xúc với máu của động vật như nghề mổ lợn gì không nữa",Sea Sun,2026-09-01,keyword:sốt xuất huyết
1311024657775810,https://www.facebook.com/photo?fbid=1311024657775810&set=gm.1584113800094909,,2026-08-11,.Bs cho e hỏi mặt bệnh nhân có ảnh ko ạ ??? Hay có ban hình cánh bướm ko ạ ??? Nếu ko ban cánh bướm thì ko phải là luput ban đỏ ! Viên da cơ địa( viêm da dị ứng ) còn bệnh nhân bị sau 3 năm thì phải chọc tủy để có chẩn đoán chính xác ạ !!!,Hà Minh Quyết,2026-09-01,keyword:sốt xuất huyết
1311024657775810,https://www.facebook.com/photo?fbid=1311024657775810&set=gm.1584113800094909,,2026-08-11,Viêm mạch Schonlein henoch,Bonggur Khen,2026-09-01,keyword:sốt xuất huyết
1311024657775810,https://www.facebook.com/photo?fbid=1311024657775810&set=gm.1584113800094909,,2026-08-11,.,Diễm My,2026-09-01,keyword:sốt xuất huyết
1311024657775810,https://www.facebook.com/photo?fbid=1311024657775810&set=gm.1584113800094909,,2026-08-11,Viêm mạch IgA,Ngoc Do,2026-09-01,keyword:sốt xuất huyết
1311024657775810,https://www.facebook.com/photo?fbid=1311024657775810&set=gm.1584113800094909,,2026-08-11,.,Thuỷ Nguyễn,2026-09-01,keyword:sốt xuất huyết
1311024657775810,https://www.facebook.com/photo?fbid=1311024657775810&set=gm.1584113800094909,,2026-08-11,.,Nhatnhoa Trieu,2026-09-01,keyword:sốt xuất huyết
1311024657775810,https://www.facebook.com/photo?fbid=1311024657775810&set=gm.1584113800094909,,2026-08-11,.,Bàn Thị Mến,2026-09-01,keyword:sốt xuất huyết
1311024657775810,https://www.facebook.com/photo?fbid=1311024657775810&set=gm.1584113800094909,,2026-08-11,https://s.shopee.vn/4LIQzfXc8M,Giáng My,2026-09-01,keyword:sốt xuất huyết
1311024657775810,https://www.facebook.com/photo?fbid=1311024657775810&set=gm.1584113800094909,,2026-08-11,Mình nghĩ đến lupus,Mạnh Nguyễn,2026-09-01,keyword:sốt xuất huyết
1311024657775810,https://www.facebook.com/photo?fbid=1311024657775810&set=gm.1584113800094909,,2026-08-11,Mạnh Nguyễn em nghĩ viêm mm dị ứng Henoch- schonlein a ạ,Nguyễn Thơm,2026-09-01,keyword:sốt xuất huyết
1311024657775810,https://www.facebook.com/photo?fbid=1311024657775810&set=gm.1584113800094909,,2026-08-18,.,Hue Nguyen,2026-09-01,keyword:sốt xuất huyết
3116413658548315,https://www.facebook.com/photo?fbid=3116413658548315&set=a.137077036482007,,2026-08-18,Ê mua chai nhuộm mùng ý phun xịt trong ngoài nhà lên tường được luôn á,Cổ Lan Hương,2026-09-01,keyword:sốt xuất huyết
3116413658548315,https://www.facebook.com/photo?fbid=3116413658548315&set=a.137077036482007,,2026-08-18,Cổ Lan Hương mua ở đâu chỉ c mua với,Phạm Lan Hương,2026-09-01,keyword:sốt xuất huyết
3116413658548315,https://www.facebook.com/photo?fbid=3116413658548315&set=a.137077036482007,,2026-08-18,Cu sốt à mợ đang nằm hả cháu đỡ tí nào chưa m,Hứa Vệ,2026-09-01,keyword:sốt xuất huyết
3116413658548315,https://www.facebook.com/photo?fbid=3116413658548315&set=a.137077036482007,,2026-08-18,Hứa Vệ dạ c mới nhập viện thôi c,Quỳnh Trang,2026-09-01,keyword:sốt xuất huyết
3116413658548315,https://www.facebook.com/photo?fbid=3116413658548315&set=a.137077036482007,,2026-08-25,Nhanh khỏe để về ăn bánh lọc nha con,Pham Thanh Thảo,2026-09-01,keyword:sốt xuất huyết
3116413658548315,https://www.facebook.com/photo?fbid=3116413658548315&set=a.137077036482007,,2026-08-18,"Ghê vậy hả, có bị muỗi chích k",Nguyễn Thị Thanh Nương,2026-09-01,keyword:sốt xuất huyết
3116413658548315,https://www.facebook.com/photo?fbid=3116413658548315&set=a.137077036482007,,2026-08-18,Nguyễn Thị Thanh Nương chắc chắn là bị rồi,Quỳnh Trang,2026-09-01,keyword:sốt xuất huyết
3116413658548315,https://www.facebook.com/photo?fbid=3116413658548315&set=a.137077036482007,,2026-08-25,Đức bị sốt hả e cháu khỏe chưa e,Nguyễn Nguyệt,2026-09-01,keyword:sốt xuất huyết
3116413658548315,https://www.facebook.com/photo?fbid=3116413658548315&set=a.137077036482007,,2026-08-25,Nguyễn Nguyệt nay cũng đỡ nhiều rồi c,Quỳnh Trang,2026-09-01,keyword:sốt xuất huyết
3116413658548315,https://www.facebook.com/photo?fbid=3116413658548315&set=a.137077036482007,,2026-08-18,Cháu do tí nào không trang,Pkam Linh,2026-09-01,keyword:sốt xuất huyết
3116413658548315,https://www.facebook.com/photo?fbid=3116413658548315&set=a.137077036482007,,2026-08-18,Pkam Linh mới nhập viện thôi c chắc nằm mấy ngày,Quỳnh Trang,2026-09-01,keyword:sốt xuất huyết
3116413658548315,https://www.facebook.com/photo?fbid=3116413658548315&set=a.137077036482007,,2026-08-18,Uk co gang lên nhe,Pkam Linh,2026-09-01,keyword:sốt xuất huyết
3116413658548315,https://www.facebook.com/photo?fbid=3116413658548315&set=a.137077036482007,,2026-08-18,Đức nằm ở đâu vậy thím,Em Chàng,2026-09-01,keyword:sốt xuất huyết
3116413658548315,https://www.facebook.com/photo?fbid=3116413658548315&set=a.137077036482007,,2026-08-18,Em Chàng nay nằm ở bv tỉnh nè,Quỳnh Trang,2026-09-01,keyword:sốt xuất huyết
3116413658548315,https://www.facebook.com/photo?fbid=3116413658548315&set=a.137077036482007,,2026-08-18,Em Chàng còn e bé chưa bị mong là k sao,Quỳnh Trang,2026-09-01,keyword:sốt xuất huyết
3116413658548315,https://www.facebook.com/photo?fbid=3116413658548315&set=a.137077036482007,,2026-08-18,Tội nghiệp Đức quá chúc đức mau khỏe nha.thoi mang e jun xuống bà ngoại giấu thôi.sợ quá,Vy Phuong,2026-09-01,keyword:sốt xuất huyết
3116413658548315,https://www.facebook.com/photo?fbid=3116413658548315&set=a.137077036482007,,2026-08-18,Vy Phuong e jun đi bà ngoại từ hôm t bệnh tới giớ á tội ghê,Quỳnh Trang,2026-09-01,keyword:sốt xuất huyết
3116413658548315,https://www.facebook.com/photo?fbid=3116413658548315&set=a.137077036482007,,2026-08-18,Em đỡ chưa gái?,Jumi Tran,2026-09-01,keyword:sốt xuất huyết
3116413658548315,https://www.facebook.com/photo?fbid=3116413658548315&set=a.137077036482007,,2026-08-18,Jumi Tran vẫn còn mệt lắm,Quỳnh Trang,2026-09-01,keyword:sốt xuất huyết
3116413658548315,https://www.facebook.com/photo?fbid=3116413658548315&set=a.137077036482007,,2026-08-25,Chúc con mau khỏe nhé,Mến Hồng,2026-09-01,keyword:sốt xuất huyết
3116413658548315,https://www.facebook.com/photo?fbid=3116413658548315&set=a.137077036482007,,2026-08-18,Thương thế !! Chúc em mau khỏi về nhà nhaaa ! Bị gì mà theo cả nhà luôn,Lý Duyên,2026-09-01,keyword:sốt xuất huyết
3116413658548315,https://www.facebook.com/photo?fbid=3116413658548315&set=a.137077036482007,,2026-08-18,Lý Duyên xóm mình đang dịch sốt xuất huyết á để ý mấy đứa nhỏ nha c,Quỳnh Trang,2026-09-01,keyword:sốt xuất huyết
3116413658548315,https://www.facebook.com/photo?fbid=3116413658548315&set=a.137077036482007,,2026-08-18,Chị ho cả nửa tháng uống thuốc không khỏi luôn không biết thế nào,Hoàng Hằng,2026-09-01,keyword:sốt xuất huyết
3116413658548315,https://www.facebook.com/photo?fbid=3116413658548315&set=a.137077036482007,,2026-08-18,Hoàng Hằng chắc lên sg mới khỏi đc c,Quỳnh Trang,2026-09-01,keyword:sốt xuất huyết
3116413658548315,https://www.facebook.com/photo?fbid=3116413658548315&set=a.137077036482007,,2026-08-18,Hoàng Hằng uống cây giòi tía mấy hôm là khỏi luôn Á chị,Phương Thảo,2026-09-01,keyword:sốt xuất huyết
3116413658548315,https://www.facebook.com/photo?fbid=3116413658548315&set=a.137077036482007,,2026-08-18,Ôi đức đi viện rồi hả. Viện nào vậy em,Thị Mười Dương,2026-09-01,keyword:sốt xuất huyết
3116413658548315,https://www.facebook.com/photo?fbid=3116413658548315&set=a.137077036482007,,2026-08-18,Thị Mười Dương đang nằm bv tỉnh c,Quỳnh Trang,2026-09-01,keyword:sốt xuất huyết
3116413658548315,https://www.facebook.com/photo?fbid=3116413658548315&set=a.137077036482007,,2026-08-18,Cố lên Đức ơi bác chúc Đức mau mạnh khỏe nhé nay em lại cho Đức đi khám lại hay sao có ở tí nào không em,Thu Huệ,2026-09-01,keyword:sốt xuất huyết
3116413658548315,https://www.facebook.com/photo?fbid=3116413658548315&set=a.137077036482007,,2026-08-18,Thu Huệ nay đi khám bs bảo nhập viện rồi bác ơi,Quỳnh Trang,2026-09-01,keyword:sốt xuất huyết
3116413658548315,https://www.facebook.com/photo?fbid=3116413658548315&set=a.137077036482007,,2026-08-18,Thu Huệ dạ cảm ơn bác,Quỳnh Trang,2026-09-01,keyword:sốt xuất huyết
1006214992450851,https://www.facebook.com/photo?fbid=1006213389117678&set=pcb.1006214992450851,,2026-08-18,"“Diệt lăng quăng, bọ gậy là biện pháp quan trọng để phòng bệnh sốt xuất huyết.”",Trường MN Phước Cát,2026-09-01,keyword:sốt xuất huyết
1006214992450851,https://www.facebook.com/photo?fbid=1006213389117678&set=pcb.1006214992450851,,2026-08-18,"“Mỗi gia đình hãy chủ động phòng, chống sốt xuất huyết vì sức khỏe của trẻ em và cộng đồng.”",Trường MN Phước Cát,2026-09-01,keyword:sốt xuất huyết
1006214992450851,https://www.facebook.com/photo?fbid=1006213389117678&set=pcb.1006214992450851,,2026-08-18,"“Không có lăng quăng, không có sốt xuất huyết.”",Nguyễn Phương Thảo,2026-09-01,keyword:sốt xuất huyết
1006214992450851,https://www.facebook.com/photo?fbid=1006213389117678&set=pcb.1006214992450851,,2026-08-18,Chúng ta hãy chủ động duyệt lăng quăng để phòng chống bệnh sốt xuất huyết.,Nguyễn Kim Thuyên,2026-09-01,keyword:sốt xuất huyết
1006214992450851,https://www.facebook.com/photo?fbid=1006213389117678&set=pcb.1006214992450851,,2026-08-18,"Vì sức khỏe, chúng ta cùng loại bỏ lăng quăng để phòng chống sốt xuất huyết",Nguyễn Thị Thanh Nhẫn,2026-09-01,keyword:sốt xuất huyết
1006214992450851,https://www.facebook.com/photo?fbid=1006213389117678&set=pcb.1006214992450851,,2026-08-18,,Hồng Võ,2026-09-01,keyword:sốt xuất huyết
1006214992450851,https://www.facebook.com/photo?fbid=1006213389117678&set=pcb.1006214992450851,,2026-08-25,,Mộc Tiếng,2026-09-01,keyword:sốt xuất huyết
1006214992450851,https://www.facebook.com/photo?fbid=1006213389117678&set=pcb.1006214992450851,,2026-08-18,"Trường Mầm non Phước Cát rất mong nhận được sự phối hợp của quý phụ huynh để cùng chung tay phòng, chống dịch sốt xuất huyết hiệu quả.",Nguyễn Phương Thảo,2026-09-01,keyword:sốt xuất huyết
1006214992450851,https://www.facebook.com/photo?fbid=1006213389117678&set=pcb.1006214992450851,,2026-08-18,Thật tuyệt vời nhà trường thực hiện tốt công tác phòng chống sốt xuất huyết để đảm bảo tốt sức khoẻ cho con em đến trường.,Hat Cat Con,2026-09-01,keyword:sốt xuất huyết
1006214992450851,https://www.facebook.com/photo?fbid=1006213389117678&set=pcb.1006214992450851,,2026-08-18,"hãy cùng chung tay phòng chống bệnh sốt xuất huyết "" Diệt lăng quăng - hành động nhỏ - lợi ích lớn""",Phạm Thị Kim Lệ,2026-09-01,keyword:sốt xuất huyết
1400685645579867,https://www.facebook.com/photo?fbid=1400685635579868&set=pcb.1400685645579867,,2026-08-18,"Wabah dengue di Hanoi menunjukkan banyak perkembangan yang menonjol seiring meningkatnya demam dengue dalam seminggu. Wabah dengue juga mencatatkan lebih dari 200 kasus, sementara demam campak dan kusta terus muncul di banyak wilayah. Menurut Hanoi Center for Disease Control (CDC), dalam seminggu lalu, kota ini mencatatkan 316 kasus demam dengue di 74 kawasan dan komunitas, termasuk Hong Van, Dan Hoa, Phuong Duc, Ha Dong, Binh Minh... Jumlah kasus meningkat sebesar 81 berbanding dengan minggu sebelumnya. Sejak awal tahun, Hanoi telah mencatatkan 1.598 kasus demam dengue di 115 kawasan dan komunitas, tanpa kasus kematian yang dicatatkan. Jumlah kasus ini lebih rendah dari rata-rata untuk periode 2021-2025 (1.939 kasus) dan jauh lebih rendah dibandingkan dengan periode yang sama pada tahun 2023, ketika kota ini mencatatkan 4.730 kasus. Selain demam dengue, kasus hand-foot-and-mouth disease di Hanoi juga meningkat dalam seminggu lalu. Kota ini mencatatkan 142 kasus di 69 kawasan dan komunitas, dengan peningkatan 39 kasus berbanding dengan minggu sebelumnya. Sejak awal tahun, Hanoi telah mencatatkan 4.539 kasus hand-foot-and-mouth disease di 126 kawasan dan komunitas. Jumlah kasus secara keseluruhan sejak awal tahun, Hanoi telah mencatatkan 378 kasus. Measles juga telah mencatatkan 4 kasus di 11 kawasan dan komunitas, membawa jumlah total menjadi 97 kasus sejak awal tahun di 52 kawasan dan komunitas. Wabah dengue juga telah mencatatkan 213 kasus di 81 kawasan dan komunitas dalam seminggu lalu; jumlah kasus ini lebih rendah dibandingkan dengan minggu sebelumnya. Menurut: ZNews",Theanh28 Entertainment,2026-09-01,keyword:sốt xuất huyết
1400685645579867,https://www.facebook.com/photo?fbid=1400685635579868&set=pcb.1400685645579867,,2026-08-18,Lại covid 19 hả,Thương Lý,2026-09-01,keyword:sốt xuất huyết
1400685645579867,https://www.facebook.com/photo?fbid=1400685635579868&set=pcb.1400685645579867,,2026-08-18,"Huhu,đang định bỏ qua mũi tiêm này thì thấy",Lan Anh,2026-09-01,keyword:sốt xuất huyết
1400685645579867,https://www.facebook.com/photo?fbid=1400685635579868&set=pcb.1400685645579867,,2026-08-18,Đinh Trang có đi HN về không đấy,NgUyễn ThẢo,2026-09-01,keyword:sốt xuất huyết
1400685645579867,https://www.facebook.com/photo?fbid=1400685635579868&set=pcb.1400685645579867,,2026-08-25,NgUyễn ThẢo lm j có thò mặt đi đến đâu c ơi,Đinh Trang,2026-09-01,keyword:sốt xuất huyết
1400685645579867,https://www.facebook.com/photo?fbid=1400685635579868&set=pcb.1400685645579867,,2026-08-18,T ca 317,Ngọc,2026-09-01,keyword:sốt xuất huyết
1400685645579867,https://www.facebook.com/photo?fbid=1400685635579868&set=pcb.1400685645579867,,2026-08-18,Đỗ Khánh Quân,Nguyễn Thu Hằng,2026-09-01,keyword:sốt xuất huyết
1400685645579867,https://www.facebook.com/photo?fbid=1400685635579868&set=pcb.1400685645579867,,2026-08-18,Thanh Dương,Thanh Huệ,2026-09-01,keyword:sốt xuất huyết
1400685645579867,https://www.facebook.com/photo?fbid=1400685635579868&set=pcb.1400685645579867,,2026-08-18,Hà Dinh,Rory Nguyễn,2026-09-01,keyword:sốt xuất huyết
1400685645579867,https://www.facebook.com/photo?fbid=1400685635579868&set=pcb.1400685645579867,,2026-08-18,Trang Trịnh,Huy Trần,2026-09-01,keyword:sốt xuất huyết
1400685645579867,https://www.facebook.com/photo?fbid=1400685635579868&set=pcb.1400685645579867,,2026-08-18,Kinh quâ,Hoàng Hưởng,2026-09-01,keyword:sốt xuất huyết
1400685645579867,https://www.facebook.com/photo?fbid=1400685635579868&set=pcb.1400685645579867,,2026-08-18,Éc,Ngọc Tý,2026-09-01,keyword:sốt xuất huyết
1400685645579867,https://www.facebook.com/photo?fbid=1400685635579868&set=pcb.1400685645579867,,2026-08-25,Zời ơi,Hà Nguyệt,2026-09-01,keyword:sốt xuất huyết
1400685645579867,https://www.facebook.com/photo?fbid=1400685635579868&set=pcb.1400685645579867,,2026-08-18,Hương Su,Hà Bống,2026-09-01,keyword:sốt xuất huyết
1400685645579867,https://www.facebook.com/photo?fbid=1400685635579868&set=pcb.1400685645579867,,2026-08-18,Minh Chang,P.V Minh Triết,2026-09-01,keyword:sốt xuất huyết
1400685645579867,https://www.facebook.com/photo?fbid=1400685635579868&set=pcb.1400685645579867,,2026-08-18,Anh Quân,Kim Ngân,2026-09-01,keyword:sốt xuất huyết
1400685645579867,https://www.facebook.com/photo?fbid=1400685635579868&set=pcb.1400685645579867,,2026-08-25,Nguyen Chien,Trang Cục Xúc,2026-09-01,keyword:sốt xuất huyết
1400685645579867,https://www.facebook.com/photo?fbid=1400685635579868&set=pcb.1400685645579867,,2026-08-18,Trần Tuyết Tâm Thanhbinh Nguyen,Nguyễn Phượng Yến,2026-09-01,keyword:sốt xuất huyết
1400685645579867,https://www.facebook.com/photo?fbid=1400685635579868&set=pcb.1400685645579867,,2026-08-18,Nguyễn Phượng Yến khiếp nhit,Trần Tuyết Tâm,2026-09-01,keyword:sốt xuất huyết
1400685645579867,https://www.facebook.com/photo?fbid=1400685635579868&set=pcb.1400685645579867,,2026-08-25,Nguyễn Quang Vĩnh,Trương Thu Phuong,2026-09-01,keyword:sốt xuất huyết
1400685645579867,https://www.facebook.com/photo?fbid=1400685635579868&set=pcb.1400685645579867,,2026-08-25,Trương Thu Phuong khéo toang,Nguyễn Quang Vĩnh,2026-09-01,keyword:sốt xuất huyết
1400685645579867,https://www.facebook.com/photo?fbid=1400685635579868&set=pcb.1400685645579867,,2026-08-18,Mến,Thuý Kiều,2026-09-01,keyword:sốt xuất huyết
1400685645579867,https://www.facebook.com/photo?fbid=1400685635579868&set=pcb.1400685645579867,,2026-08-18,Thùy Dương,Anh Vân,2026-09-01,keyword:sốt xuất huyết
1400685645579867,https://www.facebook.com/photo?fbid=1400685635579868&set=pcb.1400685645579867,,2026-08-25,Ánh Min,ĐứC TrunG,2026-09-01,keyword:sốt xuất huyết
1400685645579867,https://www.facebook.com/photo?fbid=1400685635579868&set=pcb.1400685645579867,,2026-08-25,ĐứC TrunG đóng cửa ở nhà,Ánh Min,2026-09-01,keyword:sốt xuất huyết
1400685645579867,https://www.facebook.com/photo?fbid=1400685635579868&set=pcb.1400685645579867,,2026-08-18,Lâm Nguyễn a có đi HN đâu mà lây nhỉ,Mai Phương,2026-09-01,keyword:sốt xuất huyết
1400685645579867,https://www.facebook.com/photo?fbid=1400685635579868&set=pcb.1400685645579867,,2026-08-18,Tâm Hiền,Lê Ngọc Trung,2026-09-01,keyword:sốt xuất huyết
1400685645579867,https://www.facebook.com/photo?fbid=1400685635579868&set=pcb.1400685645579867,,2026-08-18,Phan Tiến Nam,Nguyễn Khánh Huyền,2026-09-01,keyword:sốt xuất huyết
1400685645579867,https://www.facebook.com/photo?fbid=1400685635579868&set=pcb.1400685645579867,,2026-08-18,Nguyễn Khánh Huyền gì vậy iem,Phan Tiến Nam,2026-09-01,keyword:sốt xuất huyết
1400685645579867,https://www.facebook.com/photo?fbid=1400685635579868&set=pcb.1400685645579867,,2026-08-18,Quuen Nì,Việt Linh,2026-09-01,keyword:sốt xuất huyết
4377058172515266,https://www.facebook.com/photo?fbid=4377058172515266&set=gm.2860396537692258,,2026-07-21,Tiểu cầu bé ổn ko mom?,Vũ Thanh Nga,2026-09-01,keyword:sốt xuất huyết
4377058172515266,https://www.facebook.com/photo?fbid=4377058172515266&set=gm.2860396537692258,,2026-07-21,Xét nghiệm thì đang hồi phục tc rùi ah,Hoàng Anh Thu,2026-09-01,keyword:sốt xuất huyết
4377058172515266,https://www.facebook.com/photo?fbid=4377058172515266&set=gm.2860396537692258,,2026-07-21,Hoàng Anh Thu nên xét nghiệm thêm để xem tiểu cầu thực sự quay đầu chưa nhé. Kinh nghiệm của mình thui,,2026-09-01,keyword:sốt xuất huyết
4377058172515266,https://www.facebook.com/photo?fbid=4377058172515266&set=gm.2860396537692258,,2026-07-21,Để t2 mình cho bé đi ktra lại lần nữa,,2026-09-01,keyword:sốt xuất huyết
4377058172515266,https://www.facebook.com/photo?fbid=4377058172515266&set=gm.2860396537692258,,2026-07-21,"sxh xong ng mệt lắm, cả tháng trời mới ổn ấy, nhớ hạn chế tắm gội nhé mom, lau qua bằng nước ấm thôi, sau con khoẻ hẳn thì tắm sau ạ",Trần Hằng,2026-09-01,keyword:sốt xuất huyết
4377058172515266,https://www.facebook.com/photo?fbid=4377058172515266&set=gm.2860396537692258,,2026-07-21,"Ôi s bsi lại dặn mình ko kiêng tắm , về tắm rừa cho bé , vì ở viện mấy hôm cái sáng dk về trưa mình có tắm bằng nước nóng cho bé. Thân nhiệt vẫn 37 ng hầm nóng í",Hoàng Anh Thu,2026-09-01,keyword:sốt xuất huyết
4377058172515266,https://www.facebook.com/photo?fbid=4377058172515266&set=gm.2860396537692258,,2026-07-21,"Hoàng Anh Thu mình k biết như nào,nhưng mình bị sxh nằm cùng mấy bà cùng phòng,mấy bà dặn đừng tắm,thấy bảo có mấy ng về tắm nên đi luôn,mình cũng sợ,nên chỉ lau qua,chục ngày sau mới giám tắm",,2026-09-01,keyword:sốt xuất huyết
4377058172515266,https://www.facebook.com/photo?fbid=4377058172515266&set=gm.2860396537692258,,2026-07-21,E cám ơn ạ,,2026-09-01,keyword:sốt xuất huyết
1458575012973928,https://www.facebook.com/photo?fbid=1458575012973928&set=a.248775973953844,@Dengue,2026-07-21,"Không phải mọi trường hợp sốt xuất huyết đều nhẹ Khi mắc bệnh sốt xuất huyết, người bệnh thường có các triệu chứng như sốt cao đột ngột, đau đầu, đau mỏi người, đau cơ, đau khớp, có thể kèm theo buồn nôn, chán ăn hoặc phát ban. Sau giai đoạn sốt, bệnh có thể chuyển sang giai đoạn nguy hiểm với các biến chứng đe dọa tính mạng, gây thoát huyết tương, xuất huyết hoặc suy tuần hoàn. Một trong những điểm khiến bệnh sốt xuất huyết dễ bị xem nhẹ là khi người bệnh bắt đầu hạ sốt, nhiều người nghĩ rằng bệnh đã khỏi. Thực tế, thời điểm bắt đầu hạ sốt (thường từ ngày thứ 3 đến ngày thứ 7 của bệnh) lại chính là lúc người bệnh cần theo dõi chặt chẽ nhất vì nguy cơ diễn tiến nặng rất cao. Nhận biết dấu hiệu cảnh báo để đi khám kịp thời. Người mắc bệnh sốt xuất huyết cần được theo dõi sát sao và đưa ngay đến cơ sở y tế khi có các dấu hiệu cảnh báo như: lừ đừ, bứt rứt, bồn chồn; đau bụng nhiều hoặc đau liên tục; nôn ói nhiều; chảy máu bất thường như chảy máu răng, chảy máu mũi hay đi cầu ra máu; khó thở hoặc các biểu hiện bất thường khác. Việc phát hiện sớm dấu hiệu nguy hiểm và nhập viện điều trị kịp thời giúp giảm nguy cơ biến chứng, bảo vệ an toàn tính mạng cho người bệnh. Chủ động phòng bệnh từ những việc làm hằng ngày Hiện nay, biện pháp quan trọng để phòng sốt xuất huyết là kiểm soát muỗi truyền bệnh và loại bỏ nơi muỗi sinh sản. Mỗi người dân cần dành thời gian kiểm tra không gian sống, nơi làm việc và học tập để phát hiện và xử lý các vật dụng có thể đọng nước - nơi muỗi vằn đẻ trứng. Các thói quen cần duy trì thường xuyên bao gồm: cọ rửa và đậy kín các dụng cụ chứa nước sinh hoạt; cọ rửa và thay nước bình hoa, chậu cây thủy sinh; vệ sinh ban công và rãnh thoát nước; thu gom phế liệu; lật úp các vật chứa nước khi không dùng đến và đặt ở nơi có mái che; đồng thời áp dụng các biện pháp để phòng tránh muỗi chích. Bên cạnh đó, khi có triệu chứng nghi ngờ mắc bệnh sốt xuất huyết, người dân không nên tự ý điều trị tại nhà hoặc dùng thuốc không phù hợp, mà cần liên hệ cơ sở y tế để được thăm khám và hướng dẫn chăm sóc. Đặc biệt, không tự ý dùng Aspirin hoặc Ibuprofen để hạ sốt, vì các thuốc này có thể làm tăng nguy cơ chảy máu ở người mắc sốt xuất huyết; chỉ nên hạ sốt bằng Paracetamol theo đúng liều lượng được hướng dẫn của nhân viên y tế. Sốt xuất huyết Dengue không chỉ là một cơn sốt thông thường. Sự chủ động của mỗi người trong phòng bệnh, phát hiện sớm dấu hiệu mắc bệnh và chăm sóc đúng cách là yếu tố quan trọng góp phần bảo vệ sức khỏe bản thân, gia đình và cộng đồng. Nguồn tham khảo: - WHO: https://www.who.int/.../detail/dengue-and-severe-dengue - WHO: https://www.who.int/.../que.../item/dengue-and-severe-dengue - Bộ Y tế: https://thuvienphapluat.vn/.../Quyet-dinh-2760-QD-BYT... - HCDC: https://hcdc.vn/6-dau-hieu-benh-sot-xuat-huyet-chuyen... - HCDC: https://hcdc.vn/nhung-viec-can-lam-moi-tuan-de-phong... Trần Ngọc - Trung tâm Kiểm soát bệnh tật Thành phố Hồ Chí Minh",Trung tâm Kiểm soát Bệnh tật Thành phố Hồ Chí Minh,2026-09-01,keyword:sốt xuất huyết
1458575012973928,https://www.facebook.com/photo?fbid=1458575012973928&set=a.248775973953844,@Dengue,2026-07-21,",",Trần Thanh Trang,2026-09-01,keyword:sốt xuất huyết
1068567455757651,https://www.facebook.com/reel/1068567455757651,,2026-08-31,,Trạm Y tế xã Hà Nha,2026-09-01,keyword:sốt xuất huyết
1068567455757651,https://www.facebook.com/reel/1068567455757651,,2026-08-31,,Duyên Phạm,2026-09-01,keyword:sốt xuất huyết
1068567455757651,https://www.facebook.com/reel/1068567455757651,,2026-08-31,,Diễm Lê,2026-09-01,keyword:sốt xuất huyết
1068567455757651,https://www.facebook.com/reel/1068567455757651,,2026-08-31,,Sa le Cam,2026-09-01,keyword:sốt xuất huyết
1068567455757651,https://www.facebook.com/reel/1068567455757651,,2026-09-01,,Hien Zu Zu,2026-09-01,keyword:sốt xuất huyết
1068567455757651,https://www.facebook.com/reel/1068567455757651,,2026-08-31,,Nguyễn Trinh,2026-09-01,keyword:sốt xuất huyết
1068567455757651,https://www.facebook.com/reel/1068567455757651,,2026-09-01,,Đà Võ,2026-09-01,keyword:sốt xuất huyết
1100599815813645,https://www.facebook.com/photo?fbid=1100599789146981&set=pcb.1100599815813645,,2026-08-30,"In tropical countries where Papaya is grown, the leaves of the papaya are blended with water and consumed to treat dengue. The papaya leave juice restores the drop in platelet count very quickly. The treatment works within two or three days …according to those who’ve experienced the condition. Information available in online videos.",Jennifer Pirali-Neal,2026-09-01,keyword:dengue fever
1686703226148868,https://www.facebook.com/photo?fbid=1686703226148868&set=a.268320637987141,,,Why hasnt she won the noble prize in medicine yet ?,Tijo Titus sekitar satu jam yang lalu,2026-09-01,keyword:dengue fever
2008475386600141,https://www.facebook.com/photo?fbid=2008475386600141&set=a.1168843363896685,,2026-08-30,"Please take care of your family's health, stay healthy, keep your family healthy, thank you.",বঙ্গবন্ধু পরিষদ,2026-09-01,keyword:dengue fever
2008475386600141,https://www.facebook.com/photo?fbid=2008475386600141&set=a.1168843363896685,,2026-08-30,,Flordeliza R Tañeza,2026-09-01,keyword:dengue fever
2008475386600141,https://www.facebook.com/photo?fbid=2008475386600141&set=a.1168843363896685,,2026-09-01,Urgent Appeal: Children and the elderly in Al-Jawf are trapped between the ravages of dengue fever and the Ministry of Health's failure to provide medical support! Save Al-Jawf Governorate in Yemen from dengue fever.,د.احلام ألشامي,2026-09-01,keyword:dengue fever
2008475386600141,https://www.facebook.com/photo?fbid=2008475386600141&set=a.1168843363896685,,2026-08-30,"#SOAPSCIENCE WHOLE WORLD ....................... T O G E T H E R ไม่มีน้ำสบู่ของคุณแม่ คนไหนไหน บนโลกใบนี้ ที่ฉีดยุงลาย และ ยุงดื้อยา ทุกชนิด ไม่ตาย 129th y WORLD MOSQUITO DAY EACH HOME OWNER ONESELF CAN USE TO DECREASE DEMON MOSQUITOES EVERYHOME EVERYWHERE WHOLE WORLD CSU EXTENSION Insect Control : 5.547 SOAPS HAVE BEEN USED TO CONTROL INSECTS FOR --- MORE THAN 200 YEARS.--- 1787 / 2330 HAND SOAP - SWARM DOWN ALL SRI LANKA INDIA NIGERIA WHOLE WORLD CAN DO THIS !!! KILL ALL DEMON MOSQUITOES SP. + DIPTERANS SOAP EACH HOMES EVERYDAY #SOAPSCIENCE #SOAPRESPECTOURCHILDREN ................. #SOAPSINKMOSQUITODOWNFIRSTLY ................. #SOAPSPIRACLEARTHROPODS TOGETHER TOGETHER TOGETHER TOGETHER TOGETHER #eliminatemalaria CALM ALL DEMON ARTHROPODS DOWN YOUR OFFICE HAND SOAP STOP THEM TOGETHER #SOAPSCIENCE WHOLE WORLD T O G E T H E R 2 TABLESPOONS + 500 ML. WATER OK SOAPY SPRAY RESTING MOSQUITOES TO SINK DOWN FIRSTLY BEFORE DRAIN OR LARVICIDE TREATING #SOAPSINKMOSQUITODOWNFIRSTLY #SOAPTHAILANDOKWHOLEWORLD1998 ALL DIPTERANS #SOAPSCIENCEDMSCTHAILAND #USEYOURSOAPSTOPSUCKER #WEWANTSOMETHINGJUSTLIKESUPERSOAP #FIGHTTHEBITE S O A P ..... D E L E T E ..... A L L #MOSQUITO ( 17 ) #DENGUE #MALARIA #ZIKA #FILARIA #FILARIOSE+#CHIK+ #YF #WESTNILEVIRUS #EEE #WEE #VEE #JEV #JCV #LACV #MVEV #MAYV #RVF #RRF #SLEV #MAYAROVIRUS #USUTUVIRUS ..... #SOAPSINKMOSQUITODOWNFIRSTLY #DEMONDIPTERAN ( 7 ) #SLEEPINGSICKNESS #RIVERBLINDNESS #LEISHMANIASIS #OROPOUCHE #CHANDIPURA #TRACHOMA #CHOLERA + #MANSONELLOSIS + ANIMAL Trypanosomiasis ( Surra , Nagana , Dourine ) #CHAGAS #30JANJUSTSOAPOKWHOLEWORLD NTD (TRACHOMA FILARIA) #14APRJUSTSOAPOKWHOLEWORLD CHAGAS #25APRJUSTSOAPOKWHOLEWORLD MALARIA #01JUNEJUSTSOAPOKWHOLEWORLD LEISHMANIASIS #15JUNEJUSTSOAPOKWHOLEWORLD DENGUE , S E A #20AUGJUSTSOAPOKWHOLEWORLD1897 MOSQUITO",Kasin Suphapathom,2026-09-01,keyword:dengue fever
2008475386600141,https://www.facebook.com/photo?fbid=2008475386600141&set=a.1168843363896685,,2026-08-30,Enjoy the Military Firing Squads,TW Lubrecht,2026-09-01,keyword:dengue fever
2008475386600141,https://www.facebook.com/photo?fbid=2008475386600141&set=a.1168843363896685,,2026-08-30,Use our nets and saves your family Gunakan jaring kami dan bebas dari semua penyakit termasuk nyamuk dengan rahmat Allah,Mosquito Net Ctg,2026-09-01,keyword:dengue fever
2008475386600141,https://www.facebook.com/photo?fbid=2008475386600141&set=a.1168843363896685,,2026-08-30,the world health organization is a terrorist group and should be designated as such,Ben Fullarton,2026-09-01,keyword:dengue fever
2008475386600141,https://www.facebook.com/photo?fbid=2008475386600141&set=a.1168843363896685,,2026-08-30,Thanks for your information,Ezonfade Enoch,2026-09-01,keyword:dengue fever
2008475386600141,https://www.facebook.com/photo?fbid=2008475386600141&set=a.1168843363896685,,2026-08-31,"Dr. Rizwan Ali Consultant Psychologist 20 years of Professional experience Treating Depression; Anxiety Addiction &more!! worldwide successfully Need Help, I am at your service just Follow the procedure to Get Appointment As soon as possible Team will contact you to connect with me PAY your session fee 10K /=PKR per session video20K Physi @ IBAN # PK27DUIB0000000796004001 Dubai Islamic Bank DIB Account Title RIZWAN ALI KHAN Account number 0796004001 WhatsApp me your payment slip for Appointments Thank you",Rizwan Ali,2026-09-01,keyword:dengue fever
2008475386600141,https://www.facebook.com/photo?fbid=2008475386600141&set=a.1168843363896685,,2026-08-31,"For ONLINE PRIVATE MATHEMATICS and SCIENCE LESSON, WHATSAPP +2348062778927",Enugu Tutor,2026-09-01,keyword:dengue fever
28394850020132667,https://www.facebook.com/photo?fbid=28394846820132987&set=pcb.28394850020132667,,2026-08-18,ទឹកចិត្ត​ឪពុក​,Lina,2026-09-01,keyword:dengue fever
1595025665996434,https://www.facebook.com/photo?fbid=1595025665996434&set=a.374179858081027,@Citrus County confirms first case of locally acquired Dengue fever,2026-08-25,https://www.wfla.com/.../citrus-county-confirms-first.../,WFLA News Channel 8,2026-09-01,keyword:dengue fever
1595025665996434,https://www.facebook.com/photo?fbid=1595025665996434&set=a.374179858081027,@Citrus County confirms first case of locally acquired Dengue fever,2026-08-25,It's almost like we need some sort of Center to Control Diseases,Ricky Renes,2026-09-01,keyword:dengue fever
1595025665996434,https://www.facebook.com/photo?fbid=1595025665996434&set=a.374179858081027,@Citrus County confirms first case of locally acquired Dengue fever,2026-08-25,Ricky Renes We are in a 2026 recession/inflation/tariff year! How dare you try to think of healing!,Traci Nicole,2026-09-01,keyword:dengue fever
1595025665996434,https://www.facebook.com/photo?fbid=1595025665996434&set=a.374179858081027,@Citrus County confirms first case of locally acquired Dengue fever,2026-08-25,Ricky Renes didn’t Bill Gates release 6 million mosquitos over Florida?,Karen Nesbitt,2026-09-01,keyword:dengue fever
1595025665996434,https://www.facebook.com/photo?fbid=1595025665996434&set=a.374179858081027,@Citrus County confirms first case of locally acquired Dengue fever,2026-08-25,"Ricky Renes sorry, they're all not working anymore",Barbara Finnegan,2026-09-01,keyword:dengue fever
1595025665996434,https://www.facebook.com/photo?fbid=1595025665996434&set=a.374179858081027,@Citrus County confirms first case of locally acquired Dengue fever,2026-08-25,"Where did they get it in ""Citrus"" county? ..in the middle? Closer to another county... Or they just were in that county when diagnosed...",Susan Wysong,2026-09-01,keyword:dengue fever
1595025665996434,https://www.facebook.com/photo?fbid=1595025665996434&set=a.374179858081027,@Citrus County confirms first case of locally acquired Dengue fever,2026-08-25,Susan Wysong 3rd world travel,Jerrald Zemba,2026-09-01,keyword:dengue fever
1595025665996434,https://www.facebook.com/photo?fbid=1595025665996434&set=a.374179858081027,@Citrus County confirms first case of locally acquired Dengue fever,2026-08-25,Susan Wysong it was on the Citrus County mosquito website as well,Lee Meg,2026-09-01,keyword:dengue fever
1595025665996434,https://www.facebook.com/photo?fbid=1595025665996434&set=a.374179858081027,@Citrus County confirms first case of locally acquired Dengue fever,2026-08-25,Susan Wysong we had cases in pasco last year. More illegals means lots of neat diseases we got rid of years ago...,James Wood,2026-09-01,keyword:dengue fever
1595025665996434,https://www.facebook.com/photo?fbid=1595025665996434&set=a.374179858081027,@Citrus County confirms first case of locally acquired Dengue fever,2026-08-25,I’ve had a very mild case of dengue in Puerto Rico as a teen,Sherry Stark,2026-09-01,keyword:dengue fever
1595025665996434,https://www.facebook.com/photo?fbid=1595025665996434&set=a.374179858081027,@Citrus County confirms first case of locally acquired Dengue fever,2026-08-25,"Sherry Stark I wonder if the different strains have different symptoms because I was absolutely miserable. Couldn’t eat or sleep, and the pain literally had me crying. Honestly wouldn’t wish it on my worst enemy",Keith N Randi Mosley,2026-09-01,keyword:dengue fever
1595025665996434,https://www.facebook.com/photo?fbid=1595025665996434&set=a.374179858081027,@Citrus County confirms first case of locally acquired Dengue fever,2026-08-25,Never heard of it but I'll get some Tylenol anyway,Sean Swindle,2026-09-01,keyword:dengue fever
1595025665996434,https://www.facebook.com/photo?fbid=1595025665996434&set=a.374179858081027,@Citrus County confirms first case of locally acquired Dengue fever,2026-08-25,Sean Swindle you get it and your need more than that.,Christina Frost Nappo,2026-09-01,keyword:dengue fever
1595025665996434,https://www.facebook.com/photo?fbid=1595025665996434&set=a.374179858081027,@Citrus County confirms first case of locally acquired Dengue fever,2026-08-25,Sean Swindle I had it a few years ago and I wouldn't wish it on anyone. You'll need immediate medical care. It was the sickest I've ever been.,Dianna Wolin,2026-09-01,keyword:dengue fever
1595025665996434,https://www.facebook.com/photo?fbid=1595025665996434&set=a.374179858081027,@Citrus County confirms first case of locally acquired Dengue fever,2026-08-25,Sean Swindle good luck,Darold Lynn Swafford Jr.,2026-09-01,keyword:dengue fever
1595025665996434,https://www.facebook.com/photo?fbid=1595025665996434&set=a.374179858081027,@Citrus County confirms first case of locally acquired Dengue fever,2026-08-25,With all the spraying the town does twice a week I haven't seen an insect All Summer Long.,Jay Mikkanen,2026-09-01,keyword:dengue fever
1595025665996434,https://www.facebook.com/photo?fbid=1595025665996434&set=a.374179858081027,@Citrus County confirms first case of locally acquired Dengue fever,2026-08-25,"Not me with about 50 mosquito bites on my arms, legs and shoulders",Danica Marie,2026-09-01,keyword:dengue fever
1595025665996434,https://www.facebook.com/photo?fbid=1595025665996434&set=a.374179858081027,@Citrus County confirms first case of locally acquired Dengue fever,2026-08-25,Is there a specific test you can have done by urine/ blood sample? Suspecting you have something is not knowing for sure?,Laura Cop Wright Battaglia,2026-09-01,keyword:dengue fever
1595025665996434,https://www.facebook.com/photo?fbid=1595025665996434&set=a.374179858081027,@Citrus County confirms first case of locally acquired Dengue fever,2026-08-25,Laura Cop Wright Battaglia omg please talk to an actual doctor and turn off the Fox News,Tonya Ruther,2026-09-01,keyword:dengue fever
1595025665996434,https://www.facebook.com/photo?fbid=1595025665996434&set=a.374179858081027,@Citrus County confirms first case of locally acquired Dengue fever,2026-08-25,When I was a girl circa 1963 I almost died from this. No room at the hospital because of some strange disease. I was in training as an OR Technician and when I returned I was laughed at. No such thing as Dengue Fever in Florida. Years later I saw an article in the paper that our government had released the disease in order to study the effects over an area I happened to be water skiing in that day. You do not want this disease.,Ann May,2026-09-01,keyword:dengue fever
1595025665996434,https://www.facebook.com/photo?fbid=1595025665996434&set=a.374179858081027,@Citrus County confirms first case of locally acquired Dengue fever,2026-08-25,"Ann May so the stinking government nearly killed u? Bless ur heart - u fought and won! That had to be so scary, tho. Do u know if others caught it back when u did?",Rhonda Vogelsang Stockstill,2026-09-01,keyword:dengue fever
1595025665996434,https://www.facebook.com/photo?fbid=1595025665996434&set=a.374179858081027,@Citrus County confirms first case of locally acquired Dengue fever,2026-08-25,You all better get their vaccine it will be ready soon,Faye Parsons Ditch,2026-09-01,keyword:dengue fever
1595025665996434,https://www.facebook.com/photo?fbid=1595025665996434&set=a.374179858081027,@Citrus County confirms first case of locally acquired Dengue fever,2026-08-25,Faye Parsons Ditch i hope you dont get vaccinated,Joe Ramirez,2026-09-01,keyword:dengue fever
1595025665996434,https://www.facebook.com/photo?fbid=1595025665996434&set=a.374179858081027,@Citrus County confirms first case of locally acquired Dengue fever,2026-08-25,Faye Parsons Ditch believe it that there are scores of people that will line up ...,Maria Altano-Parker,2026-09-01,keyword:dengue fever
1595025665996434,https://www.facebook.com/photo?fbid=1595025665996434&set=a.374179858081027,@Citrus County confirms first case of locally acquired Dengue fever,2026-08-25,Bill Gates has entered the chat…,Steven Tecniq Hodgkins,2026-09-01,keyword:dengue fever
1595025665996434,https://www.facebook.com/photo?fbid=1595025665996434&set=a.374179858081027,@Citrus County confirms first case of locally acquired Dengue fever,2026-08-25,Steven Tecniq Hodgkins not many humans I could abhor more than this monster.,Penny Hight Groves,2026-09-01,keyword:dengue fever
1595025665996434,https://www.facebook.com/photo?fbid=1595025665996434&set=a.374179858081027,@Citrus County confirms first case of locally acquired Dengue fever,2026-08-25,"But but, Bill Gates GMO mosquitoes release in Florida were going to save us?",James Frank,2026-09-01,keyword:dengue fever
1595025665996434,https://www.facebook.com/photo?fbid=1595025665996434&set=a.374179858081027,@Citrus County confirms first case of locally acquired Dengue fever,2026-08-25,Did we move to Africa I mean wtf smh when did the African diseases come here,Jason Hoover,2026-09-01,keyword:dengue fever
1595025665996434,https://www.facebook.com/photo?fbid=1595025665996434&set=a.374179858081027,@Citrus County confirms first case of locally acquired Dengue fever,2026-08-25,It's that time of the year that we HAVE to watch what hours we are outside because of the mosquitoes.,Marty Taylor,2026-09-01,keyword:dengue fever
1595025665996434,https://www.facebook.com/photo?fbid=1595025665996434&set=a.374179858081027,@Citrus County confirms first case of locally acquired Dengue fever,2026-08-25,,Charlie Faughnan,2026-09-01,keyword:dengue fever
1475663637928170,https://www.facebook.com/photo?fbid=1475663637928170&set=a.396358219192056,@Power House Booster Remedy For All,2026-09-01,Click here to read full post: https://blog.drchaudharyayurveda.com/.../power-house.../ Don't skip to LIKE & do say something..,Dr Chaudhary Ayurveda,2026-09-01,keyword:dengue fever
1475663637928170,https://www.facebook.com/photo?fbid=1475663637928170&set=a.396358219192056,@Power House Booster Remedy For All,2026-09-01,STILL TREATING SYMPTOMS? IT'S TIME TO TREAT THE ROOT. BOOK an appointment for Root Cause Healing Program with Dr. M. A. Chaudhary. A globally trusted name in natural healing. Most treatments mask symptoms. We decode the real cause. Your health deserves more than guesswork. It needs ancient wisdom with modern insights. What You Get: 1-on-1 expert consultation (50 mins) Ayurvedic diagnosis + report review Personalized treatment plan Access to health app + exclusive offers Doctor-backed answers to all your questions ...and more. Book Appointment Now: https://tinyurl.com/drmacconsult,Dr Chaudhary Ayurveda,2026-09-01,keyword:dengue fever
1475663637928170,https://www.facebook.com/photo?fbid=1475663637928170&set=a.396358219192056,@Power House Booster Remedy For All,2026-09-01,We knew about papaya leaf but didn’t knew about apple. Thanks for the information,Carmen da Costa,2026-09-01,keyword:dengue fever
1475663637928170,https://www.facebook.com/photo?fbid=1475663637928170&set=a.396358219192056,@Power House Booster Remedy For All,2026-09-01,Thank you doctor,Marilyn Evans,2026-09-01,keyword:dengue fever
1475663637928170,https://www.facebook.com/photo?fbid=1475663637928170&set=a.396358219192056,@Power House Booster Remedy For All,2026-09-01,Thank u doc,Sunitha Rajcoomar,2026-09-01,keyword:dengue fever
1475663637928170,https://www.facebook.com/photo?fbid=1475663637928170&set=a.396358219192056,@Power House Booster Remedy For All,2026-09-01,,Veena Padayachee,2026-09-01,keyword:dengue fever
1475663637928170,https://www.facebook.com/photo?fbid=1475663637928170&set=a.396358219192056,@Power House Booster Remedy For All,2026-09-01,Veena Padayachee,Dr Chaudhary Ayurveda,2026-09-01,keyword:dengue fever
1475663637928170,https://www.facebook.com/photo?fbid=1475663637928170&set=a.396358219192056,@Power House Booster Remedy For All,2026-09-01,,Pamela Ramrattan,2026-09-01,keyword:dengue fever
1475663637928170,https://www.facebook.com/photo?fbid=1475663637928170&set=a.396358219192056,@Power House Booster Remedy For All,2026-09-01,,Lucia Valadares de Souza,2026-09-01,keyword:dengue fever
1475663637928170,https://www.facebook.com/photo?fbid=1475663637928170&set=a.396358219192056,@Power House Booster Remedy For All,2026-09-01,Thank you Dr you are the best,Teewaree Kumar Nuckchady,2026-09-01,keyword:dengue fever
1475663637928170,https://www.facebook.com/photo?fbid=1475663637928170&set=a.396358219192056,@Power House Booster Remedy For All,2026-09-01,Thanks Doctor,Ifeoma Ejindu,2026-09-01,keyword:dengue fever
1475663637928170,https://www.facebook.com/photo?fbid=1475663637928170&set=a.396358219192056,@Power House Booster Remedy For All,2026-09-01,,Reena Pillay Reena Daniel,2026-09-01,keyword:dengue fever
122193890432829209,https://www.facebook.com/photo?fbid=122193890432829209&set=a.122124499106829209,,2026-08-04,Malaria explain sir,Asha G,2026-09-01,keyword:dengue fever
122193890432829209,https://www.facebook.com/photo?fbid=122193890432829209&set=a.122124499106829209,,2026-08-04,https://www.facebook.com/share/v/1YZPQoiA4z/,Muhammad Faraz,2026-09-01,keyword:dengue fever
122193890432829209,https://www.facebook.com/photo?fbid=122193890432829209&set=a.122124499106829209,,2026-08-04,Please share about dengue hemorrhagic,So Phanna,2026-09-01,keyword:dengue fever
122193890432829209,https://www.facebook.com/photo?fbid=122193890432829209&set=a.122124499106829209,,2026-08-04,طيب WBCs تكون منخفضة ولا مرتفعة والصفائح من كم حتى احكم إنها منخفضة,Ree Min,2026-09-01,keyword:dengue fever
122193890432829209,https://www.facebook.com/photo?fbid=122193890432829209&set=a.122124499106829209,,2026-07-28,https://www.facebook.com/share/p/1D9p1tGWHb/,Palash Datta,2026-09-01,keyword:dengue fever
122193890432829209,https://www.facebook.com/photo?fbid=122193890432829209&set=a.122124499106829209,,2026-08-04,Great clear handwriting and presentation.,Siddhu Sarman,2026-09-01,keyword:dengue fever
122193890432829209,https://www.facebook.com/photo?fbid=122193890432829209&set=a.122124499106829209,,2026-08-04,Managing dengue is an art. Not theory,Aaqiff Mohideen,2026-09-01,keyword:dengue fever
122193890432829209,https://www.facebook.com/photo?fbid=122193890432829209&set=a.122124499106829209,,2026-08-04,Nice summary,Upendra Randeniya,2026-09-01,keyword:dengue fever
122193890432829209,https://www.facebook.com/photo?fbid=122193890432829209&set=a.122124499106829209,,2026-08-04,Very very helpful,Amina Sardar,2026-09-01,keyword:dengue fever
122193890432829209,https://www.facebook.com/photo?fbid=122193890432829209&set=a.122124499106829209,,2026-07-28,Hy,Akhalesh Gupta,2026-09-01,keyword:dengue fever
122193890432829209,https://www.facebook.com/photo?fbid=122193890432829209&set=a.122124499106829209,,2026-08-04,Great,Mohammad Tarin,2026-09-01,keyword:dengue fever
122193890432829209,https://www.facebook.com/photo?fbid=122193890432829209&set=a.122124499106829209,,2026-08-04,Remarkable lecturer,Chan Yu Naing,2026-09-01,keyword:dengue fever
122193890432829209,https://www.facebook.com/photo?fbid=122193890432829209&set=a.122124499106829209,,2026-08-04,"So it has no cure but only supporting TX 
...",BRANCO BLAISE MW,2026-09-01,keyword:dengue fever
122193890432829209,https://www.facebook.com/photo?fbid=122193890432829209&set=a.122124499106829209,,2026-08-04,"Staying healthy is something we should all pray for. I had herpes and tried many medications, but nothing worked. Then I found Dr UZE CURE, an African herbal doctor. I was doubtful at first, but I tried his herbal remedy. It worked. I am now cancer & herpes-free and very grateful. Email druze7herbalhome@gmail.com Doctor Uze Herbal Cure",Annalise Lana,2026-09-01,keyword:dengue fever
122193890432829209,https://www.facebook.com/photo?fbid=122193890432829209&set=a.122124499106829209,,2026-08-04,Wow my seminar topic in college of health,Momoh Gift Johnson,2026-09-01,keyword:dengue fever
122193890432829209,https://www.facebook.com/photo?fbid=122193890432829209&set=a.122124499106829209,,2026-08-04,Smart presentation,Hakim Nyaluka,2026-09-01,keyword:dengue fever
122193890432829209,https://www.facebook.com/photo?fbid=122193890432829209&set=a.122124499106829209,,2026-08-04,"Let me save it for studying, please?",Chan Yu Naing,2026-09-01,keyword:dengue fever
122193890432829209,https://www.facebook.com/photo?fbid=122193890432829209&set=a.122124499106829209,,2026-08-04,Clinical Rotation Logbook for Med Students: amazon.com/dp/B0GV7XYSMG https://www.amazon.fr/Clinical-Rotation-Logbook-Medical-Students/dp/B0GV7XYSMG,Yousafzai Khan,2026-09-01,keyword:dengue fever
122193890432829209,https://www.facebook.com/photo?fbid=122193890432829209&set=a.122124499106829209,,2026-08-04,"SRI LANKA , EACH HOMES HAND SOAP UP RISING TO KILL DENGUE MOSQUITOES TOGETHER 2 TABLESPOONS + 500 ML. WATER OK KILL ALL DEMON MOSQUITOES SP. + DIPTERANS SRI LANKA HAND SOAP OK TOO SOAP EACH HOMES EVERYDAY #SOAPSCIENCE #SOAPRESPECTOURCHILDREN ................. #SOAPSINKMOSQUITODOWNFIRSTLY ................. #SOAPSPIRACLEARTHROPODS TOGETHER TOGETHER TOGETHER TOGETHER TOGETHER #eliminatemalaria CALM ALL DEMON ARTHROPODS DOWN YOUR OFFICE HAND SOAP STOP THEM TOGETHER #SOAPSCIENCE WHOLE WORLD T O G E T H E R SOAPY SPRAY RESTING MOSQUITOES TO SINK DOWN FIRSTLY BEFORE DRAIN OR LARVICIDE TREATING #SOAPSINKMOSQUITODOWNFIRSTLY #SOAPTHAILANDOKWHOLEWORLD1998 ALL DIPTERANS #SOAPSCIENCEDMSCTHAILAND #USEYOURSOAPSTOPSUCKER #WEWANTSOMETHINGJUSTLIKESUPERSOAP #FIGHTTHEBITE S O A P ..... D E L E T E ..... A L L #MOSQUITO ( 17 ) #DENGUE #MALARIA #ZIKA #FILARIA #FILARIOSE+#CHIK+ #YF #WESTNILEVIRUS #EEE #WEE #VEE #JEV #JCV #LACV #MVEV #MAYV #RVF #RRF #SLEV #MAYAROVIRUS #USUTUVIRUS ..... #SOAPSINKMOSQUITODOWNFIRSTLY #DEMONDIPTERAN ( 7 ) #SLEEPINGSICKNESS #RIVERBLINDNESS #LEISHMANIASIS #OROPOUCHE #CHANDIPURA #TRACHOMA #CHOLERA + #MANSONELLOSIS + ANIMAL Trypanosomiasis ( Surra , Nagana , Dourine ) #CHAGAS #30JANJUSTSOAPOKWHOLEWORLD NTD (TRACHOMA FILARIA) #14APRJUSTSOAPOKWHOLEWORLD CHAGAS #25APRJUSTSOAPOKWHOLEWORLD MALARIA #01JUNEJUSTSOAPOKWHOLEWORLD LEISHMANIASIS #15JUNEJUSTSOAPOKWHOLEWORLD DENGUE , S E A #20AUGJUSTSOAPOKWHOLEWORLD1897 MOSQUITO",Kasin Suphapathom,2026-09-01,keyword:dengue fever
122193890432829209,https://www.facebook.com/photo?fbid=122193890432829209&set=a.122124499106829209,,2026-08-04,,Rao Safdar Safest Ali,2026-09-01,keyword:dengue fever
122193890432829209,https://www.facebook.com/photo?fbid=122193890432829209&set=a.122124499106829209,,2026-08-04,,Anura Kumarathilaka,2026-09-01,keyword:dengue fever
122193890432829209,https://www.facebook.com/photo?fbid=122193890432829209&set=a.122124499106829209,,2026-08-04,آپ کی لکھائی بہت پیاری ھے اے آئی صاحب,DrAamir Khosa,2026-09-01,keyword:dengue fever
122193890432829209,https://www.facebook.com/photo?fbid=122193890432829209&set=a.122124499106829209,,2026-08-04,Degue دي شنو هي,الصادق حسن عابدين عابدين,2026-09-01,keyword:dengue fever
122193890432829209,https://www.facebook.com/photo?fbid=122193890432829209&set=a.122124499106829209,,2026-08-04,,Kumari Indra Nawarathna,2026-09-01,keyword:dengue fever
122193890432829209,https://www.facebook.com/photo?fbid=122193890432829209&set=a.122124499106829209,,2026-08-04,Good,الصادق حسن عابدين عابدين,2026-09-01,keyword:dengue fever
122193890432829209,https://www.facebook.com/photo?fbid=122193890432829209&set=a.122124499106829209,,2026-07-28,,Kebede Fano,2026-09-01,keyword:dengue fever
122193890432829209,https://www.facebook.com/photo?fbid=122193890432829209&set=a.122124499106829209,,2026-08-04,Educative,Jonathan Chris Machilika,2026-09-01,keyword:dengue fever
122193890432829209,https://www.facebook.com/photo?fbid=122193890432829209&set=a.122124499106829209,,2026-08-04,طبعا اول مرة نسمع بالسم دا ممكن توضيح اكتر,الصادق حسن عابدين عابدين,2026-09-01,keyword:dengue fever
1369425025378366,https://www.facebook.com/photo?fbid=1369425025378366&set=a.170220681965479,,2026-08-25,"Mosquito control was just at my house they said they’re spraying from crackers to seven rivers hospital, in my neighborhood they were going door to door",Shelby Redick,2026-09-01,keyword:dengue fever
1369425025378366,https://www.facebook.com/photo?fbid=1369425025378366&set=a.170220681965479,,2026-08-25,Shelby Redick what about the other way Home depot to 44,Johnny Mazza,2026-09-01,keyword:dengue fever
1369425025378366,https://www.facebook.com/photo?fbid=1369425025378366&set=a.170220681965479,,2026-08-25,Megan Smith not sure if you saw this notice. No wonder mosquito control has been in helicopter spraying.,Janet Wells,2026-09-01,keyword:dengue fever
1369425025378366,https://www.facebook.com/photo?fbid=1369425025378366&set=a.170220681965479,,2026-08-25,I thought it was still monkeypox season?,Whitney Mulqueen,2026-09-01,keyword:dengue fever
1369425025378366,https://www.facebook.com/photo?fbid=1369425025378366&set=a.170220681965479,,2026-08-25,"We have a small bat colony where we live. We love watching them ‘work’. We own 2 neighboring properties with lots of trees and foliage that we don’t disturb. We need more of that. THIS is precisely why mosquito 
 population has increased dramatically. Developers have mowed down every tree which means also, bat and bird habitats. So, there’s that. This mosquito problem is a man made issue.",Lisa Brown,2026-09-01,keyword:dengue fever
1369425025378366,https://www.facebook.com/photo?fbid=1369425025378366&set=a.170220681965479,,2026-08-25,Lisa Brown standing water and people who don't dump it is also an issue.,Michele Wunderlich,2026-09-01,keyword:dengue fever
1369425025378366,https://www.facebook.com/photo?fbid=1369425025378366&set=a.170220681965479,,2026-08-28,Lisa Brown notify Mosquito Control and they will work around your bat colony.,William Harmon,2026-09-01,keyword:dengue fever
1369425025378366,https://www.facebook.com/photo?fbid=1369425025378366&set=a.170220681965479,,2026-08-25,"Man, stop making me relive my Navy Public Health days! Now I wanna start hanging mosquito traps & send them for testing!",Erik English,2026-09-01,keyword:dengue fever
1369425025378366,https://www.facebook.com/photo?fbid=1369425025378366&set=a.170220681965479,,2026-08-25,Erik English you should!,Debra Sue Warshefski,2026-09-01,keyword:dengue fever
1369425025378366,https://www.facebook.com/photo?fbid=1369425025378366&set=a.170220681965479,,2026-08-25,"What bug sprays should we be buying! Soon to be new folks to this area,Homosassa is going to be our town. I usually spray deet products on my clothing, and use skin safe products on exposed skin.",Kathy Plamann,2026-09-01,keyword:dengue fever
1369425025378366,https://www.facebook.com/photo?fbid=1369425025378366&set=a.170220681965479,,2026-08-25,Kathy Plamann this stuff works really good with noseeums https://www.mycaptainrons.com/,Peter Brizzle,2026-09-01,keyword:dengue fever
1369425025378366,https://www.facebook.com/photo?fbid=1369425025378366&set=a.170220681965479,,2026-08-25,"Kathy Plamann picaridin is as effective but not toxic, not greasy, and held up for me after the hurricanes",Caitlin Peace,2026-09-01,keyword:dengue fever
1369425025378366,https://www.facebook.com/photo?fbid=1369425025378366&set=a.170220681965479,,2026-08-25,"Spray your clothes, not your skin, with permethrin.",Melanie Joy,2026-09-01,keyword:dengue fever
1369425025378366,https://www.facebook.com/photo?fbid=1369425025378366&set=a.170220681965479,,2026-08-25,"deet, picaridin, oil of lemon eucalyptus, ir3535",Citrus County Mosquito Control District,2026-09-01,keyword:dengue fever
1369425025378366,https://www.facebook.com/photo?fbid=1369425025378366&set=a.170220681965479,,2026-08-25,"Delightful! That was sarcasm, of course. My heart goes out to the individual and their family suffering from this very painful ailment, breakbone fever. Boneset tea helps alot, but of course, one would need to obtain details from their respective physician. Thank you for trying to resolve the problem. If there are any congruent aspects that citizens can add to the tools, such as putting up bat houses, or leaving grasses in straps longer for dragon flies, or feeding birds, or whatever, how can we all help, so we can help lessen the impact on nature with less application of poisons? Should we contact the organization releasing the supposed sterilized mosquitos and have words of concern, to say the least? What do you recommend?",Debra Sue Warshefski,2026-09-01,keyword:dengue fever
1369425025378366,https://www.facebook.com/photo?fbid=1369425025378366&set=a.170220681965479,,2026-08-25,Debra Sue Warshefski The biggest impact is eliminating standing water around homes even small containers can produce hundreds of mosquitoes. Mosquito control also uses surveillance and targeted treatments to reduce unnecessary pesticide applications,Unita Factcheck,2026-09-01,keyword:dengue fever
1369425025378366,https://www.facebook.com/photo?fbid=1369425025378366&set=a.170220681965479,,2026-08-25,The mosquitos are horrendous this year . I’m in Hernando county and I’ve never seen it so bad . Don’t forget to give you pets heartguard as heartworm is acquired through mosquitos .,Stephanie Stephanie,2026-09-01,keyword:dengue fever
1369425025378366,https://www.facebook.com/photo?fbid=1369425025378366&set=a.170220681965479,,2026-08-25,Stephanie Stephanie yes! I can’t even get out of oh car without being attacked! They are horrible in Hernando.,Johnna Shuster Agin,2026-09-01,keyword:dengue fever
1369425025378366,https://www.facebook.com/photo?fbid=1369425025378366&set=a.170220681965479,,2026-08-25,Amber Paris make sure ashlynne and elliott and colton don’t go outside after dark,Taylor Telkamp,2026-09-01,keyword:dengue fever
1369425025378366,https://www.facebook.com/photo?fbid=1369425025378366&set=a.170220681965479,,2026-08-27,Taylor Telkamp hour before dark is worse,Jan Sh,2026-09-01,keyword:dengue fever
1369425025378366,https://www.facebook.com/photo?fbid=1369425025378366&set=a.170220681965479,,2026-08-25,Hmmmmmm all y'all concerned about this wait until their funding is cut after this year. I can't imagine what it will be like and I bet it's one of the first services to go.,Jacob Kwalwasser,2026-09-01,keyword:dengue fever
1369425025378366,https://www.facebook.com/photo?fbid=1369425025378366&set=a.170220681965479,,2026-08-25,Jacob Kwalwasser stop the fear tactics…..cut the WASTE,Eileen Kiely Tretter,2026-09-01,keyword:dengue fever
1369425025378366,https://www.facebook.com/photo?fbid=1369425025378366&set=a.170220681965479,,2026-08-25,Oh cool. lol mosquitoes love the girls. I’m going to have to get a hazmat suite for them,Kristin Herman,2026-09-01,keyword:dengue fever
1369425025378366,https://www.facebook.com/photo?fbid=1369425025378366&set=a.170220681965479,,2026-08-25,Haven't heard the mosquito truck s more than once or twice this summer ?,Dawn Heatly,2026-09-01,keyword:dengue fever
1369425025378366,https://www.facebook.com/photo?fbid=1369425025378366&set=a.170220681965479,,2026-08-25,Dawn Heatly must mean you live in an area where mosquitoes are not a problem. Also they run late nights when most are sleeping. If you’re curious if they have sprayed you can always call in a request and ask,Unita Factcheck,2026-09-01,keyword:dengue fever
1369425025378366,https://www.facebook.com/photo?fbid=1369425025378366&set=a.170220681965479,,2026-08-25,We’ve seem them quite often. Late evening,Lynn Aversano,2026-09-01,keyword:dengue fever
1369425025378366,https://www.facebook.com/photo?fbid=1369425025378366&set=a.170220681965479,,2026-08-25,"Dawn Heatly Dawn I've been getting eaten alive by mosquitoes for at least 6 weeks. They have been coming inside of my house and biting me, and driving me crazy at night and sometimes during the day also. I tried numerous types of products and none of them were successful in stopping the mosquitoes from coming inside of my house. I will say that Citrus County Mosquito Control came out to my house twice in less than 1 week, and on last Friday they told me they scheduled a truck to come by and fog my area. Please call them and let them know you are having an issue at your house. Now that the first case of dengue fever has been confirmed in Citrus County, Florida they are going to be increasing their fogging.",Rosa Jacquard Bood,2026-09-01,keyword:dengue fever
1369425025378366,https://www.facebook.com/photo?fbid=1369425025378366&set=a.170220681965479,,2026-08-25,Which neighborhood?,Jordan Miller,2026-09-01,keyword:dengue fever
1369425025378366,https://www.facebook.com/photo?fbid=1369425025378366&set=a.170220681965479,,2026-08-28,Jordan Miller They will not tell you because of Herpa,William Harmon,2026-09-01,keyword:dengue fever
1369425025378366,https://www.facebook.com/photo?fbid=1369425025378366&set=a.170220681965479,,2026-08-25,You mean Bill Gates acquired Fever,Jeff Howard,2026-09-01,keyword:dengue fever
122136481329151046,https://www.facebook.com/photo?fbid=122136481329151046&set=a.122108103549151046,@Berlangganan Health Glyph,2026-08-18,"Enjoying these health facts? Subscribe to support the page Get exclusive health tips only for subscribers 
 https://www.facebook.com/61584531388000/subscribenow...",Health Glyph,2026-09-01,keyword:dengue fever
122136481329151046,https://www.facebook.com/photo?fbid=122136481329151046&set=a.122108103549151046,@Berlangganan Health Glyph,2026-08-18,"EACH HOME OWNER ONESELF CAN USE TO DECREASE DEMON MOSQUITOES EVERYHOME EVERYWHERE WHOLE WORLD 129th y WORLD MOSQUITO DAY CSU EXTENSION Insect Control : 5.547 SOAPS HAVE BEEN USED TO CONTROL INSECTS FOR --- MORE THAN 200 YEARS.--- 1787 / 2330 HAND SOAP - SWARM DOWN ALL SRI LANKA INDIA NIGERIA WHOLE WORLD CAN DO THIS !!! KILL ALL DEMON MOSQUITOES SP. + DIPTERANS SOAP EACH HOMES EVERYDAY #SOAPSCIENCE #SOAPRESPECTOURCHILDREN ................. #SOAPSINKMOSQUITODOWNFIRSTLY ................. #SOAPSPIRACLEARTHROPODS TOGETHER TOGETHER TOGETHER TOGETHER TOGETHER #eliminatemalaria CALM ALL DEMON ARTHROPODS DOWN YOUR OFFICE HAND SOAP STOP THEM TOGETHER #SOAPSCIENCE WHOLE WORLD T O G E T H E R 2 TABLESPOONS + 500 ML. WATER OK SOAPY SPRAY RESTING MOSQUITOES TO SINK DOWN FIRSTLY BEFORE DRAIN OR LARVICIDE TREATING #SOAPSINKMOSQUITODOWNFIRSTLY #SOAPTHAILANDOKWHOLEWORLD1998 ALL DIPTERANS #SOAPSCIENCEDMSCTHAILAND #USEYOURSOAPSTOPSUCKER #WEWANTSOMETHINGJUSTLIKESUPERSOAP #FIGHTTHEBITE S O A P ..... D E L E T E ..... A L L #MOSQUITO ( 17 ) #DENGUE #MALARIA #ZIKA #FILARIA #FILARIOSE+#CHIK+ #YF #WESTNILEVIRUS #EEE #WEE #VEE #JEV #JCV #LACV #MVEV #MAYV #RVF #RRF #SLEV #MAYAROVIRUS #USUTUVIRUS ..... #SOAPSINKMOSQUITODOWNFIRSTLY #DEMONDIPTERAN ( 7 ) #SLEEPINGSICKNESS #RIVERBLINDNESS #LEISHMANIASIS #OROPOUCHE #CHANDIPURA #TRACHOMA #CHOLERA + #MANSONELLOSIS + ANIMAL Trypanosomiasis ( Surra , Nagana , Dourine ) #CHAGAS #30JANJUSTSOAPOKWHOLEWORLD NTD (TRACHOMA FILARIA) #14APRJUSTSOAPOKWHOLEWORLD CHAGAS #25APRJUSTSOAPOKWHOLEWORLD MALARIA #01JUNEJUSTSOAPOKWHOLEWORLD LEISHMANIASIS #15JUNEJUSTSOAPOKWHOLEWORLD DENGUE , S E A #20AUGJUSTSOAPOKWHOLEWORLD1897 MOSQUITO",Kasin Suphapathom,2026-09-01,keyword:dengue fever
122136481329151046,https://www.facebook.com/photo?fbid=122136481329151046&set=a.122108103549151046,@Berlangganan Health Glyph,2026-08-18,Very glad to know about this thank you for sharing this useful and helpful information to all,Norberto Victorio,2026-09-01,keyword:dengue fever
1378927874391799,https://www.facebook.com/photo?fbid=1378927874391799&set=a.539281538356441,,2026-09-01,How many parents of children didn’t get the MMR vaccine . The chicken pox vaccine is a separate vaccine that is given 12 -15 months 2 -4 years old and 13 years old. The measles mumps and rubella is given 12-15 month and 4-6 years old.,Veronica Foley,2026-09-01,keyword:measles
1378927874391799,https://www.facebook.com/photo?fbid=1378927874391799&set=a.539281538356441,,2026-09-01,Veronica Foley and your point.....?,Lyn Morris,2026-09-01,keyword:measles
1378927874391799,https://www.facebook.com/photo?fbid=1378927874391799&set=a.539281538356441,,2026-09-01,Veronica Foley Fun fact. They have a combined vaccine for chicken-pox and MMR.,Anthony Previte,2026-09-01,keyword:measles
1378927874391799,https://www.facebook.com/photo?fbid=1378927874391799&set=a.539281538356441,,2026-09-01,"So by the end of the year, over 3,000 people will be naturally immune for life? I think there needs to be a follow up study documenting how many out of that number were permanently damaged by the illness, and how many died (confirmed deaths due to measles specifically with no preexisting conditions). Accurate, verified scientific studies vetted by opposing doctors and immunoloogists is the information people need as a whole to make their own, unbiased choices for themselves and their families.",Angela Harmsen,2026-09-01,keyword:measles
1378927874391799,https://www.facebook.com/photo?fbid=1378927874391799&set=a.539281538356441,,2026-09-01,"Angela Harmsen it's more likely that over 3, 000 people will have their health seriously compromised. And if you go by the original exposure stats, 9 million people will have been exposed to the infection. The studies on Herd Immunity are still theoretical, since no nation has ever studied them. The common sense approach is to follow the medical science and guidelines that have already been established. Only political ostriches follow propaganda.",Lyn Morris,2026-09-01,keyword:measles
1378927874391799,https://www.facebook.com/photo?fbid=1378927874391799&set=a.539281538356441,,,Lyn Morris is this the same science that plead the 5th??,,2026-09-01,keyword:measles
1378927874391799,https://www.facebook.com/photo?fbid=1378927874391799&set=a.539281538356441,,,Kelsey Klerekoper Fuck off cooker. The adults are talking.,,2026-09-01,keyword:measles
1378927874391799,https://www.facebook.com/photo?fbid=1378927874391799&set=a.539281538356441,,2026-09-01,"Angela Harmsen No, you do not necessarily have lifetime immunity with either the disease or the vaccine. For some people it wanes over the years.",Dee Flint,2026-09-01,keyword:measles
1378927874391799,https://www.facebook.com/photo?fbid=1378927874391799&set=a.539281538356441,,2026-09-01,"Jesust H christ that is a revolting comment Angela and you should be thoroughly ashamed of yourself. Worth a cooker argument, is it, all those little DEAD and DEAF and permanently disable kids? You are an uneducated dangerous fool.",Désirée Lane,2026-09-01,keyword:measles
1378927874391799,https://www.facebook.com/photo?fbid=1378927874391799&set=a.539281538356441,,,"Désirée Lane now apply that same logic to the children injured by these vaccines, or do you know care about them??",,2026-09-01,keyword:measles
1378927874391799,https://www.facebook.com/photo?fbid=1378927874391799&set=a.539281538356441,,,"Kelsey Klerekoper link one scientific journal with a study that shows that. Please, post just one from a legit medical journal. You won’t because you can’t. They don’t exist. This made up BS from a bunch of idiots that take donkey dewormer or bleach cure Covid or recommend essential oils for cancer treatment. You know idiots.",,2026-09-01,keyword:measles
1378927874391799,https://www.facebook.com/photo?fbid=1378927874391799&set=a.539281538356441,,,Kelsey Klerekoper What aberrant nonsense you write. Just another ill-educated cooker.,,2026-09-01,keyword:measles
1378927874391799,https://www.facebook.com/photo?fbid=1378927874391799&set=a.539281538356441,,2026-09-01,Angela Harmsen ...more than HALF of them will and can die...how is that naturally immune?? If 5 kids have it and 3 of them are not vaccinated those 3 kids can die..if its a whole classroom of 20 and 16 are not vaccinated 16 kids can die..and thats naturally immune to you..? Girllll go to therapy,Angela Schultz,2026-09-01,keyword:measles
1378927874391799,https://www.facebook.com/photo?fbid=1378927874391799&set=a.539281538356441,,2026-09-01,"Angela Harmsen 100% wrong. Measles can strip your immune system of its memory, wiping out 11% to 73% of the antibodies that protect you against other previously encountered viruses and bacteria You're silly narrative lacks any credibility and you appear ignorant.",Mike Sharp,2026-09-01,keyword:measles
1378927874391799,https://www.facebook.com/photo?fbid=1378927874391799&set=a.539281538356441,,2026-09-01,Why are immunisations not compulsory like they are in other developed countries like Australia. And don't say its about freedom of choice. The rest of the population deserves to be free of disease that was once eradicated. This is the app you have on your phone or laptop in Australia with your medical and immunisation record. You must provide your child's one to get them into kindy and school.,Stephen Asp,2026-09-01,keyword:measles
1378927874391799,https://www.facebook.com/photo?fbid=1378927874391799&set=a.539281538356441,,2026-09-01,"Stephen Asp In America, many people believe on the individual's rights over those of communities. The federal government and some states' governments have published guidelines for pre-school immunization. But we've got a 'special population' that believes we should just open the doors to infecting everyone, in order to achieve Herd Immunity.",Lyn Morris,2026-09-01,keyword:measles
1378927874391799,https://www.facebook.com/photo?fbid=1378927874391799&set=a.539281538356441,,,"Lyn Morris Oh well, then we will be patient and await the inevitable consequences, hoping the cookers and their unvaccinated offspring will die out faster than people with brains.",,2026-09-01,keyword:measles
1378927874391799,https://www.facebook.com/photo?fbid=1378927874391799&set=a.539281538356441,,2026-09-01,Actually the measles vaccine has been pushed like crazy now for 2 years in North America.... you do the math,Christy MacKinnon,2026-09-01,keyword:measles
1378927874391799,https://www.facebook.com/photo?fbid=1378927874391799&set=a.539281538356441,,2026-09-01,Whats the count in other countries?,Neil Sollenberger,2026-09-01,keyword:measles
1378927874391799,https://www.facebook.com/photo?fbid=1378927874391799&set=a.539281538356441,,2026-09-01,Neil Sollenberger it was near 0% here until the insane anti vaxxer popped up,Jo Murphy,2026-09-01,keyword:measles
1378927874391799,https://www.facebook.com/photo?fbid=1378927874391799&set=a.539281538356441,,2026-09-01,"France was 800 in 2025, but half of those came from non citizens.",Thomas Chaps,2026-09-01,keyword:measles
1378927874391799,https://www.facebook.com/photo?fbid=1378927874391799&set=a.539281538356441,,2026-09-01,And not one death just lots of natural immunity.,Nancee Rios,2026-09-01,keyword:measles
1378927874391799,https://www.facebook.com/photo?fbid=1378927874391799&set=a.539281538356441,,2026-09-01,,Derek Rabitaille,2026-09-01,keyword:measles
1378927874391799,https://www.facebook.com/photo?fbid=1378927874391799&set=a.539281538356441,,2026-09-01,,Mike Ortega,2026-09-01,keyword:measles
1378927874391799,https://www.facebook.com/photo?fbid=1378927874391799&set=a.539281538356441,,2026-09-01,"Mike Ortega That's 
 as hell . Top comment",Debra Bedeaux,2026-09-01,keyword:measles
1378927874391799,https://www.facebook.com/photo?fbid=1378927874391799&set=a.539281538356441,,2026-09-01,,Travis Eskibel,2026-09-01,keyword:measles
1378927874391799,https://www.facebook.com/photo?fbid=1378927874391799&set=a.539281538356441,,2026-09-01,,Ian Bell,2026-09-01,keyword:measles
1378927874391799,https://www.facebook.com/photo?fbid=1378927874391799&set=a.539281538356441,,2026-09-01,Oh well.,Meg Milikowski Ferris,2026-09-01,keyword:measles
1378927874391799,https://www.facebook.com/photo?fbid=1378927874391799&set=a.539281538356441,,2026-09-01,,Joseph Todisco,2026-09-01,keyword:measles
1378927874391799,https://www.facebook.com/photo?fbid=1378927874391799&set=a.539281538356441,,2026-09-01,,Danno Krstic,2026-09-01,keyword:measles
1621570716090458,https://www.facebook.com/photo?fbid=1621570716090458&set=a.568782714702602,,2026-09-01,"Unvaccinated does not mean the adult has measles. I was never vaccinated because I had measles when I was 4. I have lifelong antibodies (had bloodwork and can prove it) instead. So no child is in danger of contracting measles by being exposed to me because I am ""unvaccinated"" .",Diane Strauss,2026-09-01,keyword:measles
1621570716090458,https://www.facebook.com/photo?fbid=1621570716090458&set=a.568782714702602,,2026-09-01,Diane Strauss I was vaccinated and had measles... Wasn't me...,Dawn Ban,2026-09-01,keyword:measles
1621570716090458,https://www.facebook.com/photo?fbid=1621570716090458&set=a.568782714702602,,2026-09-01,"Diane Strauss .. well done you ... now go talk to those who have not, nor never had, and ask them to never visit new borns ..",Ray Govett,2026-09-01,keyword:measles
1621570716090458,https://www.facebook.com/photo?fbid=1621570716090458&set=a.568782714702602,,2026-09-01,No one said you are the cause.,Pat Cullen,2026-09-01,keyword:measles
1621570716090458,https://www.facebook.com/photo?fbid=1621570716090458&set=a.568782714702602,,2026-09-01,Diane Strauss isn’t it high time to look at the possibility that those of us with natural antibodies can spread those and protect others - I personally think trs time for a big shift in how we think about these things. Also mothers with natural immunity share those antibodies with their babies via breast milk so the little babies are protected too,Jeda Wyatt,2026-09-01,keyword:measles
1621570716090458,https://www.facebook.com/photo?fbid=1621570716090458&set=a.568782714702602,,2026-09-01,Diane Strauss Exposure is natural vaccination.,Tia Shinette,2026-09-01,keyword:measles
1621570716090458,https://www.facebook.com/photo?fbid=1621570716090458&set=a.568782714702602,,2026-09-01,so you think you can’t get measles more than once?,Mary Ellen Farrell,2026-09-01,keyword:measles
1621570716090458,https://www.facebook.com/photo?fbid=1621570716090458&set=a.568782714702602,,2026-09-01,Diane Strauss Your misanthropy is truly astounding,Joyce Montrose,2026-09-01,keyword:measles
1621570716090458,https://www.facebook.com/photo?fbid=1621570716090458&set=a.568782714702602,,2026-09-01,Diane Strauss you know damned well what they mean,Margery Kirner,2026-09-01,keyword:measles
1621570716090458,https://www.facebook.com/photo?fbid=1621570716090458&set=a.568782714702602,,2026-09-01,"Diane Strauss in this case, the adult with measles is unvaccinated If you have natural immunity from a previous infection, you can’t spread measles to newborns, like this adult did",Julie Fischer,2026-09-01,keyword:measles
1621570716090458,https://www.facebook.com/photo?fbid=1621570716090458&set=a.568782714702602,,2026-09-01,Diane Strauss so what,Cindy Enstrom,2026-09-01,keyword:measles
1621570716090458,https://www.facebook.com/photo?fbid=1621570716090458&set=a.568782714702602,,2026-09-01,Don’t babies receive natural immunity from the mother for several months? Breast milk transfers needed resistance? Measles-associated can mean a person died in a car wreck but carried measles antibodies…,Sally Suter,2026-09-01,keyword:measles
1621570716090458,https://www.facebook.com/photo?fbid=1621570716090458&set=a.568782714702602,,2026-09-01,Sally Suter Yes,Irene Musiol,2026-09-01,keyword:measles
1621570716090458,https://www.facebook.com/photo?fbid=1621570716090458&set=a.568782714702602,,2026-09-01,"Sally Suter not all premature babies are strong enough to breastfeed Babies do not usually learn to coordinate sucking, swallowing, and breathing together until about 34 to 36 weeks of pregnancy. Preemies often tire easily, have smaller mouths, and lack the strong muscle control or cheek fat pads needed to maintain suction. Babies born very early or before 32 to 34 weeks often receive pumped breast milk through a tiny tube passed through the nose or mouth into the stomach.",Sara Bohn,2026-09-01,keyword:measles
1621570716090458,https://www.facebook.com/photo?fbid=1621570716090458&set=a.568782714702602,,2026-09-01,"And even if getting Breastmilk yes they may get some immunity for a little while - Breast milk is vital for overall health, but it is not a substitute for direct vaccination Breastfeeding provides only very limited, temporary protection against measles and is not a substitute for the MMR vaccine",Sara Bohn,2026-09-01,keyword:measles
1621570716090458,https://www.facebook.com/photo?fbid=1621570716090458&set=a.568782714702602,,2026-09-01,Sally Suter just like they did with covid,Jimmy Edinger,2026-09-01,keyword:measles
1621570716090458,https://www.facebook.com/photo?fbid=1621570716090458&set=a.568782714702602,,2026-09-01,"Sally Suter Babies who breastfeed, including the early colostrum, receive *some* immunity, which decreases over time. Premature babies can't often breastfeed.",Pamela Griffith Pond,2026-09-01,keyword:measles
1621570716090458,https://www.facebook.com/photo?fbid=1621570716090458&set=a.568782714702602,,2026-09-01,"Sally Suter NICU babies are often premature and are not breastfed. They are also already immunocompromised so their immune systems won't function like a normal full term baby. And what if the mother is unvaccinated? There are many scenarios where their case is not the same, yet they are all in the same NICU so they all have to be cared for and protected the same as the weakest one.",Lisa Yu,2026-09-01,keyword:measles
1621570716090458,https://www.facebook.com/photo?fbid=1621570716090458&set=a.568782714702602,,2026-09-01,Sally Suter no that's not how it works. Antibodies means you have had the virus and recovered so not an on going infection and if the fact that they had a measles infection contributed to their death (would not have died if they didn't have an active measles infection) then it would not be a measles associated death.,Jo Tawse,2026-09-01,keyword:measles
1621570716090458,https://www.facebook.com/photo?fbid=1621570716090458&set=a.568782714702602,,2026-09-01,"Sally Suter yes, unvaccinated illegal alien womens’ babies would be an example of one of the problems.",Janis Jay,2026-09-01,keyword:measles
1621570716090458,https://www.facebook.com/photo?fbid=1621570716090458&set=a.568782714702602,,2026-09-01,"Sally Suter the fact that you don’t know the answer to your question, or how to properly find the answer, is why you and people like you need to stop having an opinion on anything having to do with medical care.",Shana Abell,2026-09-01,keyword:measles
1621570716090458,https://www.facebook.com/photo?fbid=1621570716090458&set=a.568782714702602,,2026-09-01,Sally Suter What is your motive? Do you make $$ selling pseudoscience products?,Joyce Montrose,2026-09-01,keyword:measles
1621570716090458,https://www.facebook.com/photo?fbid=1621570716090458&set=a.568782714702602,,2026-09-01,Neither death was attributed to measles,Dennis McMillin,2026-09-01,keyword:measles
1621570716090458,https://www.facebook.com/photo?fbid=1621570716090458&set=a.568782714702602,,2026-09-01,Dennis McMillin shows how stupid you are. There’s been about 40 people that have died from measles. Try to do your homework and you won’t look like an idiot.,David Talley,2026-09-01,keyword:measles
1621570716090458,https://www.facebook.com/photo?fbid=1621570716090458&set=a.568782714702602,,2026-09-01,Dennis McMillin says faux news?,Sarah Wood-Baca,2026-09-01,keyword:measles
1621570716090458,https://www.facebook.com/photo?fbid=1621570716090458&set=a.568782714702602,,2026-09-01,Dennis McMillin keep up the bravado.,Fran Dale,2026-09-01,keyword:measles
1621570716090458,https://www.facebook.com/photo?fbid=1621570716090458&set=a.568782714702602,,2026-09-01,Dennis McMillin FACT.,Jerry Robbins,2026-09-01,keyword:measles
1621570716090458,https://www.facebook.com/photo?fbid=1621570716090458&set=a.568782714702602,,2026-09-01,Dennis McMillin no but its not hard to connect the dots that measles weakened the immune system and allowed other things to cause death,Brittany Fleming,2026-09-01,keyword:measles
1621570716090458,https://www.facebook.com/photo?fbid=1621570716090458&set=a.568782714702602,,2026-09-01,Dennis McMillin who u lying to better check out the news about it,Ron Hou,2026-09-01,keyword:measles
1621570716090458,https://www.facebook.com/photo?fbid=1621570716090458&set=a.568782714702602,,,Dennis McMillin because a county elected person over the age of 18 who could have been a gp vet librarian shop assistant said so?? Let the epidemiologists and infectious disease experts do their bit.,Alicia Ellen,2026-09-01,keyword:measles
1507100734784815,https://www.facebook.com/photo?fbid=1507100734784815&set=a.363464525815114,,2026-09-01,"The only exemptions allowed should be for medical reasons, not religious and certainly not philosophical! What if I have a philosophical objection to car seats? Should the government respect that? What about smoking in a public place? We as a society have a collective responsibility to protect the vulnerable, and that includes children too young to be vaccinated and the immunocompromised.",Shirley Monroe,2026-09-01,keyword:measles
1507100734784815,https://www.facebook.com/photo?fbid=1507100734784815&set=a.363464525815114,,2026-09-01,"Shirley Monroe Yes, the philosophical one is Grade-A BS.",Mike DeMusician,2026-09-01,keyword:measles
1507100734784815,https://www.facebook.com/photo?fbid=1507100734784815&set=a.363464525815114,,2026-09-01,Oh the MAGA won't like your comment.,Lucy Lorence,2026-09-01,keyword:measles
1507100734784815,https://www.facebook.com/photo?fbid=1507100734784815&set=a.363464525815114,,2026-09-01,Shirley Monroe Forced chemical injection is considered genocide under United States law and is punishable by death. Statuary law that can never be changed. Do just your jew mouth or get out of our nations. Ok,Ford EartherHealth,2026-09-01,keyword:measles
1507100734784815,https://www.facebook.com/photo?fbid=1507100734784815&set=a.363464525815114,,2026-09-01,"Shirley Monroe you should go live in a dictatorship where the govt can violate people's personal autonomy. Every individual has the God given right to decide *IF* or *what* service (medical, etc) (s)he wishes to try.",Faisal Khatri,2026-09-01,keyword:measles
1507100734784815,https://www.facebook.com/photo?fbid=1507100734784815&set=a.363464525815114,,2026-09-01,Shirley Monroe what happened to 'my body my choice'?,Kevin Kreply,2026-09-01,keyword:measles
1507100734784815,https://www.facebook.com/photo?fbid=1507100734784815&set=a.363464525815114,,2026-09-01,Shirley Monroe so you like communism..you are forced at the point of a rifle. I say move to another country..,Jim Zipfel,2026-09-01,keyword:measles
1507100734784815,https://www.facebook.com/photo?fbid=1507100734784815&set=a.363464525815114,,2026-09-01,"Shirley Monroe What about the majority of your fellow countrymen, not a great track record. Only 22.8% of US adults aged 19 and older are up-to-date with all recommended vaccines. Source: https://www.cdc.gov/adultvaxview",Sarah Bear,2026-09-01,keyword:measles
1507100734784815,https://www.facebook.com/photo?fbid=1507100734784815&set=a.363464525815114,,2026-09-01,"Shirley Monroe , what a dictator you are..",Jim Zipfel,2026-09-01,keyword:measles
1507100734784815,https://www.facebook.com/photo?fbid=1507100734784815&set=a.363464525815114,,2026-09-01,"Shirley Monroe Excellent response. Think about seat belts. Similar issue. Not wearing a seat belt can reduce your financial compensation after an accident and may increase your insurance rates if you receive a ticket.Most users on Quora agree that an insurance policy is not automatically voided just because you did not wear a seat belt, but your payout can still change.Do You Get Less Money in an Accident?Reduced Payouts: Yes, you can receive less money. Insurance companies and courts use a rule called comparative negligence. This means your payout is lowered by your percentage of fault for your injuries.Worse Injuries: If the other driver causes the crash, but the insurance company proves that not wearing a seat belt made your injuries much worse, you are partially at fault for those specific injuries.Example: If a court awards you $100,000 in damages, but decides you are 20% responsible for your severe injuries because you were unbuckled, your final payment drops by 20% to $80,000.Still Eligible: Not wearing a belt does not completely ban you from filing a claim or getting money, as long as the other driver shares the blame for the crash itself.",Carolyn Lazar,2026-09-01,keyword:measles
1507100734784815,https://www.facebook.com/photo?fbid=1507100734784815&set=a.363464525815114,,2026-09-01,"Ok, here’s a question- what are the ingredients of the vaccines? I wouldn’t want any misleading info so I’ll come straight to the source.",Monica Cody,2026-09-01,keyword:measles
1507100734784815,https://www.facebook.com/photo?fbid=1507100734784815&set=a.363464525815114,,2026-09-01,"Monica Cody If someone can't find them, what's the likelihood they'll be able to interpret them?",Mike DeMusician,2026-09-01,keyword:measles
1507100734784815,https://www.facebook.com/photo?fbid=1507100734784815&set=a.363464525815114,,2026-09-01,"Monica Cody Go talk to your local pharmacist if you really want to know. They’ll give you a printed list. But somehow I doubt that you really care, and that you’re a plague enthusiast",Mimi Sees,2026-09-01,keyword:measles
1507100734784815,https://www.facebook.com/photo?fbid=1507100734784815&set=a.363464525815114,,2026-09-01,Monica Cody https://ks.childrenshealthdefense.org/wp-content/uploads/Ingredient-List-for-Vaccines.pdf https://www.fda.gov/vaccines-blood-biologics/safety-availability-biologics/common-ingredients-fda-approved-vaccines,BC Smith,2026-09-01,keyword:measles
1507100734784815,https://www.facebook.com/photo?fbid=1507100734784815&set=a.363464525815114,,2026-09-01,Monica Cody what is your degree to allow you to evaluate?,Dennis McAuliffe,2026-09-01,keyword:measles
1507100734784815,https://www.facebook.com/photo?fbid=1507100734784815&set=a.363464525815114,,2026-09-01,Monica Cody they plead the 5th,Michele Kirkland,2026-09-01,keyword:measles
1507100734784815,https://www.facebook.com/photo?fbid=1507100734784815&set=a.363464525815114,,2026-09-01,Monica Cody good Question. #protocol7. But who even knows what was in it,Mark Coté,2026-09-01,keyword:measles
1507100734784815,https://www.facebook.com/photo?fbid=1507100734784815&set=a.363464525815114,,2026-09-01,"Monica Cody it is a vaccine against getting diseases that can kill you, leave you with life long complications that has been studied and researched for many years. It has been proven to work.",Cheryl LeValley,2026-09-01,keyword:measles
1507100734784815,https://www.facebook.com/photo?fbid=1507100734784815&set=a.363464525815114,,2026-09-01,"Monica Cody you can play contrarian all you want all day long 24/7 but here's the fact, viruses are going to do what they're going to do and the laws of nature will when at the end of the day. You're alive double the time that people were just a few decades ago and it's all because of modern public health and vaccines. This is a fact. Go do your own research. Have fun, viruses are still going to do what they're going to do.",Mitch Kayle,2026-09-01,keyword:measles
1507100734784815,https://www.facebook.com/photo?fbid=1507100734784815&set=a.363464525815114,,2026-09-01,Monica Cody what programming language is Mark Zuckerberg using to run the servers at the back end of Facebook that we are communicating on now. You could look that up I'm sure it's online. The same goes for vaccines as well as all of the data drug manufacturers have is right out there on the public domain,Mitch Kayle,2026-09-01,keyword:measles
1507100734784815,https://www.facebook.com/photo?fbid=1507100734784815&set=a.363464525815114,,2026-09-01,"If you can’t find them on your own, what are the odds of you correctly interpreting them or justifying their presence and their relative concentrations? Do you use ChatGPT to breathe for you too?",Drew Edward,2026-09-01,keyword:measles
1507100734784815,https://www.facebook.com/photo?fbid=1507100734784815&set=a.363464525815114,,2026-09-01,Thank you for putting this out there. Measles deaths are preventable and this administration does not respect science. I'm happy that my child will never go through chicken pox or the ensuing possibility of shingles.,Annette M. Baker,2026-09-01,keyword:measles
1507100734784815,https://www.facebook.com/photo?fbid=1507100734784815&set=a.363464525815114,,2026-09-01,"Annette M. Baker and the measles illness has many serious consequences for survivors. At best, it is a miserable experience with fever, rash, a week or more of fatigue and isolation. I had extreme sensitivity to light which has persisted to this day.",Beverly Cavender de Filippis,2026-09-01,keyword:measles
1507100734784815,https://www.facebook.com/photo?fbid=1507100734784815&set=a.363464525815114,,2026-09-01,Our child will be developmentally challenged.,Jonathan Gannon,2026-09-01,keyword:measles
1507100734784815,https://www.facebook.com/photo?fbid=1507100734784815&set=a.363464525815114,,2026-09-01,"Annette M. Baker you can develop shingles if vaccinated with the live virus. It can do the same thing as the natural virus. That is it can establish latency in nerve cells, potentially leading to shingles years later. So far it seems rare but they have cultured the vaccine virus from shingles.blisters.",Chris Sulzer Abel,2026-09-01,keyword:measles
1507100734784815,https://www.facebook.com/photo?fbid=1507100734784815&set=a.363464525815114,,2026-09-01,"Annette M. Baker How did that ""Science"" work out with Covid ????",Rick Manning,2026-09-01,keyword:measles
1507100734784815,https://www.facebook.com/photo?fbid=1507100734784815&set=a.363464525815114,,2026-09-01,Many will blame this administration. But these kids started not getting their vaccines before this administration. Who was president when these kids were born? ￼ But I don't blame an administration either way. Covid and the Covid vaccine turned a lot of people off of vaccines in general. They're going to have to earn their trust back if you want them to get vaccinated. Not scare tactics. not demanding vaccines.,Joe Cangas,2026-09-01,keyword:measles
1507100734784815,https://www.facebook.com/photo?fbid=1507100734784815&set=a.363464525815114,,2026-09-01,Joe Cangas but was there a measles resurgence because of it?,Barbara Sisoler,2026-09-01,keyword:measles
1507100734784815,https://www.facebook.com/photo?fbid=1507100734784815&set=a.363464525815114,,2026-09-01,Joe Cangas only the ignorant fear mongers whined about the COVID vaccine,Jonathan Holland,2026-09-01,keyword:measles
1507100734784815,https://www.facebook.com/photo?fbid=1507100734784815&set=a.363464525815114,,2026-09-01,"Joe Cangas Robert ""Felcher"" Kennedy and his antivaccine cartel have been spamming social media with vaccine disinformation for twenty years. This INCLUDES Covid vaccines, and it appears they got YOU with that one.",Chris Morris,2026-09-01,keyword:measles
1519957980172423,https://www.facebook.com/photo?fbid=1519957980172423&set=a.643428321158731,,2026-08-18,i thank my deceased parents everyday that they loved me enough to vax me and believe in science.,Valerie Jonathan,2026-09-01,keyword:measles
1519957980172423,https://www.facebook.com/photo?fbid=1519957980172423&set=a.643428321158731,,2026-08-18,"Valerie Jonathan +3 THE CDC.. There have been zero reported deaths from measles in the United States so far in 2026.Even though the U.S. has reached a multi-decade high in total measles infections this year, no fatalities have been confirmed by health agencies. For comparison, there were 3 reported deaths from the virus in the U.S. during the previous year.Current Measles StatusTotal Cases: Over 2,400 confirmed cases have been reported nationwide.Hospitalizations: Around 7% of infected patients have required hospital care.Affected Groups: The vast majority of cases involve individuals who are unvaccinated or whose vaccination status is unknown.You can check regular updates on case counts and outbreaks through the CDC Measles Data and Research portal.",Rose Light,2026-09-01,keyword:measles
1519957980172423,https://www.facebook.com/photo?fbid=1519957980172423&set=a.643428321158731,,2026-08-18,"Valerie Jonathan Watch these and get back to me to prove vaccines are safe! THEY ARE ANYTHING BUT SAFE. 1-------Vaxxed I—autism is mainly caused by vaccines, esp. MMR or “catch up” vaccines, too many toxins for one day. https://www.youtube.com/watch?v=3De3GR_ITS4&t=1472s 2---Vaxxed 2, interviewing parents of vaccine damaged https://www.youtube.com/watch?v=WcYkMfW84Ok 3----Vaxxed 3, how COVID protocols in the hospitals were authorization to murder, and the clot shot was also. https://www.youtube.com/watch?v=EFfoepY5jo4&t=14s 4---The Henry Ford Study compared vaxed to unvaxxed and found that the vaccinated had chronic lifelong disease, whereas the unjabbed had near perfect health. This movie proves not one vaccine has been properly safety tested. https://www.youtube.com/watch?v=jKsxUOg4IJE&t=9s 5---Injecting Aluminum. Aluminum is the carrier in 100% of vaccines and causes all kinds of neurological disorders: autism, dementia. Autoimmunity such as MS, etc.",Susan E Schenck,2026-09-01,keyword:measles
1519957980172423,https://www.facebook.com/photo?fbid=1519957980172423&set=a.643428321158731,,2026-08-18,My nephew died 4 days after a “wellness” visit and a D-Tap shot. He isn’t around to thank his mother. His name was Jonathon and his casket was the most surreal thing I’ve ever seen. Let’s meet half way. If a certain percentage of children die of SIDS within a week of any innoculation keep these fatalities in a data base and study any possible connection. Not too much to ask.,John G Albert,2026-09-01,keyword:measles
1519957980172423,https://www.facebook.com/photo?fbid=1519957980172423&set=a.643428321158731,,2026-08-18,"Im still here after getting the measles, mumps AND chickenpox as a kid",Beren Jenna Daus,2026-09-01,keyword:measles
1519957980172423,https://www.facebook.com/photo?fbid=1519957980172423&set=a.643428321158731,,2026-08-18,Valerie Jonathan me too & I was on that 1st group of children that received polio vaccine. This needless child deaths d/t measles just breaks my heart!,Cathy Platt,2026-09-01,keyword:measles
1519957980172423,https://www.facebook.com/photo?fbid=1519957980172423&set=a.643428321158731,,2026-08-18,Valerie Jonathan Science is not based on belief!,Anthony Sigmund,2026-09-01,keyword:measles
1519957980172423,https://www.facebook.com/photo?fbid=1519957980172423&set=a.643428321158731,,2026-08-18,Valerie Jonathan ya. Back in the day. Not today,Billie Phillips,2026-09-01,keyword:measles
1519957980172423,https://www.facebook.com/photo?fbid=1519957980172423&set=a.643428321158731,,2026-08-18,"Valerie Jonathan , science gave you COVID! Ever heard of gain-of-function research? Guess not!",Reni Willey,2026-09-01,keyword:measles
1519957980172423,https://www.facebook.com/photo?fbid=1519957980172423&set=a.643428321158731,,2026-08-18,Valerie Jonathan WE took no vaccines and Are thriving.. stop The bullshit,Moana TeRauparaha,2026-09-01,keyword:measles
1519957980172423,https://www.facebook.com/photo?fbid=1519957980172423&set=a.643428321158731,,2026-08-18,Valerie Jonathan absolutely,Kelly Smith,2026-09-01,keyword:measles
1519957980172423,https://www.facebook.com/photo?fbid=1519957980172423&set=a.643428321158731,,2026-08-18,We got all our shots growing up - even had to get more to go overseas to England - I was 6-7 when I got my shots to go there. People should know I have had all the shots I've needed - since I was born in the early 50s.,Donna Vogelpohl,2026-09-01,keyword:measles
1519957980172423,https://www.facebook.com/photo?fbid=1519957980172423&set=a.643428321158731,,2026-08-18,Donna Vogelpohl YOU CATTLE HAHAHAHAH OH SHEEP HAHAHAHAHAHA,Mark Gunderson,2026-09-01,keyword:measles
1519957980172423,https://www.facebook.com/photo?fbid=1519957980172423&set=a.643428321158731,,2026-08-18,Donna Vogelpohl have you been healthy ?,Gidge Copping,2026-09-01,keyword:measles
1519957980172423,https://www.facebook.com/photo?fbid=1519957980172423&set=a.643428321158731,,2026-08-18,"On Dec 31 I had a 6 hour operation - out of state in Wichita. The first check I stepped up onto the table for first exam - without aide and I am 74. The doc was surprised. I take one pill for BP and one for essential tremors that my dad had. And I take vitamins. I am sometimes pre-diabetic at 5.7 but I can get it lower. Bones are really good - I gardened for years - and worked mostly in offices - One kid - no drinking, drugs and still loves to dance. Yeah, I'm really pretty healthy for my age. No cancers of any kind despite the sun.",Donna Vogelpohl,2026-09-01,keyword:measles
1519957980172423,https://www.facebook.com/photo?fbid=1519957980172423&set=a.643428321158731,,2026-08-18,Donna Vogelpohl I was born in the 50s and I’m going to see if I may need a measles booster has been discussed by doctor. I certainly don’t want measles at my age.,Susan Truman,2026-09-01,keyword:measles
1519957980172423,https://www.facebook.com/photo?fbid=1519957980172423&set=a.643428321158731,,2026-08-18,"Donna Vogelpohl Well if you where born in the 50's you had very few doses of vaccines. You didn't have 40+ like kids have now in Europe, or 60+ like kids in the US have now? There's a reason why parents are uncomfortable with all these vaccines.",Louise Bjorling,2026-09-01,keyword:measles
1519957980172423,https://www.facebook.com/photo?fbid=1519957980172423&set=a.643428321158731,,2026-08-18,Donna Vogelpohl do the 10+ million arrivals from 2020 to 2024 have there vaccinations ? And whom would we ask to see there medical records ?,Tom Eger,2026-09-01,keyword:measles
1519957980172423,https://www.facebook.com/photo?fbid=1519957980172423&set=a.643428321158731,,2026-08-18,Donna Vogelpohl you did not get as many as they did,Christina Sowinski,2026-09-01,keyword:measles
1519957980172423,https://www.facebook.com/photo?fbid=1519957980172423&set=a.643428321158731,,2026-08-18,"I got every one except the polio vaccine. I had polio 6 months before the release of the vaccine. It is a life altering disease and I had a minor case. Those who don’t vaccinate their children or themselves a self centered morons. And generally wear red hats so we can identify them,",Ann Monson,2026-09-01,keyword:measles
1519957980172423,https://www.facebook.com/photo?fbid=1519957980172423&set=a.643428321158731,,2026-08-18,Donna Vogelpohl you can't tell them nothing,Forrest Tucker,2026-09-01,keyword:measles
1519957980172423,https://www.facebook.com/photo?fbid=1519957980172423&set=a.643428321158731,,2026-08-18,"Donna Vogelpohl I am 82 and lived this long due to having sane parents who listened to medical advice, not crazy politicians, and believed in science. It was a relief when polio vaccine became available. We stood in long lines to get it. All childhood diseases can have devastating effects later in life even if lived through. It is unbelievable how backward the thinking has been become in this modern age. I would have never believed it if I hadn't lived to see it with my own eyes.",Phyllis Warren,2026-09-01,keyword:measles
1519957980172423,https://www.facebook.com/photo?fbid=1519957980172423&set=a.643428321158731,,2026-08-18,Do people read or have reading comprehension capabilities? Last I checked Bangladesh wasn't part of the USA,Jilly Bean,2026-09-01,keyword:measles
1519957980172423,https://www.facebook.com/photo?fbid=1519957980172423&set=a.643428321158731,,2026-08-18,"Jilly Bean it’s happening in the United States as well. Parents aren’t vaccinating their children and measles outbreak is there and children have died. So although it’s happening in Bangladesh, there are morons in the United States, not vaccinating their children from diseases and ill illnesses that have been long forgotten up until recently.",Krista Henderson-Mader,2026-09-01,keyword:measles
1519957980172423,https://www.facebook.com/photo?fbid=1519957980172423&set=a.643428321158731,,2026-08-18,"Jilly Bean and Bangladesh isn't part of India, which is where this group is based.",Theresa Horton Schrum,2026-09-01,keyword:measles
1519957980172423,https://www.facebook.com/photo?fbid=1519957980172423&set=a.643428321158731,,2026-08-18,"Jilly Bean measles affects people the same no matter what country. If it’s getting this bad there, we can anticipate it getting this bad here as more people refuse to get their children immunized. We have already seen a 35 year rate increase. We can anticipate seeing more children die or end up with brain damage requiring institutionalization in state supported living centers.",Marcella Ford,2026-09-01,keyword:measles
1519957980172423,https://www.facebook.com/photo?fbid=1519957980172423&set=a.643428321158731,,2026-08-18,"Jilly Bean international travel is common these days, probably part of the reason it is spreading here. Vaccines are important!",Laurie Jones,2026-09-01,keyword:measles
1519957980172423,https://www.facebook.com/photo?fbid=1519957980172423&set=a.643428321158731,,2026-08-18,"Jilly Bean people travel point is there's a vaccine to prevent this and parents are opting not to due to sheer ignorance. I'm not for all the NEEDLESS vaccines but Mmr, Polio and DPT never hurt us or any of our kids",Patricia Jarrell Henry,2026-09-01,keyword:measles
1519957980172423,https://www.facebook.com/photo?fbid=1519957980172423&set=a.643428321158731,,2026-08-18,Jilly Bean Bangladesh tracks their health data. You have like one person working at CDC tracking stuff,Walker T Naguil,2026-09-01,keyword:measles
1519957980172423,https://www.facebook.com/photo?fbid=1519957980172423&set=a.643428321158731,,2026-08-18,Jilly Bean Is the United States the only country where children matter? And. There’s a thing called travel.,Laura Tucker,2026-09-01,keyword:measles
1376300601373336,https://www.facebook.com/photo?fbid=1376300601373336&set=a.526746556328749,,2026-09-01,Know what helps this? A 60+ year old proven vaccine.,Nic C Kent,2026-09-01,keyword:measles
1376300601373336,https://www.facebook.com/photo?fbid=1376300601373336&set=a.526746556328749,,2026-09-01,"Nic C Kent but look at the side effects, walking, talking, eating, working and growing up to a ripe old age!",Carolyn Frady Jones,2026-09-01,keyword:measles
1376300601373336,https://www.facebook.com/photo?fbid=1376300601373336&set=a.526746556328749,,2026-09-01,Nic C Kent …if only we had one…,Kevin Burke,2026-09-01,keyword:measles
1376300601373336,https://www.facebook.com/photo?fbid=1376300601373336&set=a.526746556328749,,2026-09-01,Nic C Kent Smart parents get their children vaccinated. Stupid parents get their children embalmed.,Neil Book,2026-09-01,keyword:measles
1376300601373336,https://www.facebook.com/photo?fbid=1376300601373336&set=a.526746556328749,,2026-09-01,"If you want to get vaccinated, do it. If you don't, then don't. Your body, your choice. Most Americans didn't even take a measles vaccine prior to the 1980s. They just went through a couple of days in bed with a fever and then got over it. If you've had measles, you don't need a vaccine. You have have lifelong natural immunity.",Stonee Faulkner,2026-09-01,keyword:measles
1376300601373336,https://www.facebook.com/photo?fbid=1376300601373336&set=a.526746556328749,,2026-09-01,Stonee Faulkner Because unvaccinated people are putting infants and immunocompromised people at risk for a deadly disease. Don’t you want to protect the vulnerable children? They can’t get the vaccine until they are older. 2 people have died last week of measles. This disease was non existent in America until we lost herd immunity due to non vaxxers.,Loraina Beck Grace,2026-09-01,keyword:measles
1376300601373336,https://www.facebook.com/photo?fbid=1376300601373336&set=a.526746556328749,,2026-09-01,"Nonexistent? You've got to be kidding. We've had measles in this nation for generations and generations and generations. Our generations never had any vaccines. So we never got vaccinated. We got measles, stayed home a couple of days, got better, got over it. And we have lifetime immunity. No vaccine required when you already have lifetime immunity.",Stonee Faulkner,2026-09-01,keyword:measles
1376300601373336,https://www.facebook.com/photo?fbid=1376300601373336&set=a.526746556328749,,2026-09-01,Stonee Faulkner 1963!!!!!!!,Anthony B Lowe,2026-09-01,keyword:measles
1376300601373336,https://www.facebook.com/photo?fbid=1376300601373336&set=a.526746556328749,,2026-09-01,Stonee Faulkner You're foolish for saying that. Just an asinine statement. Dumb,Jim Doyle,2026-09-01,keyword:measles
1376300601373336,https://www.facebook.com/photo?fbid=1376300601373336&set=a.526746556328749,,2026-09-01,"Measles vaccines are responsible for a big decrease in other childhood illnesses because measles knocks the immune system down so badly. If you want to protect your immune system, get the vaccine.",Elizabeth Martin,2026-09-01,keyword:measles
1376300601373336,https://www.facebook.com/photo?fbid=1376300601373336&set=a.526746556328749,,2026-09-01,"Stonee Faulkner Unless you were born before 1962 which is when the first measles vaccine came out or even before 1914 when the first whooping cough vaccine was licensed Then YOU ABSOLUTELY WERE VACCINATED. Why can I say that with such certainty? Because there didn't used to be anti-vaccine mother's back in those days they were so used to seeing children die of those diseases that they didn't think twice about vaccinating YOU for polio, smallpox, diphtheria, tetanus, whooping cough, and yes, eventually measles mumps and rubella chicken pox hemophilus influenza B and other diseases that now children don't have to suffer through",Kristina Najera Henderson,2026-09-01,keyword:measles
1376300601373336,https://www.facebook.com/photo?fbid=1376300601373336&set=a.526746556328749,,2026-09-01,Don't worry Stonee Faulkner you may be around to see what happens when you screw with vaccine confidence when you add increasing infectious diseases worldwide and sicker people who survive heart attacks and cancer. Hope you have a front row seat.,Kristina Najera Henderson,2026-09-01,keyword:measles
1376300601373336,https://www.facebook.com/photo?fbid=1376300601373336&set=a.526746556328749,,2026-09-01,"Stonee Faulkner “My body, my choice” is a line that works well when you are talking about women being able to control their own bodies for reproduction. We are not talking about reproductive rights here. We are talking about how the actions of disease spreaders affect others. I was one of those Americans you’re talking about who couldn’t take the measles vaccine because it hadn’t been invented yet back in the 1950s when I was a kid. A couple of days in bed? No, sorry. It was the sickest I’ve ever been in my life. I was sick in bed for two weeks. It was awful. My parents were seriously worried that I might not even survive. My friend had it too, and it damaged her vision. A few years ago, my husband and I were traveling through Northern Texas. We stopped at a rest stop to walk our dogs. We saw a cemetery off to one side with little white crosses. Upon closer inspection, we saw that it was actually a civil war cemetery. There was a plaque that told what had happened. It was an entire regiment of soldiers between the ages of 17 and 25. Young, strapping farm boys. They didn’t die from bullets or cannon fire. They died from measles￼. It swept through the entire regiment and killed every single one of them. It’s unbelievable to me that we eradicated the disease a quarter of a century ago, and now it’s back because of the stupidity of people who refuse to believe the science and instead are swayed by hucksters like RFK. Jonas Salk must be spinning in his grave. A century ago, it was common for families to lose one or more children to diseases like measles. Vaccines are one of the greatest medical advancements in human history. If you really don’t want yourself or your children to be vaccinated, then go live on a desert island or never leave your house, so you won’t be a danger to others.",Linda Maloney,2026-09-01,keyword:measles
1376300601373336,https://www.facebook.com/photo?fbid=1376300601373336&set=a.526746556328749,,2026-09-01,When millions are let in and I would say a lot are unvaccinated let’s start there at pointing fingers.,Vickie Jones,2026-09-01,keyword:measles
1376300601373336,https://www.facebook.com/photo?fbid=1376300601373336&set=a.526746556328749,,2026-09-01,This post is totally totally totally misleading,Nortel Networks,2026-09-01,keyword:measles
1376300601373336,https://www.facebook.com/photo?fbid=1376300601373336&set=a.526746556328749,,2026-09-01,"WILL YOU PULEASE REMIND FOLKS THAT IF THEY WERE VACCINATED, THEY ARE SAFE!!!",Mary Watson,2026-09-01,keyword:measles
1376300601373336,https://www.facebook.com/photo?fbid=1376300601373336&set=a.526746556328749,,2026-09-01,Vaccinations are important as they done away with them all these disease were almost nonexistent but now their coming back,Billy Price,2026-09-01,keyword:measles
1376300601373336,https://www.facebook.com/photo?fbid=1376300601373336&set=a.526746556328749,,2026-09-01,Why are people laughing?,Jessica Daly,2026-09-01,keyword:measles
1376300601373336,https://www.facebook.com/photo?fbid=1376300601373336&set=a.526746556328749,,2026-09-01,Jessica Daly because they're stupid as hell,Robyn Pitoscia,2026-09-01,keyword:measles
1376300601373336,https://www.facebook.com/photo?fbid=1376300601373336&set=a.526746556328749,,2026-09-01,Jessica Daly It reflects their level of empathy and education.,Tom Shantz,2026-09-01,keyword:measles
1376300601373336,https://www.facebook.com/photo?fbid=1376300601373336&set=a.526746556328749,,2026-09-01,"Jessica Daly That is what I would like to know, people are sick.",Pamela Lyman,2026-09-01,keyword:measles
1376300601373336,https://www.facebook.com/photo?fbid=1376300601373336&set=a.526746556328749,,2026-09-01,"Did the summit leaders hopefully stop there, too?",Lisa F Zammit,2026-09-01,keyword:measles
1376300601373336,https://www.facebook.com/photo?fbid=1376300601373336&set=a.526746556328749,,2026-09-01,,John Cox,2026-09-01,keyword:measles
1376300601373336,https://www.facebook.com/photo?fbid=1376300601373336&set=a.526746556328749,,2026-09-01,John Cox,Kurt Wray,2026-09-01,keyword:measles
1376300601373336,https://www.facebook.com/photo?fbid=1376300601373336&set=a.526746556328749,,2026-09-01,John Cox this is a wild take on a vaccine that is 97%-99% effective and has almost zero side effects.,William Sebastian,2026-09-01,keyword:measles
1376300601373336,https://www.facebook.com/photo?fbid=1376300601373336&set=a.526746556328749,,2026-09-01,You don’t say..,Jesse Peek,2026-09-01,keyword:measles
1376300601373336,https://www.facebook.com/photo?fbid=1376300601373336&set=a.526746556328749,,2026-09-01,Irresponsible parents make me angry.,Susan Lafontaine,2026-09-01,keyword:measles
1376300601373336,https://www.facebook.com/photo?fbid=1376300601373336&set=a.526746556328749,,2026-09-01,Out of state is a sneaky way of saying illegal alien... twist and manipulate,Matt Robbins,2026-09-01,keyword:measles
1376300601373336,https://www.facebook.com/photo?fbid=1376300601373336&set=a.526746556328749,,2026-09-01,"Isn't this just grand? Anti-vaxers spreading measles to pregnant women, babies, seniors and people with compromised immune systems. People used to care for others, but now it's all about me, me, me.",Carolyn Frady Jones,2026-09-01,keyword:measles
1376300601373336,https://www.facebook.com/photo?fbid=1376300601373336&set=a.526746556328749,,2026-09-01,Carolyn Frady Jones makes me so sad. I have 3 kids. My older 2 are fully vaxxed but my 17 month old is still vulnerable.,Jessica Daly,2026-09-01,keyword:measles
1621524526095077,https://www.facebook.com/photo?fbid=1621524526095077&set=a.568782714702602,,2026-09-01,He also said that Tylenol causes autism. Never take medical advice from a man with no medical degree.,Rach Mill,2026-09-01,keyword:measles
1621524526095077,https://www.facebook.com/photo?fbid=1621524526095077&set=a.568782714702602,,2026-09-01,Rach Mill And a recovering heroin addict who had a brain worm,Nancylee Koenig-Berman,2026-09-01,keyword:measles
1621524526095077,https://www.facebook.com/photo?fbid=1621524526095077&set=a.568782714702602,,2026-09-01,Rach Mill Don't look now but a man WITH a bunch of degrees is being questioned by Congress and he's pleading the 5th which he can't do because he also has a presidential pardon which voids his 5th amendment guarantees. So much for your theory about degrees.,Don Stoeffler,2026-09-01,keyword:measles
1621524526095077,https://www.facebook.com/photo?fbid=1621524526095077&set=a.568782714702602,,2026-09-01,Rach Mill Or a d,Leonard Tinker,2026-09-01,keyword:measles
1621524526095077,https://www.facebook.com/photo?fbid=1621524526095077&set=a.568782714702602,,2026-09-01,"Rach Mill, Josef Mengele had a medical degree.",Jeremy Ashford,2026-09-01,keyword:measles
1621524526095077,https://www.facebook.com/photo?fbid=1621524526095077&set=a.568782714702602,,2026-09-01,Don Stoeffler U must have been a BAD BOY because I’m not getting any of our 3rd grade speeches…,Al Gallagher,2026-09-01,keyword:measles
1621524526095077,https://www.facebook.com/photo?fbid=1621524526095077&set=a.568782714702602,,2026-09-01,Rach Mill If the real MD's are doing so great why is health in the US at an all time low?!,Ruthie Fedohn,2026-09-01,keyword:measles
1621524526095077,https://www.facebook.com/photo?fbid=1621524526095077&set=a.568782714702602,,2026-09-01,"Rach Mill He did not. I know you all love to think the man is an idiot, but that is far from reality. You can watch the video below and his comments are based upon studies which you can look up on PubMed or other websites. https://www.youtube.com/watch?v=PhRNQnTorXY",Scott Gallant,2026-09-01,keyword:measles
1621524526095077,https://www.facebook.com/photo?fbid=1621524526095077&set=a.568782714702602,,2026-09-01,Rach Mill oe,GW Mueller,2026-09-01,keyword:measles
1621524526095077,https://www.facebook.com/photo?fbid=1621524526095077&set=a.568782714702602,,2026-09-01,Rach Mill Never take advice from a Drug Addict with the Brains of a MAGGOT.,Kevin G Mac Isaac,2026-09-01,keyword:measles
1621524526095077,https://www.facebook.com/photo?fbid=1621524526095077&set=a.568782714702602,,2026-09-01,Rach Mill,Sean Tirrell,2026-09-01,keyword:measles
1621524526095077,https://www.facebook.com/photo?fbid=1621524526095077&set=a.568782714702602,,2026-09-01,"1 of them was literally confirmed to be directedly measle related, but the other one was a spleen laceration of a newborn that was the primary cause of death, but still had a measles infection found in their blood.",Ryan Palumbo,2026-09-01,keyword:measles
1621524526095077,https://www.facebook.com/photo?fbid=1621524526095077&set=a.568782714702602,,2026-09-01,Ryan Palumbo wrong the other one didn't say & used the privacy law.,Deb Henthorn,2026-09-01,keyword:measles
1621524526095077,https://www.facebook.com/photo?fbid=1621524526095077&set=a.568782714702602,,2026-09-01,Ryan Palumbo the infant had measles in the lungs as well. The spleen I understand can be enlarged and rupture because of measles.,Bette Bodak,2026-09-01,keyword:measles
1621524526095077,https://www.facebook.com/photo?fbid=1621524526095077&set=a.568782714702602,,2026-09-01,Did you even read the article or did you jump to the comments section? Measles is known to cause splenic enlargement. So both deaths are attributable to the measles virus.,Donovan Sue,2026-09-01,keyword:measles
1621524526095077,https://www.facebook.com/photo?fbid=1621524526095077&set=a.568782714702602,,2026-09-01,Ryan Palumbo why wasn't the cdc allowed to examine the deaths?,Patrick Merjo,2026-09-01,keyword:measles
1621524526095077,https://www.facebook.com/photo?fbid=1621524526095077&set=a.568782714702602,,2026-09-01,"Ryan Palumbo the one was most certainly NOT “confirmed” yet, and the child died of a LACERATED spleen. Not a ruptured spleen. A ruptured spleen would be cause to say it was a measles death. A lacerated spleen means it’s NOT",Pierre Merd,2026-09-01,keyword:measles
1621524526095077,https://www.facebook.com/photo?fbid=1621524526095077&set=a.568782714702602,,2026-09-01,Ryan Palumbo it's also quite possible the measles infection caused the spleen rupture. Prob more likely than not as there's no other explanation for the splenic rupture.,Ann Reed Macke,2026-09-01,keyword:measles
1621524526095077,https://www.facebook.com/photo?fbid=1621524526095077&set=a.568782714702602,,,"This guy is just giving that vibes, like he's cosplaying Satan casually",Mike Rosolada sekitar satu jam yang lalu,2026-09-01,keyword:measles
1621524526095077,https://www.facebook.com/photo?fbid=1621524526095077&set=a.568782714702602,,2026-09-01,Then explain the deaths in other states involving measles deaths as well,Claudia Ryback,2026-09-01,keyword:measles
1621524526095077,https://www.facebook.com/photo?fbid=1621524526095077&set=a.568782714702602,,2026-09-01,Yes because infant spleens often rupture for no reason.,Dan Toole,2026-09-01,keyword:measles
1621524526095077,https://www.facebook.com/photo?fbid=1621524526095077&set=a.568782714702602,,2026-09-01,Dan Toole hopefully people picked this up as sarcasm ! Never know what people will believe now !,Cary Schooley Farber,2026-09-01,keyword:measles
1621524526095077,https://www.facebook.com/photo?fbid=1621524526095077&set=a.568782714702602,,2026-09-01,"Well, that's something that can actually be checked at a hospital.",Michael Spanakos,2026-09-01,keyword:measles
1621524526095077,https://www.facebook.com/photo?fbid=1621524526095077&set=a.568782714702602,,2026-09-01,"Michael Spanakos The coroner did check, and agreed.",Mike Panagakos,2026-09-01,keyword:measles
1621524526095077,https://www.facebook.com/photo?fbid=1621524526095077&set=a.568782714702602,,2026-09-01,The Atlantic article that interviews parents of deceased infant says otherwise. Find and read it.,Sue Roberts,2026-09-01,keyword:measles
1621524526095077,https://www.facebook.com/photo?fbid=1621524526095077&set=a.568782714702602,,2026-09-01,"Sue Roberts if he didn’t have measles , they need to investigate what happened to this child … trauma or child abuse often the other reason !",Cary Schooley Farber,2026-09-01,keyword:measles
1621524526095077,https://www.facebook.com/photo?fbid=1621524526095077&set=a.568782714702602,,2026-09-01,They had an interview with the father of one. Was he an Amish actor?,Jessica Hampton,2026-09-01,keyword:measles
1621524526095077,https://www.facebook.com/photo?fbid=1621524526095077&set=a.568782714702602,,2026-09-01,Try telling that to the grieving parents....,Jane Armstrong Krantz,2026-09-01,keyword:measles
1621524526095077,https://www.facebook.com/photo?fbid=1621524526095077&set=a.568782714702602,,2026-09-01,"Jane Armstrong Krantz You might also try explaining how this disease and others showed up with illegal, unvaxxed immigrants.",Gaylord Atkins,2026-09-01,keyword:measles
1621524526095077,https://www.facebook.com/photo?fbid=1621524526095077&set=a.568782714702602,,2026-09-01,Jane Armstrong Krantz or all the young healthy people who passed away suddenly hey.. or don't you know about them.,Theopi Symeonakis Nikolis,2026-09-01,keyword:measles
1419255113677345,https://www.facebook.com/photo?fbid=1419255113677345&set=a.550704457199086,,2026-09-01,kain nalang tayo nang mga healthy na pagkain para iwas sakit2 at take vitamins ba. Wala namang vaccine panahon nang lola ko ahh bat sila nabuhay nang mahaba? If you know you'll know ahahah,Jeanne Divinagracia,2026-09-01,keyword:measles
1419255113677345,https://www.facebook.com/photo?fbid=1419255113677345&set=a.550704457199086,,2026-09-01,Jeanne Divinagracia pag ikaw kinagat ng aso wag ka mag pa anti rabies vaccine ha?,Shaina Mae Salarda,2026-09-01,keyword:measles
1419255113677345,https://www.facebook.com/photo?fbid=1419255113677345&set=a.550704457199086,,,Shaina Mae Salarda HAHA NO CHOICE PO ANG MGA DOCTOR AT NURSE DAHIL SWELDADO PO SILA KAYA KAHIT AYAW NILA KAILANGAN NILA ASEKASUHIN . KUNG AYAW NILA MAKULONG DIBA .,,2026-09-01,keyword:measles
1419255113677345,https://www.facebook.com/photo?fbid=1419255113677345&set=a.550704457199086,,,Titing Rosales Eh di wag ka pupunta sa doctor. Sa arbularyo kayo pumunta.,,2026-09-01,keyword:measles
1419255113677345,https://www.facebook.com/photo?fbid=1419255113677345&set=a.550704457199086,,,Titing Rosales di kayo na niniwala sa vaccine pero mag papa doctor? Wag na.,,2026-09-01,keyword:measles
1419255113677345,https://www.facebook.com/photo?fbid=1419255113677345&set=a.550704457199086,,,Shaina Mae Salarda MR vaccine ho ibig sabihin ko okay kalang?,,2026-09-01,keyword:measles
1419255113677345,https://www.facebook.com/photo?fbid=1419255113677345&set=a.550704457199086,,,Jeanne Divinagracia “wala namang vaccine panahon nang lola ko” yan po sinabi niyo. You know vaccine includes anti rabies vaccine right? Di mo alam? Omg,,2026-09-01,keyword:measles
1419255113677345,https://www.facebook.com/photo?fbid=1419255113677345&set=a.550704457199086,,,Jeanne Divinagracia ikaw ok ka lang? Nilamon ng fake news. Good luck po sa inyo at sa anakshi mo,,2026-09-01,keyword:measles
1419255113677345,https://www.facebook.com/photo?fbid=1419255113677345&set=a.550704457199086,,,Shaina Mae Salarda ikaw ang goodluck ate i told you that mag basa2 karin para me alam ka po anong simulan nang mga nangyayari sa panahon te yung pinag uusapan ay mr vaccine bat ka napunta sa rabbies? GODBLESS YOU PO!,,2026-09-01,keyword:measles
1419255113677345,https://www.facebook.com/photo?fbid=1419255113677345&set=a.550704457199086,,,Jeanne Divinagracia base sa statement mo kasi yan ate ko. Basahin mo ha? Anti vax ka pa in this modern age 2026. Sugal mo pa buhay ng ibang bata. Wag ka na mag papa doctor vaccine rami please,,2026-09-01,keyword:measles
1419255113677345,https://www.facebook.com/photo?fbid=1419255113677345&set=a.550704457199086,,,Shaina Mae Salarda emergency po ang rabies.. ang ibang vaccine nd naman yan emergency.. kaya my choice ang tao kung gusto nila o hindi.. kung ayaw mo wag mo ipilit gusto mo sa iba,,2026-09-01,keyword:measles
1419255113677345,https://www.facebook.com/photo?fbid=1419255113677345&set=a.550704457199086,,,Gabriel M. Aclanon na para bang hindi maapektuhan yung desisyon niyo sa ibang tao? Clearly you don’t understand the harm nito,,2026-09-01,keyword:measles
1419255113677345,https://www.facebook.com/photo?fbid=1419255113677345&set=a.550704457199086,,2026-09-01,Jeanne Divinagracia tAma idol,Inatay Vloger Bacea,2026-09-01,keyword:measles
1419255113677345,https://www.facebook.com/photo?fbid=1419255113677345&set=a.550704457199086,,2026-09-01,It's because people are now waking up to their senses,Kalling Ad Kalinga,2026-09-01,keyword:measles
1419255113677345,https://www.facebook.com/photo?fbid=1419255113677345&set=a.550704457199086,,2026-09-01,Kalling Ad Kalinga bakit kaya mga supporter ni dutae puro mga anti vaxxer?,Jesar Keen Altalaguire,2026-09-01,keyword:measles
1419255113677345,https://www.facebook.com/photo?fbid=1419255113677345&set=a.550704457199086,,2026-09-01,Kalling Ad Kalinga Yes Tama yan ma'am,Bayo Villamor,2026-09-01,keyword:measles
1419255113677345,https://www.facebook.com/photo?fbid=1419255113677345&set=a.550704457199086,,2026-09-01,,Lhiz B. Corton,2026-09-01,keyword:measles
1419255113677345,https://www.facebook.com/photo?fbid=1419255113677345&set=a.550704457199086,,2026-09-01,Lhiz B. Corton dapat tinakpan niyo Po name niya or privacy niya,MI CH,2026-09-01,keyword:measles
1419255113677345,https://www.facebook.com/photo?fbid=1419255113677345&set=a.550704457199086,,,MI CH nag comment nga po sya ng hindi dummy account ang gamit ibig sabihin po di saya takot at may paninindigan sya,,2026-09-01,keyword:measles
1419255113677345,https://www.facebook.com/photo?fbid=1419255113677345&set=a.550704457199086,,,MI CH I asked permission nman po mismo Kay Doc,,2026-09-01,keyword:measles
1419255113677345,https://www.facebook.com/photo?fbid=1419255113677345&set=a.550704457199086,,2026-08-31,"Even the weather have put an obstacle , God loves the Filipino children.",Priscilla Rivera,2026-09-01,keyword:measles
1419255113677345,https://www.facebook.com/photo?fbid=1419255113677345&set=a.550704457199086,,2026-09-01,Qouta failed hahaha,Meshell Luminarias De Jesus,2026-09-01,keyword:measles
1419255113677345,https://www.facebook.com/photo?fbid=1419255113677345&set=a.550704457199086,,2026-09-01,Meshell Luminarias De Jesus way commission HAHAHA,Diana Tañeca,2026-09-01,keyword:measles
1419255113677345,https://www.facebook.com/photo?fbid=1419255113677345&set=a.550704457199086,,,Diana Tañeca Hahahha correct hahaha,,2026-09-01,keyword:measles
1419255113677345,https://www.facebook.com/photo?fbid=1419255113677345&set=a.550704457199086,,2026-09-01,Meshell Luminarias De Jesus DOHell..,Daryl Regalado,2026-09-01,keyword:measles
1419255113677345,https://www.facebook.com/photo?fbid=1419255113677345&set=a.550704457199086,,2026-09-01,"I 
 Vaccines For Ever and Ever",Christopher Garcia,2026-09-01,keyword:measles
1419255113677345,https://www.facebook.com/photo?fbid=1419255113677345&set=a.550704457199086,,2026-09-01,Next strategy unsa pod?,Examae Grace Marco,2026-09-01,keyword:measles
1419255113677345,https://www.facebook.com/photo?fbid=1419255113677345&set=a.550704457199086,,2026-09-01,"Examae Grace Marco They will say there's an increase of measles in the region. In america, they are already making up the news.",Alcantara Ferdinand,2026-09-01,keyword:measles
1419255113677345,https://www.facebook.com/photo?fbid=1419255113677345&set=a.550704457199086,,2026-09-01,Examae Grace Marco sa foods Kasi nabisto na Sila sa injection eu kaya sa foods nila Yan ilagay,RO SE,2026-09-01,keyword:measles
1419255113677345,https://www.facebook.com/photo?fbid=1419255113677345&set=a.550704457199086,,2026-09-01,,Pecore Jerry,2026-09-01,keyword:measles
1521396016695286,https://www.facebook.com/photo?fbid=1521396016695286&set=a.643428321158731,,2026-08-18,The “suspect” you want is RFK,Elsa Rios Bustamante,2026-09-01,keyword:measles
1521396016695286,https://www.facebook.com/photo?fbid=1521396016695286&set=a.643428321158731,,2026-08-18,"Elsa Rios Bustamante how is RFK to blame for measles deaths in BANGLADESH? Also, RFK is not an anti-vaxer. Not even close. He just wants vaccines to be safe and have a safer schedule.",Melanie Barnett-Kouba,2026-09-01,keyword:measles
1521396016695286,https://www.facebook.com/photo?fbid=1521396016695286&set=a.643428321158731,,2026-08-18,Elsa Rios Bustamante hey stupid most cases are over 5 year old .rfk wasn't in charge then idiot,Larry Hart,2026-09-01,keyword:measles
1521396016695286,https://www.facebook.com/photo?fbid=1521396016695286&set=a.643428321158731,,2026-08-18,Elsa Rios Bustamante what does he have to do with Bangladesh? ￼,Darcey Nash-Adams,2026-09-01,keyword:measles
1521396016695286,https://www.facebook.com/photo?fbid=1521396016695286&set=a.643428321158731,,2026-08-18,"Yes, though this is not USA.",Ron Fox,2026-09-01,keyword:measles
1521396016695286,https://www.facebook.com/photo?fbid=1521396016695286&set=a.643428321158731,,2026-08-18,Elsa Rios Bustamante That's what this is all about RFK. Lol,Cindy Stull,2026-09-01,keyword:measles
1521396016695286,https://www.facebook.com/photo?fbid=1521396016695286&set=a.643428321158731,,2026-08-18,"Elsa Rios Bustamante seems like you did less research than him, this isn’t even the United states",Kay Robertson,2026-09-01,keyword:measles
1521396016695286,https://www.facebook.com/photo?fbid=1521396016695286&set=a.643428321158731,,2026-08-18,"Elsa Rios Bustamante You’re kidding,mright?",BethAnn Perry,2026-09-01,keyword:measles
1521396016695286,https://www.facebook.com/photo?fbid=1521396016695286&set=a.643428321158731,,2026-08-18,Elsa Rios Bustamante that would be the demoKKKrat communist party!,Pamela G Kogel,2026-09-01,keyword:measles
1521396016695286,https://www.facebook.com/photo?fbid=1521396016695286&set=a.643428321158731,,2026-08-18,"Elsa Rios Bustamante ....and the ""leader"" who put him there",Debra Daniels Dail,2026-09-01,keyword:measles
1521396016695286,https://www.facebook.com/photo?fbid=1521396016695286&set=a.643428321158731,,2026-08-18,No you libs let in 15 million unvaccinated illegals to cause this and of course other diseases like tb,Charles Reed,2026-09-01,keyword:measles
1521396016695286,https://www.facebook.com/photo?fbid=1521396016695286&set=a.643428321158731,,2026-08-18,"Adults can acquire measles too yet have equal probability of dying from them. So, I'm not certain of the laugh emoji for this news.",Colleen West,2026-09-01,keyword:measles
1521396016695286,https://www.facebook.com/photo?fbid=1521396016695286&set=a.643428321158731,,2026-08-18,Colleen West it’s not true,Joele Marie,2026-09-01,keyword:measles
1521396016695286,https://www.facebook.com/photo?fbid=1521396016695286&set=a.643428321158731,,2026-08-18,"Colleen West no one dies of measles. Not infant, toddler, child right up to 99 . Not one",Tracy Heath,2026-09-01,keyword:measles
1521396016695286,https://www.facebook.com/photo?fbid=1521396016695286&set=a.643428321158731,,2026-08-18,Colleen West angry emoji because measles isnt deadly ?,Tracy Heath,2026-09-01,keyword:measles
1521396016695286,https://www.facebook.com/photo?fbid=1521396016695286&set=a.643428321158731,,2026-08-18,Nobody is dying from it just with it. Remember someone got hit by a bus and died with COVID it was registered as a convid death.,Jack Holl,2026-09-01,keyword:measles
1521396016695286,https://www.facebook.com/photo?fbid=1521396016695286&set=a.643428321158731,,2026-08-18,"Colleen West Not if they have natural immunity from childhood infection or if they had the single measles jab which gave decades long solid immunity, unlike the crappy MMR.",Diana Hodson,2026-09-01,keyword:measles
1521396016695286,https://www.facebook.com/photo?fbid=1521396016695286&set=a.643428321158731,,2026-08-18,"Colleen West yeah but we're mostly vaccinated, or have had it already. Adults over thirty five, anyways. The three-in-one has been around since the Beatles were still new. Measles in particular, gone, so nobody's bothered for a while, though we've apparently never or not yet dropped below 90% covered",Keith Basham,2026-09-01,keyword:measles
1521396016695286,https://www.facebook.com/photo?fbid=1521396016695286&set=a.643428321158731,,2026-08-18,Colleen West because it's gaslighting,Jeremy Reece,2026-09-01,keyword:measles
1521396016695286,https://www.facebook.com/photo?fbid=1521396016695286&set=a.643428321158731,,2026-08-18,"Colleen yet adults (over 20 years of age) have a higher rate of severe complications due to measles, such as adult-onset pneumonia, hepatitis, and encephalitis.",Timothy Quinlan,2026-09-01,keyword:measles
1521396016695286,https://www.facebook.com/photo?fbid=1521396016695286&set=a.643428321158731,,2026-08-18,Colleen West with or recovered from measles.,Tracy Heath,2026-09-01,keyword:measles
1521396016695286,https://www.facebook.com/photo?fbid=1521396016695286&set=a.643428321158731,,2026-08-18,"Colleen West it says measles ""like"" symptoms so not a definite diagnosis.",Peploe Ann,2026-09-01,keyword:measles
1521396016695286,https://www.facebook.com/photo?fbid=1521396016695286&set=a.643428321158731,,2026-08-18,These parents “did their own research”,Brandon Wilson,2026-09-01,keyword:measles
1521396016695286,https://www.facebook.com/photo?fbid=1521396016695286&set=a.643428321158731,,2026-08-18,"Brandon Wilson this is in Bangladesh, India.",Joe Renner,2026-09-01,keyword:measles
1521396016695286,https://www.facebook.com/photo?fbid=1521396016695286&set=a.643428321158731,,2026-08-18,"Brandon Wilson yeah, what a bunch of f’n idiots. Parents should not educate themselves where their children’s health is involved. They should just blindly do whatever the “authorities” say.",Elliot J. Beck,2026-09-01,keyword:measles
1521396016695286,https://www.facebook.com/photo?fbid=1521396016695286&set=a.643428321158731,,2026-08-18,Brandon Wilson Don't worry about thinking for yourself you'll be told what to do by your cult of covid,Scott Gallant,2026-09-01,keyword:measles
1521396016695286,https://www.facebook.com/photo?fbid=1521396016695286&set=a.643428321158731,,2026-08-18,Brandon Wilson and take advise from a heroin addict with no medical training,Patti Moseley,2026-09-01,keyword:measles
1521396016695286,https://www.facebook.com/photo?fbid=1521396016695286&set=a.643428321158731,,2026-08-18,Brandon Wilson In Bangladesh. read.,Jim Ransom,2026-09-01,keyword:measles
1521396016695286,https://www.facebook.com/photo?fbid=1521396016695286&set=a.643428321158731,,2026-08-18,Brandon Wilson smart parents usually do. It’s the potato’s that take medical advice from the tv.,Ken Guyette,2026-09-01,keyword:measles
1521396016695286,https://www.facebook.com/photo?fbid=1521396016695286&set=a.643428321158731,,2026-08-18,Brandon Wilson Well we can see you didnt hehehehe,Martin Goulet,2026-09-01,keyword:measles
1118964547328156,https://www.facebook.com/photo?fbid=1118964547328156&set=a.706002975290984,,2026-08-30,"Please tell us you are not a medical doctor and oblivious to the advances in medicine in the 1950s including oxygen therapy, IV, antibiotics, and the ICU that greatly reduced deaths. What is missing is that in 1962 there were still 3+ million infections, 40,000+ hospitalizations, and 400+ deaths annually. The vaccine dropped those numbers to almost zero.",Troy Neville,2026-09-01,keyword:measles
1118964547328156,https://www.facebook.com/photo?fbid=1118964547328156&set=a.706002975290984,,2026-08-30,"Troy Neville and did again, and did again, and did again.",Keith Basham,2026-09-01,keyword:measles
1118964547328156,https://www.facebook.com/photo?fbid=1118964547328156&set=a.706002975290984,,2026-08-30,She is a mad idiot with a MD degree.,Boris Lenhard,2026-09-01,keyword:measles
1118964547328156,https://www.facebook.com/photo?fbid=1118964547328156&set=a.706002975290984,,2026-08-30,Troy Neville then what dropped the number of typhoid fever and Scarlett fever infections to almost nothing in the same time frame? Hmm no vaccine. Still no vaccine.,Diana Jeffries,2026-09-01,keyword:measles
1118964547328156,https://www.facebook.com/photo?fbid=1118964547328156&set=a.706002975290984,,2026-08-30,Troy Neville Do you know what kills more than 400 a year?,Erik Fuzessery,2026-09-01,keyword:measles
1118964547328156,https://www.facebook.com/photo?fbid=1118964547328156&set=a.706002975290984,,2026-08-30,Troy Neville bot troll not a doctor start shit basement dweller.,Freedomloving Gma,2026-09-01,keyword:measles
1118964547328156,https://www.facebook.com/photo?fbid=1118964547328156&set=a.706002975290984,,2026-08-30,"Troy Neville I'll put my world's leading Oncologist at The University of London with over 500 peer reviewed papers up against your entire cabal of profit based, pardoned plead the 5th ""experts""... https://youtu.be/gK9R7wEvBUk",David Brigner,2026-09-01,keyword:measles
1118964547328156,https://www.facebook.com/photo?fbid=1118964547328156&set=a.706002975290984,,2026-08-30,Troy Neville kinda funny how every pro institution account is clearly a bot account..... talk about astro turf support..,David Brigner,2026-09-01,keyword:measles
1118964547328156,https://www.facebook.com/photo?fbid=1118964547328156&set=a.706002975290984,,2026-08-30,Troy Neville sounds like you supersede her medical doctorate with your own MD and owning a health facility like she does. Could you please give me the info to your self established health facility and show me that awesome medical degree you have? Or did you become AI/Google smarter than her?,Derek Ross,2026-09-01,keyword:measles
1118964547328156,https://www.facebook.com/photo?fbid=1118964547328156&set=a.706002975290984,,2026-08-30,Only 3 deaths in US due to measles last 10 years. 3.,Robert Bland,2026-09-01,keyword:measles
1118964547328156,https://www.facebook.com/photo?fbid=1118964547328156&set=a.706002975290984,,2026-08-30,Troy Neville pharma stooge,Gregory Schmidt,2026-09-01,keyword:measles
1118964547328156,https://www.facebook.com/photo?fbid=1118964547328156&set=a.706002975290984,,2026-08-30,Infection rates were still high and hospitalizations were high. Many children would get encephalitis and still live but have permanent debilitating effects. This ended with the vaccine.,Greg McWhir,2026-09-01,keyword:measles
1118964547328156,https://www.facebook.com/photo?fbid=1118964547328156&set=a.706002975290984,,2026-08-30,"Greg McWhir mmm but some children get that from vaccine as Well 
 (i have such a disabled child)",Lisa Nilsson,2026-09-01,keyword:measles
1118964547328156,https://www.facebook.com/photo?fbid=1118964547328156&set=a.706002975290984,,2026-08-30,Greg McWhir it was all but eradicated BEFORE THE VACCINE.,Freedomloving Gma,2026-09-01,keyword:measles
1118964547328156,https://www.facebook.com/photo?fbid=1118964547328156&set=a.706002975290984,,2026-08-30,"Greg McWhir vaccines aren't proven to be safe. This is a simple fact that even Dr. Stanley Plotkin had to admit under oath. They do not undergo sufficient testing and trials, and they are protected from legal liability due to a ridiculous 1986 law. What other product is protected from legal action so the producers have no incentive to effectively test it, improve it, and ensure it is safe? Since trials are seen as immoral after a vaccine has been released to the public, we can only look to the Henry Ford Health data review (done by pro-vax medical professionals), which indicates some vaccines may cause long-term harm. Read Vaccines, Amen by Aaron Siri.",Justin Russell,2026-09-01,keyword:measles
1118964547328156,https://www.facebook.com/photo?fbid=1118964547328156&set=a.706002975290984,,2026-08-30,Greg McWhir yep 'brain damage led to more Republicans,Jack Hearps,2026-09-01,keyword:measles
1118964547328156,https://www.facebook.com/photo?fbid=1118964547328156&set=a.706002975290984,,2026-08-30,Greg McWhir no it didn't. How can possibly look at today's health of our children and spew such nonsense.,Bert Taylor,2026-09-01,keyword:measles
1118964547328156,https://www.facebook.com/photo?fbid=1118964547328156&set=a.706002975290984,,2026-08-30,Greg McWhir data plz,Laurie Sutphin,2026-09-01,keyword:measles
1118964547328156,https://www.facebook.com/photo?fbid=1118964547328156&set=a.706002975290984,,2026-08-30,"Greg McWhir, you saw that on “The View?”",James Orr,2026-09-01,keyword:measles
1118964547328156,https://www.facebook.com/photo?fbid=1118964547328156&set=a.706002975290984,,2026-08-30,Greg McWhir,Pam Pire,2026-09-01,keyword:measles
1118964547328156,https://www.facebook.com/photo?fbid=1118964547328156&set=a.706002975290984,,2026-08-30,"Greg McWhir liar, children are sicker now than when I grew up by a lot.",Grace Elizabeth,2026-09-01,keyword:measles
1118964547328156,https://www.facebook.com/photo?fbid=1118964547328156&set=a.706002975290984,,2026-08-30,"Greg McWhir In fact we all should recognize this. We have a word in our language that doesn’t make sense anymore, “measly”. It means small and weak. We don’t see “measly” children anymore, so the word has become abstracted. But we know the word, because language records history. There used to be a condition that people recognized. Small, weak, measly. We have just forgotten, because vaccines work.",Christian S. Iverson,2026-09-01,keyword:measles
1118964547328156,https://www.facebook.com/photo?fbid=1118964547328156&set=a.706002975290984,,2026-08-29,And yet over 90% of those getting Measles today are unvaccinated.,Bob Summons,2026-09-01,keyword:measles
1118964547328156,https://www.facebook.com/photo?fbid=1118964547328156&set=a.706002975290984,,2026-08-30,Bob Summons lie,Синиша Мршић,2026-09-01,keyword:measles
1118964547328156,https://www.facebook.com/photo?fbid=1118964547328156&set=a.706002975290984,,2026-08-30,Bob Summons Likely from those who got the vaccine and are shedding.,Terrysson Ty,2026-09-01,keyword:measles
1118964547328156,https://www.facebook.com/photo?fbid=1118964547328156&set=a.706002975290984,,2026-08-30,Bob Summons says who? are you saying just about no one gets the MMR anymore?,Sandra Lewis,2026-09-01,keyword:measles
1118964547328156,https://www.facebook.com/photo?fbid=1118964547328156&set=a.706002975290984,,2026-08-30,"The assumption was that getting the vaccine would mimic natural lifetime immunity. I guess it doesn't now, does it?",David Kipp,2026-09-01,keyword:measles
1118964547328156,https://www.facebook.com/photo?fbid=1118964547328156&set=a.706002975290984,,2026-08-30,Bob Summons porque la gripe no es una enfermedad. Es un proceso biológico de limpieza del cuerpo.,Joaquim Franco,2026-09-01,keyword:measles
1118964547328156,https://www.facebook.com/photo?fbid=1118964547328156&set=a.706002975290984,,2026-08-30,"Bob Summons Yes, what would you expect?",Chuck Jonas,2026-09-01,keyword:measles
1118964547328156,https://www.facebook.com/photo?fbid=1118964547328156&set=a.706002975290984,,2026-08-30,Bob Summons use your brains for a second.,Anthon van Weers,2026-09-01,keyword:measles
1621810506066479,https://www.facebook.com/photo?fbid=1621810506066479&set=a.568782714702602,,2026-09-01,"Explain the autism spike over the last 40 years, then we can talk about how great the vaccines are",Jeff Richards,2026-09-01,keyword:measles
1621810506066479,https://www.facebook.com/photo?fbid=1621810506066479&set=a.568782714702602,,2026-09-01,Are you really that stupid and ignorant?,Phil Wright,2026-09-01,keyword:measles
1621810506066479,https://www.facebook.com/photo?fbid=1621810506066479&set=a.568782714702602,,2026-09-01,Jeff Richards autism has been around long before vaccines were introduced,Michael Boyd,2026-09-01,keyword:measles
1621810506066479,https://www.facebook.com/photo?fbid=1621810506066479&set=a.568782714702602,,2026-09-01,"Jeff Richards Processed food and household chemicals, cheap perfumed laundry soaps they wash baby clothes and blankets in then wrap the baby in that horrific stench they think smells so nice, fabric softener and bounce are full of killer chemicals, the list goes on, but processed food is really a killer, fast food, freakin hotdogs, lunch meat, cheap hamburg, sugar, it all affects these babies.",Cyndi Elizabeth,2026-09-01,keyword:measles
1621810506066479,https://www.facebook.com/photo?fbid=1621810506066479&set=a.568782714702602,,2026-09-01,Jeff Richards education is key. Its been proven so many times that vaccines don't cause autism...,Cheryle Schwartz,2026-09-01,keyword:measles
1621810506066479,https://www.facebook.com/photo?fbid=1621810506066479&set=a.568782714702602,,2026-09-01,Jeff Richards increasing diagnosis,Linda Schrom,2026-09-01,keyword:measles
1621810506066479,https://www.facebook.com/photo?fbid=1621810506066479&set=a.568782714702602,,2026-09-01,Jeff Richards it absolutely wasn't vaccines.,Scott Verge,2026-09-01,keyword:measles
1621810506066479,https://www.facebook.com/photo?fbid=1621810506066479&set=a.568782714702602,,2026-09-01,Jeff Richards you are the idiot. It’s been proven over and over again doesn’t cause autism get an education. I will no longer be nice to idiots,Melissa Long,2026-09-01,keyword:measles
1621810506066479,https://www.facebook.com/photo?fbid=1621810506066479&set=a.568782714702602,,2026-09-01,"Jeff Richards you realize they will tell what didn't cause it, but never what did.",Trenton Allman,2026-09-01,keyword:measles
1621810506066479,https://www.facebook.com/photo?fbid=1621810506066479&set=a.568782714702602,,2026-09-01,"Jeff Richards There r numerous environmental factors that can cause such things. How about pollution in the water, in the air, in household products, pesticides etc. Why is it always vaccines? The world we live in is saturated in toxic chemicals.",James Kendall,2026-09-01,keyword:measles
1621810506066479,https://www.facebook.com/photo?fbid=1621810506066479&set=a.568782714702602,,2026-09-01,Jeff Richards show us the stats,Willie Nillie,2026-09-01,keyword:measles
1621810506066479,https://www.facebook.com/photo?fbid=1621810506066479&set=a.568782714702602,,2026-09-01,"If people think a single senator can do that, they're the problem with the political system.",Marcus Gupta,2026-09-01,keyword:measles
1621810506066479,https://www.facebook.com/photo?fbid=1621810506066479&set=a.568782714702602,,2026-09-01,"Marcus Gupta Not singley , but knowledge is power, and she wont be alone!",Francine Snyder,2026-09-01,keyword:measles
1621810506066479,https://www.facebook.com/photo?fbid=1621810506066479&set=a.568782714702602,,2026-09-01,Marcus Gupta some one has to start,Rony Gonzalez,2026-09-01,keyword:measles
1621810506066479,https://www.facebook.com/photo?fbid=1621810506066479&set=a.568782714702602,,2026-09-01,Marcus Gupta were literally missing 1 democrat or common sense Republican to actually make it happen,Evan Hunke,2026-09-01,keyword:measles
1621810506066479,https://www.facebook.com/photo?fbid=1621810506066479&set=a.568782714702602,,2026-09-01,"Marcus Gupta that’s not the point, it’s the fact that she didn’t say she was going there to help us. She was going there. She said just to get rid of one individual. It just goes to show you she don’t work for us or doesn’t wanna work for us.",June McClain,2026-09-01,keyword:measles
1621810506066479,https://www.facebook.com/photo?fbid=1621810506066479&set=a.568782714702602,,2026-09-01,I noticed improvements happening with our food supply. Removing harmful dyes was a start.,Carl Simmons,2026-09-01,keyword:measles
1621810506066479,https://www.facebook.com/photo?fbid=1621810506066479&set=a.568782714702602,,2026-09-01,Carl Simmons you have GOT to be joking.,Rebecca Roo,2026-09-01,keyword:measles
1621810506066479,https://www.facebook.com/photo?fbid=1621810506066479&set=a.568782714702602,,2026-09-01,Carl Simmons I REALLY hope you’re being sarcastic.,Brian E. Uecker,2026-09-01,keyword:measles
1621810506066479,https://www.facebook.com/photo?fbid=1621810506066479&set=a.568782714702602,,2026-09-01,Carl Simmons,ZE Estvs,2026-09-01,keyword:measles
1621810506066479,https://www.facebook.com/photo?fbid=1621810506066479&set=a.568782714702602,,2026-09-01,Carl Simmons You must notice literally anything solely after the day's 17th Coors.,Matt Constantine,2026-09-01,keyword:measles
1621810506066479,https://www.facebook.com/photo?fbid=1621810506066479&set=a.568782714702602,,2026-09-01,"Carl Simmons 
 just last week it was another recall .",Ramsey Brown,2026-09-01,keyword:measles
1621810506066479,https://www.facebook.com/photo?fbid=1621810506066479&set=a.568782714702602,,2026-09-01,"Carl Simmons lettuce is killing people, but besides that, well, still no actually.",Shawn Fogle,2026-09-01,keyword:measles
1621810506066479,https://www.facebook.com/photo?fbid=1621810506066479&set=a.568782714702602,,2026-09-01,"Carl Simmons You’re kidding, right??",Doug Whitlatch,2026-09-01,keyword:measles
1621810506066479,https://www.facebook.com/photo?fbid=1621810506066479&set=a.568782714702602,,2026-09-01,Carl Simmons maga supporter!! That’s ok. Please look at where America is right now. Perhaps you don’t like Ice and the way that do their business. Change must happen!,Janet Scullion,2026-09-01,keyword:measles
1621810506066479,https://www.facebook.com/photo?fbid=1621810506066479&set=a.568782714702602,,2026-09-01,"I know it’s great, right?Now you were able to clearly see the salmonella and E. coli, glass, and human feces in the food you’re eating!￼",Bonnie Sandoval,2026-09-01,keyword:measles
1621810506066479,https://www.facebook.com/photo?fbid=1621810506066479&set=a.568782714702602,,2026-09-01,Carl Simmons wow...you just announced that you are a moron,Tim Hail,2026-09-01,keyword:measles
1621810506066479,https://www.facebook.com/photo?fbid=1621810506066479&set=a.568782714702602,,2026-09-01,Or maybe RFK Jr is spreading the truth.,David Foerster,2026-09-01,keyword:measles
1621810506066479,https://www.facebook.com/photo?fbid=1621810506066479&set=a.568782714702602,,2026-09-01,David Foerster no he’s not,Timothy Boyle,2026-09-01,keyword:measles
1621810506066479,https://www.facebook.com/photo?fbid=1621810506066479&set=a.568782714702602,,2026-09-01,David Foerster that and most importantly CHOICE. He isn't forcing anybody to take vaccines.,Mitz Manuel,2026-09-01,keyword:measles
2163970851120493,https://www.facebook.com/photo?fbid=2163970664453845&set=pcb.2163970851120493,,2026-06-09,"Bulan lalu 3 anak saya kena campak, anak ketiga mulai demam tanggal 10 Mei.... Saya kasi paracetamol tdk mempan,  karna 2 malam tdk bisa tidur nyenyak  dan ngigau, jadi saya bawalah berobat ke puskesmas, dokternya bilang ini harus rawat inap karna anak saya udah mulai lemas, dokter mendiagnosa ini DBD... Karna ruangan rawat inap full, jadi pindah ke RSUD disana dokter nya mendiagnosa campak karna ruam semua badan, mata merah, flu da dan batuk.... Anak yang sakit saya pisahkan diruang tersendiri. Setelah 2 minggu, anak saya sembuh total.... Anak  kedua dan ke anak ke empat mulai demam, anak ke empat saya berumur 1 tahun, kebayang kan lelah sekali menggendong nya.. Rewel sekali, hari ketiga mulai muncul ruam merah, batuk, flu, mata merah, lemah, lesu.... Anak kedua dan keempat tidak saya bawa ke RS... Penanganan saya dirumah : banyak kasi minum air putih, minum air kelapa, kasi makan bubur super halus sedikit tapi sering, tetap kasi paracetamol, madu,  saya kasi vitamin A supaya tidak ada komplikasi, Alhamdulillah sembuh.",Bundanya Fafifa,2026-09-01,keyword:campak
2163970851120493,https://www.facebook.com/photo?fbid=2163970664453845&set=pcb.2163970851120493,,2026-06-09,Smoga lekas sembuh Dd cantik,Ropiatul,2026-09-01,keyword:campak
2163970851120493,https://www.facebook.com/photo?fbid=2163970664453845&set=pcb.2163970851120493,,2026-06-09,Moga lekas sembuh Dd cantik,Ayi Rai'han Tina,2026-09-01,keyword:campak
2163970851120493,https://www.facebook.com/photo?fbid=2163970664453845&set=pcb.2163970851120493,,2026-06-09,Lekas sembuh ya cantik,Risky Puji Yanuartika,2026-09-01,keyword:campak
2163970851120493,https://www.facebook.com/photo?fbid=2163970664453845&set=pcb.2163970851120493,,2026-06-30,Bun adeknya dh sehat?,Cethi,2026-09-01,keyword:campak
2163970851120493,https://www.facebook.com/photo?fbid=2163970664453845&set=pcb.2163970851120493,,2026-06-09,Syafakillah neng Vika,Gina Mawari,2026-09-01,keyword:campak
2163970851120493,https://www.facebook.com/photo?fbid=2163970664453845&set=pcb.2163970851120493,,2026-06-09,Cepet sembuh dede cantik ….,Rika Verawati,2026-09-01,keyword:campak
1891959795095327,https://www.facebook.com/photo?fbid=1891959795095327&set=a.213982636226393,@Storefront | Hadian,2026-07-07,"Saya menawarkan videogram di Storefront saya! Mintalah video khusus untuk Anda, teman, atau keluarga. https://www.facebook.com/asep.hadian.142687/storefront...",Hadian,2026-09-01,keyword:campak
1891959795095327,https://www.facebook.com/photo?fbid=1891959795095327&set=a.213982636226393,@Storefront | Hadian,2026-07-07,Subhanallah Lekas Sembuh ya Cucunya Kak Aamiin,Juarr Gibran Lounde,2026-09-01,keyword:campak
1891959795095327,https://www.facebook.com/photo?fbid=1891959795095327&set=a.213982636226393,@Storefront | Hadian,2026-07-07,Juarr Gibran Lounde iya bang ...aamiin,Hadian,2026-09-01,keyword:campak
1891959795095327,https://www.facebook.com/photo?fbid=1891959795095327&set=a.213982636226393,@Storefront | Hadian,2026-07-07,Masyaallah safikillah ya KA untuk cucu nya .,Deliahasanah,2026-09-01,keyword:campak
1891959795095327,https://www.facebook.com/photo?fbid=1891959795095327&set=a.213982636226393,@Storefront | Hadian,2026-07-07,Deliahasanah trimakasih kk,Hadian,2026-09-01,keyword:campak
1891959795095327,https://www.facebook.com/photo?fbid=1891959795095327&set=a.213982636226393,@Storefront | Hadian,2026-07-07,Semoga cepat sembuh adik,Sutini,2026-09-01,keyword:campak
1891959795095327,https://www.facebook.com/photo?fbid=1891959795095327&set=a.213982636226393,@Storefront | Hadian,2026-07-07,Sutini aamiin,Hadian,2026-09-01,keyword:campak
1891959795095327,https://www.facebook.com/photo?fbid=1891959795095327&set=a.213982636226393,@Storefront | Hadian,2026-07-07,Semoga cepat sembuh,Fitri Widia'thea,2026-09-01,keyword:campak
1891959795095327,https://www.facebook.com/photo?fbid=1891959795095327&set=a.213982636226393,@Storefront | Hadian,2026-07-07,Fitri Widia'thea aamiin trimakasih,Hadian,2026-09-01,keyword:campak
1891959795095327,https://www.facebook.com/photo?fbid=1891959795095327&set=a.213982636226393,@Storefront | Hadian,2026-07-07,Air kelapa + madu pak Lalu obat penurun panas nya jangan elat..biar GK panas tinggi,Sugiar Irawan,2026-09-01,keyword:campak
1891959795095327,https://www.facebook.com/photo?fbid=1891959795095327&set=a.213982636226393,@Storefront | Hadian,2026-07-07,Sugiar Irawan iya bang makasih,Hadian,2026-09-01,keyword:campak
1891959795095327,https://www.facebook.com/photo?fbid=1891959795095327&set=a.213982636226393,@Storefront | Hadian,2026-07-07,Smoga cpet smbuh de. Aminn,Neng Siti,2026-09-01,keyword:campak
1891959795095327,https://www.facebook.com/photo?fbid=1891959795095327&set=a.213982636226393,@Storefront | Hadian,2026-07-07,Neng Siti trimakasih dek,Hadian,2026-09-01,keyword:campak
1891959795095327,https://www.facebook.com/photo?fbid=1891959795095327&set=a.213982636226393,@Storefront | Hadian,,Hadian sama sama pk,,2026-09-01,keyword:campak
1891959795095327,https://www.facebook.com/photo?fbid=1891959795095327&set=a.213982636226393,@Storefront | Hadian,2026-07-07,"Semoga bisa cepat sembuh dan sehat lagi,sehat waluyajati jatitinemuwaluya",Badrun Saiki Badrun Saiki,2026-09-01,keyword:campak
1891959795095327,https://www.facebook.com/photo?fbid=1891959795095327&set=a.213982636226393,@Storefront | Hadian,2026-07-07,Badrun Saiki Badrun Saiki trimasih doanya bang,Hadian,2026-09-01,keyword:campak
1891959795095327,https://www.facebook.com/photo?fbid=1891959795095327&set=a.213982636226393,@Storefront | Hadian,,Hadian,,2026-09-01,keyword:campak
1891959795095327,https://www.facebook.com/photo?fbid=1891959795095327&set=a.213982636226393,@Storefront | Hadian,2026-07-07,Semoga cpt sembuh ade,Fasikhah,2026-09-01,keyword:campak
1891959795095327,https://www.facebook.com/photo?fbid=1891959795095327&set=a.213982636226393,@Storefront | Hadian,2026-07-07,Fasikhah iya dek ..aamiin,Hadian,2026-09-01,keyword:campak
1891959795095327,https://www.facebook.com/photo?fbid=1891959795095327&set=a.213982636226393,@Storefront | Hadian,2026-07-07,Semoga cepat sembuh,Bah Asman,2026-09-01,keyword:campak
1891959795095327,https://www.facebook.com/photo?fbid=1891959795095327&set=a.213982636226393,@Storefront | Hadian,2026-07-07,"Amin ya rabbal alamin 
 lekas sembuh",Hasna,2026-09-01,keyword:campak
1891959795095327,https://www.facebook.com/photo?fbid=1891959795095327&set=a.213982636226393,@Storefront | Hadian,2026-07-07,Semoga cepat sembuh cucu nya kk amiin,Suprapti Suprapti,2026-09-01,keyword:campak
1891959795095327,https://www.facebook.com/photo?fbid=1891959795095327&set=a.213982636226393,@Storefront | Hadian,2026-07-07,Swmoga lekas sembuh kk cucu nya ...,Een Ibu'e Khanza,2026-09-01,keyword:campak
1891959795095327,https://www.facebook.com/photo?fbid=1891959795095327&set=a.213982636226393,@Storefront | Hadian,2026-07-07,Semoga cepat sembuh ya pak dedeknya..,Mes Wanto,2026-09-01,keyword:campak
1891959795095327,https://www.facebook.com/photo?fbid=1891959795095327&set=a.213982636226393,@Storefront | Hadian,2026-07-07,Syafaqilah buat cucunya pa Asep,Mamih Imas,2026-09-01,keyword:campak
1891959795095327,https://www.facebook.com/photo?fbid=1891959795095327&set=a.213982636226393,@Storefront | Hadian,2026-07-07,Semoga cepet sembuh,Nuraini,2026-09-01,keyword:campak
1891959795095327,https://www.facebook.com/photo?fbid=1891959795095327&set=a.213982636226393,@Storefront | Hadian,2026-07-07,Semoga cepet sembuh,Nani Mariani,2026-09-01,keyword:campak
1891959795095327,https://www.facebook.com/photo?fbid=1891959795095327&set=a.213982636226393,@Storefront | Hadian,2026-07-07,Bismilah semoga cpet sembuh bng,Loyo Bareto,2026-09-01,keyword:campak
1891959795095327,https://www.facebook.com/photo?fbid=1891959795095327&set=a.213982636226393,@Storefront | Hadian,2026-07-07,Semoga cepat sembuh amin,Dewi Bilbil Gibgib,2026-09-01,keyword:campak
1891959795095327,https://www.facebook.com/photo?fbid=1891959795095327&set=a.213982636226393,@Storefront | Hadian,2026-07-07,Semoga cepet sembuh dek,Kayati Wardaya,2026-09-01,keyword:campak
122259683012138034,https://www.facebook.com/photo?fbid=122259683012138034&set=a.122113373360138034,,2026-05-19,Mudah menul4r ya ka,SumiAlfia,2026-09-01,keyword:campak
122259683012138034,https://www.facebook.com/photo?fbid=122259683012138034&set=a.122113373360138034,,2026-05-19,Campak,Tips Sehat Herbal,2026-09-01,keyword:campak
122259683012138034,https://www.facebook.com/photo?fbid=122259683012138034&set=a.122113373360138034,,2026-05-19,Penularan,bunda widya,2026-09-01,keyword:campak
122259683012138034,https://www.facebook.com/photo?fbid=122259683012138034&set=a.122113373360138034,,2026-05-19,Kalau sudah terserang segera periksa ke dokter,Family Lusiana,2026-09-01,keyword:campak
883160981216168,https://www.facebook.com/photo?fbid=883160981216168&set=a.234407702758169,,2026-03-10,"Kak imunisasi hak anak tp jangan lupa ya hidup di lingkungan yang sehat, makan makanan yg bergizi dan bernutrisi itu juga HAK anak. Dan disini buat ibu2 yang provaks, tolong klen jg harus menghargai org2 yang anak nya ngga/blm di vaksin. Apapun keputusan itu udh JD tgg jwb ibunya. Skrg ngomongin imunisasi hak anak utk sehat *katanya tp bagaimana ibu2 yg di blg katanya antivaks ini adalah sblm nya ibu2 yang provaks tp Krn mereka pernah ngalamin / kejadian KIPI pada anak nya mangkanya mereka mengurungkan keputusan untuk lanjut/tidak imunisasi Krn kalo anak yang udh terkena KIPI gak ada yang bantu melapor atau sekedar empati.. jadi apapun keputusan ibu nya biar lah jadi tgg jwb masing2",Chintia Choirunnisa,2026-09-01,keyword:campak
883160981216168,https://www.facebook.com/photo?fbid=883160981216168&set=a.234407702758169,,2026-03-10,Chintia Choirunnisa mantap ini baru bijak,Ira Damayanti,2026-09-01,keyword:campak
883160981216168,https://www.facebook.com/photo?fbid=883160981216168&set=a.234407702758169,,2026-03-10,"Chintia Choirunnisa benar anak ku salah satu nya untung aja masih bisa sembuh gak kyk anak lain harus di operasi, udh kena tu GK bawa lgi imunisasi, bukan hanya demam 2 hari aja yg di takutin ya Bidan desa selalu bilang ank imunisasi cuma demam 2 aja takut kamu gak siap jadi ibu se akan gak pantas jadi ibu siapa yang gak sakit hati coba",Husnul Behel,2026-09-01,keyword:campak
883160981216168,https://www.facebook.com/photo?fbid=883160981216168&set=a.234407702758169,,2026-03-10,"Chintia Choirunnisa bnar Bun, anak prtama sya full imunisasi smpai 2th. Ank k.2 stop imunisasi dpt 1. Dikarenakan panasnya smpe kejang, klau sudah sperti itu siapa yg tanggung jawab ? Jelas Tdk ada. Mkanya sya putuskan berhenti imunisasi.",Febby Fadheela,2026-09-01,keyword:campak
883160981216168,https://www.facebook.com/photo?fbid=883160981216168&set=a.234407702758169,,2026-03-10,Chintia Choirunnisa ini yg sudah imunisasi lengkap lalu kena campak dan meninggal bund,Dewi Ummu Uwais,2026-09-01,keyword:campak
883160981216168,https://www.facebook.com/photo?fbid=883160981216168&set=a.234407702758169,,2026-03-10,Chintia Choirunnisa ya.. imunisasi ga imunisasi kalo lgi kena ya kena pnyakit cmpak,Andi Andian,2026-09-01,keyword:campak
883160981216168,https://www.facebook.com/photo?fbid=883160981216168&set=a.234407702758169,,2026-03-10,"Chintia Choirunnisa seolah2 anak yg gk imunisasi itu pembawa penyakit ya bun 
 hey penyakit itu datang nya dri allah dan kesembuhan itu dri allah,, jangan menyalahkan anak yg lain,, pandai2 lah berbicara tanpa menyakitin sesama ibu,, kita sama2 ibu hars ny jngn saling menghakimi",Muhamad Naufal,2026-09-01,keyword:campak
883160981216168,https://www.facebook.com/photo?fbid=883160981216168&set=a.234407702758169,,2026-03-10,"Chintia Choirunnisa betul.. mau diimunisasi atau tidak itu keputusan orang tuanya.. toh ada konsekuensinya. Ibarat naik motor pake helm, bu.. ikhtiar kl bawa motor pakai helm dan terjatuh tidak akan terbentur lgsg ke tanah, beda sama yg tidak pakai helm.. tp dikembalikan lg ke masing² org, ada yg merasa aman² aj bawa motor ga pake helm
..",Dian Luph Atar,2026-09-01,keyword:campak
883160981216168,https://www.facebook.com/photo?fbid=883160981216168&set=a.234407702758169,,2026-03-10,"Chintia Choirunnisa anakku tiap sdh imunisasi demam tinggi smpai step"" ,makax saya hntikan trauma",Futri Ayu Karim,2026-09-01,keyword:campak
883160981216168,https://www.facebook.com/photo?fbid=883160981216168&set=a.234407702758169,,2026-03-10,"Chintia Choirunnisa bener banget bunda, padahal lingkungan yang ngga sehat bukan salah anak yang ngga divaksin, kita ikhtiar dengan pola makan yang sehat dan bergizi.",Suci Daniarti,2026-09-01,keyword:campak
883160981216168,https://www.facebook.com/photo?fbid=883160981216168&set=a.234407702758169,,2026-03-10,Chintia Choirunnisa wkwkwkwwkw narasi nya soal hak mulu. Padahal hak dia merugikan hak orangvlain. Dah nyusahin nakes masih denial.. preet lah,J Umi Inayah,2026-09-01,keyword:campak
883160981216168,https://www.facebook.com/photo?fbid=883160981216168&set=a.234407702758169,,2026-03-10,"Yg udh imunisasi pun tetap bisa kena campak kok.. jd jgn fokus bilang ""imunisasi hak anak"" Intinya jika kita bisa menjaga kesehat mnjaga kebersihan In syaa Alloh semuanya baik² saja.. emgnya obat hny dibidan atau dirumah sakit.. masih byk obat alam dn herbal lainnya yg bisa dikonsumsi itu lebih terjamin khasiat dn efeknya utk jangka panjang.. ya tiang nya kita juga harus telaten, jgn sikit² memaksa org utk imunisasi bilang itu hak anak... ingat juga ibu juga mempunyai hak yg trbaik utk anaknya.. Dari sakit ringan hingga parah semua ada obatnya disekitar kita.. makanya klo dpt badan itu harus biasakan dg obat herbal ga harus obat kimia.. byk kok obat herbal scr tibbun nabawi islamiah jaman kini.. knp harus sikit² bhas ttg imunisai itu penting dn hak anak... pdhal udh jelas byk efek mudhorotnya obat kimia itu.. kecuali klo udh trdesak krn kecelakan dn lainnya... selagi masih kuat dn sehat biasakan dr skrg minum yg herbal alami... kayak makan buah² an, kurma, habbatusaudah, air kelapa, minum rebusan rimpang (bahan dapur)... tidak mesti harus sakit sdikit lgsg bawak bidan lgsg bawa rumah sakit... dn tdk lupa juga jaga kebersihan, In syaa Alloh hidup pun sehat kecuali klo sakit utk para org dewasa bisa jd sakit itu utk menggugurkan dosa.. wallohu a'lam",Ummu Millah Ibrohim,2026-09-01,keyword:campak
883160981216168,https://www.facebook.com/photo?fbid=883160981216168&set=a.234407702758169,,2026-03-10,Ummu Millah Ibrohim,Irma Suraini,2026-09-01,keyword:campak
883160981216168,https://www.facebook.com/photo?fbid=883160981216168&set=a.234407702758169,,2026-03-10,Ummu Millah Ibrohim betul itu bund,Elifkha Elifkha,2026-09-01,keyword:campak
883160981216168,https://www.facebook.com/photo?fbid=883160981216168&set=a.234407702758169,,2026-03-10,Ummu Millah Ibrohim betul bund..dan klu faksin klu trkena minimal gak parah,Renaya,2026-09-01,keyword:campak
883160981216168,https://www.facebook.com/photo?fbid=883160981216168&set=a.234407702758169,,2026-03-17,Ummu Millah Ibrohim tapi kebanyakan yg kena yg gak imunisasi,Puji Kayshila Kaynara,2026-09-01,keyword:campak
883160981216168,https://www.facebook.com/photo?fbid=883160981216168&set=a.234407702758169,,2026-03-17,"Wes to Bun..Ben AE..seng GK imunisasi anknya..toh ank2 mereka .dampaknya ya ke mereka sendiri ..penting kita yakin dan percaya ,Karan kesehatan ank kita itu lebih penting ..dan mereka tau apa yg terbaik.",Arjuna Kembar,2026-09-01,keyword:campak
883160981216168,https://www.facebook.com/photo?fbid=883160981216168&set=a.234407702758169,,2026-03-17,Ummu Millah Ibrohim justru yg imunisasi dampaknya ga seburuk yg ga imunisasi,Pratiwi Tari,2026-09-01,keyword:campak
883160981216168,https://www.facebook.com/photo?fbid=883160981216168&set=a.234407702758169,,2026-03-17,"Ummu Millah Ibrohim Temen saya kerja di ICU. dia cerita campak lebih buruk bagi anak yg tidak imunisasi Anak pertama dia ga imunisasi, anti bgt dia. Semenjak kerja di ICU, anak kedua ketiga jadi imunisasi",Pratiwi Tari,2026-09-01,keyword:campak
883160981216168,https://www.facebook.com/photo?fbid=883160981216168&set=a.234407702758169,,2026-03-17,"Ummu Millah Ibrohimsetuju bundaa yg nmnya cmpak itu uda dri dulu mng ada bhkan setiap ank mngalami, tpi klo kmi hidup dikmpung, memng pnanganananya dgn cara minum air kelapa ijo, itu tujuannya suruh kluar semua, klo blm kluar tu sakit kpla, perut, dan beda para tdknya, beda cara jga, intinya jgn dimandiin selama blm kluar semua, ksih mkn syur telor ayam kmpung campur pupus waluh, misal anknya terhitung parah kya uda seluruh bdan smpe sariawan dan uda 1mingguan, ksih mandi pke daun seletup serumpun,,, ada jga yg diksih mndi rempah"", itu cara alami turun menurun obatnya, ya hrs sbar,,kmi jrang yg ke RS, krn brlwanan dgn infus, dan suhu yg dingin,, tpi hidup dikota dan dikmpung memng beda, sgala pnyakit ada obt dan cara semua itu ikhtiar kita yakin dgn allah,",Henny Adlan,2026-09-01,keyword:campak
883160981216168,https://www.facebook.com/photo?fbid=883160981216168&set=a.234407702758169,,2026-03-17,"Ummu Millah Ibrohim benar bun yg sdh imunisasi msh bs kenak campak, tapi pas anak kenak campak nti badan nya gak terasa sakit banget kl ada imunisasi bun, beda sama anak yg gak imunisasi, 
 ini setau saya ya maaf kl salah",Lim'z Juliana,2026-09-01,keyword:campak
883160981216168,https://www.facebook.com/photo?fbid=883160981216168&set=a.234407702758169,,2026-03-17,beneeer,Chom Chitcom,2026-09-01,keyword:campak
883160981216168,https://www.facebook.com/photo?fbid=883160981216168&set=a.234407702758169,,2026-03-10,"Bun maaf kalau di kampung sya di sini biasa ada anak yg kena campak bgini kami tdk Bwah ke RS atau puskesmas kami hanya mengobati sendiri sebisa mungkin dgn cara meminum air kelapa stiap hari dan mengelapkan air kelapa di seluruh tubuhnya, jauhkan anak dri angin, matahari, debu, buka baju anak cukup pake dalaman atau popok saja. Biar kan badan anak terbuka. Usahakan ruangannya jgn panas. Selama anak kena campak jgn perna kluarkan anak walaupun hanya depan pintu dan jgn Perna ksih kena angin. Paling lama 1 Minggu campaknya udah mulai hilang dan mulai agak mendingan .",Alesea Fazeela,2026-09-01,keyword:campak
883160981216168,https://www.facebook.com/photo?fbid=883160981216168&set=a.234407702758169,,2026-03-10,Alesea Fazeela iyahkan klo kmi bilang Kerumutan ini kk,Nur Ainun,2026-09-01,keyword:campak
883160981216168,https://www.facebook.com/photo?fbid=883160981216168&set=a.234407702758169,,2026-03-10,Alesea Fazeela kk bener banget malah anak ku alhamdulillah sembuh ke 4 anak ku kenak gini sekrang sehat semua syukur alhamdulillah,Ummizikry Zikry Ummizikry,2026-09-01,keyword:campak
883160981216168,https://www.facebook.com/photo?fbid=883160981216168&set=a.234407702758169,,2026-03-10,Alesea Fazeela waktu aku masih kecil juga setiap anak tuh pasti terkena campak atau cacar itu pun sekali kalo yang udh terkena katanya udh terbebas ada yang sama ga sih jaman dulu nya gt,Tenny Srii,2026-09-01,keyword:campak
883160981216168,https://www.facebook.com/photo?fbid=883160981216168&set=a.234407702758169,,2026-03-10,Minumkan air kelapa muda kk ،lima seperampat gelas kecil ،besok buat lagi sampai sembuh insya allah pasti sembuh ،dan klw panas badan naik ،wajib baluri badannya pakai minyak bawang merah ،gk boleh pakai baju dan celananya ،nanti panasnya gk keluar dan jangan kenak angin luar maupun kipas angin dulu insya allah sembuh kok kk ،3 sampai 4 hari udah membaik ،paling cepat 2 hari demamnya dan kerumutnya hilang ،,Ummizikry Zikry Ummizikry,2026-09-01,keyword:campak
883160981216168,https://www.facebook.com/photo?fbid=883160981216168&set=a.234407702758169,,2026-03-10,Alesea Fazeela mksh ilmunya kak..,Ifah Dzikrina,2026-09-01,keyword:campak
883160981216168,https://www.facebook.com/photo?fbid=883160981216168&set=a.234407702758169,,2026-03-10,Alesea Fazeela kalo di tempat kami kalimantan tengah namanya kena kerumut jgn dibawa mandi tetap berobat ke bidan terdekat alhamdulillah sembuh asal jgn dibawa mandi katanya kalo keluar merahnya justru bagus dari pada blm keluar,Rayzka Dzaki,2026-09-01,keyword:campak
883160981216168,https://www.facebook.com/photo?fbid=883160981216168&set=a.234407702758169,,2026-03-10,"Alesea Fazeela pas demam ada minum obat penurun panas gak Bun? Terus air kelapa nya apa harus hijau, kalo air kelapa bukan hijau bisa?",Ambarwatisry,2026-09-01,keyword:campak
3080334618843859,https://www.facebook.com/photo?fbid=3080334618843859&set=a.101166973427320,,2026-05-19,"Dikasih Allah kesehatan yang lebih,, malah di bawa imunisasi di suntik ini itu,, anak yg tadinya sehat ceria langsung demam, nangi2, digendong terus,, gak kasihan apa lihat anak drop setelah imunisasi,, ada yg kejang,, ada yg dirawat,, bahkan ada yg sampe meninggal,,, percaya aja deh sama Allah sang pemberi segalanya,, aku lho emak emak yang tidak percaya sama imunisasi..3 anakku Alhamdulillah sampe sekarang sehat2 aja,,",Bintang Thania,2026-09-01,keyword:campak
3080334618843859,https://www.facebook.com/photo?fbid=3080334618843859&set=a.101166973427320,,2026-05-19,"Bintang Thania ank ku Alhamdulillah udah 5 th d desa LG bapil ank ku Alhamdulillah enggak .. g prnh imunisasi ini ank ke dua juga 
trauma hebat ketika Bu kader cuma bilang takdir ketika ank ibu ibu yg imunisasi panas tinggi kejang trs meningal",Diah Syifa,2026-09-01,keyword:campak
3080334618843859,https://www.facebook.com/photo?fbid=3080334618843859&set=a.101166973427320,,2026-05-19,"benar Bun , percaya aj SM Allah ,dia yg maha berkuasa ,kmren ank ku demam tinggi ,dan keluar bintik2 merah kyak campak ,Cm ikhtiar di urut dn di baluri minyak telon SM bawang merah ,dn pling utama g berhenti doa dn zikir ,tnpa minum obat ,q jg bingung knpa anak ku g bisa minum obat ,setiap minum obat pasti langsung muntah smpe keluar dr hidung ,,",Patima Ibuylatifa,2026-09-01,keyword:campak
3080334618843859,https://www.facebook.com/photo?fbid=3080334618843859&set=a.101166973427320,,2026-05-19,Bintang Thania betul sekali ank ku bru lahir za disuntik 2 kli za smpai ber umur 11 thun ga pernah disuntik lg aku tringat ma tetangga ku setelah di suntik skitar 2 hri meninggal byi Hen ksihan nya byi,Jumiati Jumiati,2026-09-01,keyword:campak
3080334618843859,https://www.facebook.com/photo?fbid=3080334618843859&set=a.101166973427320,,2026-05-19,Bintang Thania aku juga anak3 yang pertama ful imunisasi adek2 nya tidak,Ani An,2026-09-01,keyword:campak
3080334618843859,https://www.facebook.com/photo?fbid=3080334618843859&set=a.101166973427320,,2026-05-19,Bintang Thania saaya suka pertanyaan kk nya krna anak sehat itu tergantung dari orng tuanya tampa imunisasi naak tetap sehat krna di kapal dia sekolah pasti di suntik juga krna dia sudah dewasa ni anak masih kecil mau ikut imunisasi sehat egak malah tambah para kasihan anak2 ny. ya prisif manusai berbeda2 ya ada ibunya takut anakny kenapa2 kalau tak imunisasi tapi kalau keyakinan ibu kuat untuk anak ny pasti anak ny sehat dan ceria tampa imunisasi.,Bal Boot,2026-09-01,keyword:campak
3080334618843859,https://www.facebook.com/photo?fbid=3080334618843859&set=a.101166973427320,,2026-05-19,Bintang Thania bener anak saya yang kesatu full imunisasi eh tetap aja yg namanya sakit pasti ada,Intan Aprilia,2026-09-01,keyword:campak
3080334618843859,https://www.facebook.com/photo?fbid=3080334618843859&set=a.101166973427320,,2026-05-19,Bintang Thania aku termasuk anak yang full imunisasi termasuk adek²ku mbak Alhamdulillah nyatanya masih hidup sampe sekarang gimana tuh imunisasi itu bentuk ikhtiar mbak Allah ngasih kesehatan tuh ada ikhtiarnya buat dijaga biar tetep sehat,Silvinda Puspa,2026-09-01,keyword:campak
3080334618843859,https://www.facebook.com/photo?fbid=3080334618843859&set=a.101166973427320,,2026-05-19,Bintang Thania bnr bun 1 minggu yg lalu anak bayi kuh imunisasi sampe panas. Ampe kejang skrg memutuskan gk mau imunisasi lg trauma,Lia Santo,2026-09-01,keyword:campak
3080334618843859,https://www.facebook.com/photo?fbid=3080334618843859&set=a.101166973427320,,2026-05-19,Bintang Thania bener bgt Bun aku setuju,Riyahh Juhriyah,2026-09-01,keyword:campak
3080334618843859,https://www.facebook.com/photo?fbid=3080334618843859&set=a.101166973427320,,2026-05-19,Bintang Thania anak saya abis imunisasi demam sesak nafas ..sekarang lgu di picu ..dari sehat jdi sakit dirawat pula. Jdi trauma,Mam Nya Sofia,2026-09-01,keyword:campak
3080334618843859,https://www.facebook.com/photo?fbid=3080334618843859&set=a.101166973427320,,2026-05-19,"Saya punya anak 7,123 imunisasi dasar lengkap,4567 tidak imunisasi,yg tidak imunisasi alhamdululah mereka sehat,cerds pintar,tumbuh seperti kk2 nya yg imunisasi,alhamdulilah meteka juga jarang sakit.jadi menurut pengalaman pribadi sya mending tidak imunisasi/vaksin.",Ayu Setyani,2026-09-01,keyword:campak
3080334618843859,https://www.facebook.com/photo?fbid=3080334618843859&set=a.101166973427320,,2026-05-19,Ayu Setyani kalau ga ada manfaatnya ga mungkin di Adain imunisasi Bun.. maaf ini menurut saya...,Eldaradita Indriyani,2026-09-01,keyword:campak
3080334618843859,https://www.facebook.com/photo?fbid=3080334618843859&set=a.101166973427320,,2026-05-19,Ayu Setyani akan pertama saya lengkap imunisasi malah diagnosa meningitis paru TB,Susanti,2026-09-01,keyword:campak
3080334618843859,https://www.facebook.com/photo?fbid=3080334618843859&set=a.101166973427320,,2026-05-19,"Ayu Setyani Alhamdulillah ya Bun,,,justru ank aku yg prtama full imunisasi lengkap Mlah sakit2tan bahkan smpai brobat jlan ke DSA smpai umur 2thun semenjak awal imunisasi dan sering di rawat k ICU RS, mknya ank ke 2 ini blm lengkap vksin krna trauma Bun",Azzura Azzura,2026-09-01,keyword:campak
3080334618843859,https://www.facebook.com/photo?fbid=3080334618843859&set=a.101166973427320,,2026-05-26,Ayu Setyani,Suleman,2026-09-01,keyword:campak
3080334618843859,https://www.facebook.com/photo?fbid=3080334618843859&set=a.101166973427320,,2026-05-26,Vinsent Alexander Tjen whatswrong?,Ummuz Muzdalifah,2026-09-01,keyword:campak
3080334618843859,https://www.facebook.com/photo?fbid=3080334618843859&set=a.101166973427320,,2026-05-26,"Ayu Setyani betul banget, kebalik yg di imunisasi malah yg sering gampang sakit, krna pengalaman tetangga saya cucu nya kader imunisasi lengkap tapi rawan sering sakit2n sering di rawat jga.",Fikaa,2026-09-01,keyword:campak
3080334618843859,https://www.facebook.com/photo?fbid=3080334618843859&set=a.101166973427320,,2026-05-26,Ayu Setyani anak AQ yang ke 3 juga Alhamdulillah gak imunisasi samsek tapi Alhamdulillah sehat pintar dan jarang sakit bund,Triee Atika,2026-09-01,keyword:campak
3080334618843859,https://www.facebook.com/photo?fbid=3080334618843859&set=a.101166973427320,,2026-05-19,"Resiko nya nanti klo dia udh dewasa kak,gampang terkena penyakit menular,biasanya yg ga imunisasi cpt jular nya lama sembuh nya,tp klo yg imunisasi jarang tertular krn kekebalan tubuh nya ada,trs jika tertular juga gakan separah yg ga d imunisasi,dan biasanya gampang sembuh It si waktu al d edukasi sma bidan dan dokter anak",Hardian S,2026-09-01,keyword:campak
3080334618843859,https://www.facebook.com/photo?fbid=3080334618843859&set=a.101166973427320,,2026-05-19,Hardian S iya bun bner meski terkena penyakit ga akan parah klo yg imunisasi,Indah Anjelina,2026-09-01,keyword:campak
3080334618843859,https://www.facebook.com/photo?fbid=3080334618843859&set=a.101166973427320,,2026-05-19,"Indah Anjelina iya betul skali,",Hardian S,2026-09-01,keyword:campak
3080334618843859,https://www.facebook.com/photo?fbid=3080334618843859&set=a.101166973427320,,2026-05-19,Hardian S ga juga..tuh tetngga sy vaksin poll kena virus parh..mlah yg g imunisasi baik2 aj..,Indah Princes,2026-09-01,keyword:campak
3080334618843859,https://www.facebook.com/photo?fbid=3080334618843859&set=a.101166973427320,,2026-05-26,"Coba kalian tanya bidan, dokter ,,anak2 nya pada di imunisasi ngk ...",Zahira Nurhi,2026-09-01,keyword:campak
3080334618843859,https://www.facebook.com/photo?fbid=3080334618843859&set=a.101166973427320,,2026-05-26,"Hardian S GK jg ,,anak saja satu imunisasi satu tidak ,,waktu kecil sama sama kenak campak alhmdulilah cepat sembuh y,,sekrng udh lajang Kemren ank ku yg GK imunisasi flu Krn ketularan dari kawan ny,,sekli berobat sembuh kok,,kita jg sebagai yg sudah tua jg dulu tak imunisasi kan",Aida Zalukhu,2026-09-01,keyword:campak
3080334618843859,https://www.facebook.com/photo?fbid=3080334618843859&set=a.101166973427320,,2026-05-19,Kalau aq alhamdulillah anak ku udah 4 ..yg 3 selesai semue imunisasi nya sekarang tinggal sibungsu umur 2 bulan ...kemaren imunisasi alhamdulillah dia gak demam dan gak rewel ... bagi aq ya bun imunisasi itu penting ...,Melati,2026-09-01,keyword:campak
3080334618843859,https://www.facebook.com/photo?fbid=3080334618843859&set=a.101166973427320,,2026-05-19,Melati alhamdulillah bun,Indah Anjelina,2026-09-01,keyword:campak
3080334618843859,https://www.facebook.com/photo?fbid=3080334618843859&set=a.101166973427320,,2026-05-19,Melati bener banget bund.... Terpenting dari segalanya,Ummuz Muzdalifah,2026-09-01,keyword:campak
3080334618843859,https://www.facebook.com/photo?fbid=3080334618843859&set=a.101166973427320,,2026-05-19,"Kalau aku sih tim yg kalau suami ngak kasih izin anak imunisasi aku ngak mau,,, Karena saya 10 bersaudara nfak ada yg imunisasi dan alhamdulillah Musim cacar, campak gatal2..dll Ngak pernah menyentuh rumah kami... Ya syaratnya makannan kami dari kecil selalu dijaga Di rumah ibu masak tidak pakai penyedap,,,makanan kami tidak beli,,,bahkan mie saja tidak masuk kerumah apalagi mie instan say no...ortu...jadi sampai sekarang bergam penyakitpun yg orang miliki Alhamdulillah Allah selalu jaga kekuargaku... Kembali lagi ke kita kalau makanan dijaga semuanya ya baik2 aja... Zaman sekarang banyak penyakit Ya karena makanan juga beragam.... Jadi imbang kan",Queena Annora,2026-09-01,keyword:campak
3080334618843859,https://www.facebook.com/photo?fbid=3080334618843859&set=a.101166973427320,,2026-05-19,Nah ini bagus wajib di contoh bun,Indah Anjelina,2026-09-01,keyword:campak
4404608493199751,https://www.facebook.com/photo?fbid=4404608389866428&set=pcb.4404608493199751,,2026-09-01,Pagi menyapa,Siti Lena,2026-09-01,keyword:campak
4404608493199751,https://www.facebook.com/photo?fbid=4404608389866428&set=pcb.4404608493199751,,2026-09-01,Pagi edaq.salam sehat.,Martinella Panggabean,2026-09-01,keyword:campak
4404608493199751,https://www.facebook.com/photo?fbid=4404608389866428&set=pcb.4404608493199751,,2026-09-01,Pagi itokuu,Herju Hutasoit,2026-09-01,keyword:campak
4404608493199751,https://www.facebook.com/photo?fbid=4404608389866428&set=pcb.4404608493199751,,2026-08-04,Berapa hari kak baru sembuh,Elzan Pradipta Darendra,2026-09-01,keyword:campak
4400849343502719,https://www.facebook.com/photo?fbid=4400849343502719&set=a.1385669301687420,@Berlangganan Aliem Sasuke,2026-08-25,Semoga rizkinya makin lancar https://www.facebook.com/alpert.acmad/subscribenow...,Aliem Sasuke,2026-09-01,keyword:campak
4400849343502719,https://www.facebook.com/photo?fbid=4400849343502719&set=a.1385669301687420,@Berlangganan Aliem Sasuke,2026-08-25,"Aliem Sasuke Saran a,coba luluran pake parutan pare/paria a,buat ngilangin bekas luka asal rutin,reaksinya lumayan gatal tapi ke kulit bagus,soalnya udah aku coba 
 syafakallah",Sinfa Fazzura Pradiphta,2026-09-01,keyword:campak
4400849343502719,https://www.facebook.com/photo?fbid=4400849343502719&set=a.1385669301687420,@Berlangganan Aliem Sasuke,2026-08-25,"Parutan pare ditambah tepung beras,terus balurin ke kulit yang bekas borok,insyaAllah hasilnya bagus ke kulit",Sinfa Fazzura Pradiphta,2026-09-01,keyword:campak
4400849343502719,https://www.facebook.com/photo?fbid=4400849343502719&set=a.1385669301687420,@Berlangganan Aliem Sasuke,2026-08-25,"Aliem Sasuke jika ditabur, tidak akan kering",Nissa Nurr,2026-09-01,keyword:campak
4400849343502719,https://www.facebook.com/photo?fbid=4400849343502719&set=a.1385669301687420,@Berlangganan Aliem Sasuke,2026-08-25,Aliem Sasuke pami di abdimah Aya lanong na kang,Wawan Jalmi Buburuh Ripuh,2026-09-01,keyword:campak
4400849343502719,https://www.facebook.com/photo?fbid=4400849343502719&set=a.1385669301687420,@Berlangganan Aliem Sasuke,2026-08-25,"Aliem Sasuke jangan dgaruk² nanti tambah bengkak JD budug gtu laahhh, ditaburi pke bedak salicil biar g gatel",Dedeh Delia,2026-09-01,keyword:campak
4400849343502719,https://www.facebook.com/photo?fbid=4400849343502719&set=a.1385669301687420,@Berlangganan Aliem Sasuke,2026-08-25,Mndi btng boros,Kopi Jambee,2026-09-01,keyword:campak
4400849343502719,https://www.facebook.com/photo?fbid=4400849343502719&set=a.1385669301687420,@Berlangganan Aliem Sasuke,2026-08-25,Gpp borok juga yang penting jam nya bagus,Sanez Sazaha,2026-09-01,keyword:campak
4400849343502719,https://www.facebook.com/photo?fbid=4400849343502719&set=a.1385669301687420,@Berlangganan Aliem Sasuke,2026-08-25,di gosok lidah buaya,Yayu Riesna Yayu,2026-09-01,keyword:campak
4400849343502719,https://www.facebook.com/photo?fbid=4400849343502719&set=a.1385669301687420,@Berlangganan Aliem Sasuke,2026-08-25,"pakai sabung kopi bang,yg merk apa gt yg ada di tiktok,itu item""nya lama"" ilang",Fitria Nurlaila Apandi,2026-09-01,keyword:campak
4400849343502719,https://www.facebook.com/photo?fbid=4400849343502719&set=a.1385669301687420,@Berlangganan Aliem Sasuke,2026-08-25,"Bukan borok mang itu ngelupas gnti kulit nanti bgus lagi kulit nya ,anaku kmren kena 3"" nya , Alhamdulillah sekarang dah baik lagi,",Lisnawati Puji Lestari,2026-09-01,keyword:campak
4400849343502719,https://www.facebook.com/photo?fbid=4400849343502719&set=a.1385669301687420,@Berlangganan Aliem Sasuke,2026-08-25,efek dari merah2 . Pernah pas usum corona,Indah Royani Salsha,2026-09-01,keyword:campak
4400849343502719,https://www.facebook.com/photo?fbid=4400849343502719&set=a.1385669301687420,@Berlangganan Aliem Sasuke,2026-08-25,Dh kering nti jg bersih mnd y pke sabun giovan cair mang donat,Sri Handayani,2026-09-01,keyword:campak
4400849343502719,https://www.facebook.com/photo?fbid=4400849343502719&set=a.1385669301687420,@Berlangganan Aliem Sasuke,2026-08-25,Pakai minyak zaitun,Elis Yulianti,2026-09-01,keyword:campak
4400849343502719,https://www.facebook.com/photo?fbid=4400849343502719&set=a.1385669301687420,@Berlangganan Aliem Sasuke,2026-08-25,Semangat A,Bah Ato,2026-09-01,keyword:campak
4400849343502719,https://www.facebook.com/photo?fbid=4400849343502719&set=a.1385669301687420,@Berlangganan Aliem Sasuke,2026-08-28,"Setelah keluar, jadi mutung, lalu ubah kulitnya dan mengelupas seperti ular 
 
 tidak apa-apa, 3 anakku juga terkena campak, hanya waktu pemulihan, berikan saja minyak zaitun, bro",Ajeng Mey,2026-09-01,keyword:campak
4400849343502719,https://www.facebook.com/photo?fbid=4400849343502719&set=a.1385669301687420,@Berlangganan Aliem Sasuke,2026-08-25,Pake bedak salicylic mang,Tantina Tresnawati,2026-09-01,keyword:campak
4400849343502719,https://www.facebook.com/photo?fbid=4400849343502719&set=a.1385669301687420,@Berlangganan Aliem Sasuke,2026-08-26,Mandi di air belerang mang,Lia Rosma,2026-09-01,keyword:campak
4400849343502719,https://www.facebook.com/photo?fbid=4400849343502719&set=a.1385669301687420,@Berlangganan Aliem Sasuke,2026-08-27,Sama anaku juga kena campak mang 11 hari d rawat dRS sama timbulnya begitu d suruh pakai lotion baby aja setiap udah mandi jd ilang semuaa,Evha Syarifah,2026-09-01,keyword:campak
4400849343502719,https://www.facebook.com/photo?fbid=4400849343502719&set=a.1385669301687420,@Berlangganan Aliem Sasuke,2026-08-25,"Engke oge bakal te aya, abi ge pernH ngalami, trus w pake bedak tabur",Muhamad Maulana,2026-09-01,keyword:campak
4400849343502719,https://www.facebook.com/photo?fbid=4400849343502719&set=a.1385669301687420,@Berlangganan Aliem Sasuke,2026-08-25,Pagi sma mlm rutin pake minyak zaitun mang donat nnti cpt pudar bekas luka nya,Reyyan,2026-09-01,keyword:campak
4400849343502719,https://www.facebook.com/photo?fbid=4400849343502719&set=a.1385669301687420,@Berlangganan Aliem Sasuke,2026-08-25,Campak biasanya akan dialami seumurhidup sekali!,Ibnu Aswad Mengejar Bintang,2026-09-01,keyword:campak
4400849343502719,https://www.facebook.com/photo?fbid=4400849343502719&set=a.1385669301687420,@Berlangganan Aliem Sasuke,2026-08-25,Diolesin vco atau minyak zaitun supaya lembab jadi ga kering kulitnya,Mbak Awug,2026-09-01,keyword:campak
4400849343502719,https://www.facebook.com/photo?fbid=4400849343502719&set=a.1385669301687420,@Berlangganan Aliem Sasuke,2026-08-25,Apakah ada donat di wajah ??,Elis Agnia Wijaya,2026-09-01,keyword:campak
4400849343502719,https://www.facebook.com/photo?fbid=4400849343502719&set=a.1385669301687420,@Berlangganan Aliem Sasuke,2026-08-25,Cobi gera ku obat iyeu aa,Umie Jubaedah,2026-09-01,keyword:campak
4400849343502719,https://www.facebook.com/photo?fbid=4400849343502719&set=a.1385669301687420,@Berlangganan Aliem Sasuke,2026-08-25,"Saya juga memiliki jejak kaki di setiap tubuh. Semoga Anda sehat, paman.",Xcal,2026-09-01,keyword:campak
4400849343502719,https://www.facebook.com/photo?fbid=4400849343502719&set=a.1385669301687420,@Berlangganan Aliem Sasuke,2026-08-25,"Bismillah, Dengan minyak zaitun dalam campuran mang donut, insyaAllah akan menjadi baik lagi",Aliza Tea,2026-09-01,keyword:campak
4400849343502719,https://www.facebook.com/photo?fbid=4400849343502719&set=a.1385669301687420,@Berlangganan Aliem Sasuke,2026-08-25,"Yang penting adalah aku tidak lagi gatal, bro.. Jika masih gatal, susah sakit",Irma Indrawati,2026-09-01,keyword:campak
4400849343502719,https://www.facebook.com/photo?fbid=4400849343502719&set=a.1385669301687420,@Berlangganan Aliem Sasuke,2026-08-25,"Ya Allah, ini sangat memalukan, sudah habis terjual... Yang paling penting adalah banyak uang...",Agni Rohman Rcv,2026-09-01,keyword:campak
4400849343502719,https://www.facebook.com/photo?fbid=4400849343502719&set=a.1385669301687420,@Berlangganan Aliem Sasuke,2026-08-25,Wah sama kek anak ku bang dah 7 hari masih masa pemulihan kulit nya ..masih ada yang merah dan sudah ada yang ngupas .,Mamahe Tama,2026-09-01,keyword:campak
122264594840173702,https://www.facebook.com/photo?fbid=122264594840173702&set=a.122108015714173702,@Berlangganan Hotimah Hotimah,2026-04-07,"yuk berlangganan dengan saya semoga rezekinya tergantikan lebih dari itu 
 https://www.facebook.com/hotimah.hotimah.../subscribenow...",Hotimah Hotimah,2026-09-01,keyword:campak
122264594840173702,https://www.facebook.com/photo?fbid=122264594840173702&set=a.122108015714173702,@Berlangganan Hotimah Hotimah,2026-04-07,Anakkku sblm.puasa kena alhamdulillah nga ada demam.dan kmrn dr posyandu keliling d suntik campak,Bundy Mirza,2026-09-01,keyword:campak
122264594840173702,https://www.facebook.com/photo?fbid=122264594840173702&set=a.122108015714173702,@Berlangganan Hotimah Hotimah,2026-04-07,Bundy Mirza alhamdulillahirabilalaamiin,Hotimah Hotimah,2026-09-01,keyword:campak
122264594840173702,https://www.facebook.com/photo?fbid=122264594840173702&set=a.122108015714173702,@Berlangganan Hotimah Hotimah,2026-04-07,Masya Allah cantiknya,Jie Waty,2026-09-01,keyword:campak
122264594840173702,https://www.facebook.com/photo?fbid=122264594840173702&set=a.122108015714173702,@Berlangganan Hotimah Hotimah,2026-04-07,Jie Waty alhamdulillahirabilalaamiin,Hotimah Hotimah,2026-09-01,keyword:campak
122264594840173702,https://www.facebook.com/photo?fbid=122264594840173702&set=a.122108015714173702,@Berlangganan Hotimah Hotimah,2026-04-07,Selamat pagi,Kristiani Ningsih,2026-09-01,keyword:campak
122264594840173702,https://www.facebook.com/photo?fbid=122264594840173702&set=a.122108015714173702,@Berlangganan Hotimah Hotimah,2026-04-07,Kristiani Ningsih pagi juga,Hotimah Hotimah,2026-09-01,keyword:campak
122264594840173702,https://www.facebook.com/photo?fbid=122264594840173702&set=a.122108015714173702,@Berlangganan Hotimah Hotimah,2026-04-07,Putri nya ya Bun.. comel,Yusnita Ahmad Hasibuan,2026-09-01,keyword:campak
122264594840173702,https://www.facebook.com/photo?fbid=122264594840173702&set=a.122108015714173702,@Berlangganan Hotimah Hotimah,2026-04-07,Yusnita Ahmad Hasibuan terimakasih,Hotimah Hotimah,2026-09-01,keyword:campak
122264594840173702,https://www.facebook.com/photo?fbid=122264594840173702&set=a.122108015714173702,@Berlangganan Hotimah Hotimah,2026-04-07,Semoga sehat selalu,Ummi Aunillah Chan,2026-09-01,keyword:campak
122264594840173702,https://www.facebook.com/photo?fbid=122264594840173702&set=a.122108015714173702,@Berlangganan Hotimah Hotimah,2026-04-07,Ummi Aunillah Chan aamiin ya rabbal alaamiin,Hotimah Hotimah,2026-09-01,keyword:campak
122264594840173702,https://www.facebook.com/photo?fbid=122264594840173702&set=a.122108015714173702,@Berlangganan Hotimah Hotimah,2026-04-07,Iya bun dulu anakku kena campak panasnya naik turun,Wiwin Syari,2026-09-01,keyword:campak
122264594840173702,https://www.facebook.com/photo?fbid=122264594840173702&set=a.122108015714173702,@Berlangganan Hotimah Hotimah,2026-04-07,Wiwin Syari ya say,Hotimah Hotimah,2026-09-01,keyword:campak
122264594840173702,https://www.facebook.com/photo?fbid=122264594840173702&set=a.122108015714173702,@Berlangganan Hotimah Hotimah,2026-04-07,Aku fokus ke dd bayik nya gumush bangett Bun,Onenk Az,2026-09-01,keyword:campak
122264594840173702,https://www.facebook.com/photo?fbid=122264594840173702&set=a.122108015714173702,@Berlangganan Hotimah Hotimah,2026-04-07,Onenk Az terimakasih,Hotimah Hotimah,2026-09-01,keyword:campak
122264594840173702,https://www.facebook.com/photo?fbid=122264594840173702&set=a.122108015714173702,@Berlangganan Hotimah Hotimah,2026-04-07,Cantik nya dd bayi,Irmawati,2026-09-01,keyword:campak
122264594840173702,https://www.facebook.com/photo?fbid=122264594840173702&set=a.122108015714173702,@Berlangganan Hotimah Hotimah,2026-04-07,Irmawati terimakasih,Hotimah Hotimah,2026-09-01,keyword:campak
122264594840173702,https://www.facebook.com/photo?fbid=122264594840173702&set=a.122108015714173702,@Berlangganan Hotimah Hotimah,2026-04-07,Sama bun lagi musimnya,Fitriani Bunawolo,2026-09-01,keyword:campak
122264594840173702,https://www.facebook.com/photo?fbid=122264594840173702&set=a.122108015714173702,@Berlangganan Hotimah Hotimah,2026-04-07,Fitriani Bunawolo ya say,Hotimah Hotimah,2026-09-01,keyword:campak
122264594840173702,https://www.facebook.com/photo?fbid=122264594840173702&set=a.122108015714173702,@Berlangganan Hotimah Hotimah,2026-04-07,Hallo cantik,Evi Mooduto,2026-09-01,keyword:campak
122264594840173702,https://www.facebook.com/photo?fbid=122264594840173702&set=a.122108015714173702,@Berlangganan Hotimah Hotimah,2026-04-07,Evi Mooduto Hallo,Hotimah Hotimah,2026-09-01,keyword:campak
122264594840173702,https://www.facebook.com/photo?fbid=122264594840173702&set=a.122108015714173702,@Berlangganan Hotimah Hotimah,2026-04-07,Tetep waspada ya Bun,Alisa Shelin,2026-09-01,keyword:campak
122264594840173702,https://www.facebook.com/photo?fbid=122264594840173702&set=a.122108015714173702,@Berlangganan Hotimah Hotimah,2026-04-07,Alisa Shelin ya say,Hotimah Hotimah,2026-09-01,keyword:campak
122264594840173702,https://www.facebook.com/photo?fbid=122264594840173702&set=a.122108015714173702,@Berlangganan Hotimah Hotimah,2026-04-07,Gemesny Bun anakny,Eliza Julianti,2026-09-01,keyword:campak
122264594840173702,https://www.facebook.com/photo?fbid=122264594840173702&set=a.122108015714173702,@Berlangganan Hotimah Hotimah,2026-04-07,Eliza Julianti terimakasih,Hotimah Hotimah,2026-09-01,keyword:campak
122264594840173702,https://www.facebook.com/photo?fbid=122264594840173702&set=a.122108015714173702,@Berlangganan Hotimah Hotimah,2026-04-07,Lucu bngt bun bayi nya,Neng Ittoh,2026-09-01,keyword:campak
122264594840173702,https://www.facebook.com/photo?fbid=122264594840173702&set=a.122108015714173702,@Berlangganan Hotimah Hotimah,2026-04-07,Neng Ittoh terimakasih,Hotimah Hotimah,2026-09-01,keyword:campak
122264594840173702,https://www.facebook.com/photo?fbid=122264594840173702&set=a.122108015714173702,@Berlangganan Hotimah Hotimah,2026-04-07,Gemes anak nya,Elis Nuraisah,2026-09-01,keyword:campak
122264594840173702,https://www.facebook.com/photo?fbid=122264594840173702&set=a.122108015714173702,@Berlangganan Hotimah Hotimah,2026-04-07,Elis Nuraisah terimakasih,Hotimah Hotimah,2026-09-01,keyword:campak
122264594840173702,https://www.facebook.com/photo?fbid=122264594840173702&set=a.122108015714173702,@Berlangganan Hotimah Hotimah,2026-04-07,Selamat pagi,Deni Arifin,2026-09-01,keyword:campak
1733374661247582,https://www.facebook.com/photo?fbid=1733374661247582&set=gm.27553951464282310,,2026-08-25,"ini alasan saya GK imunisasi anak ,,karena hak para ortu ya ,,kata nya kalau GK imunisasi nanti anak2 Mudah sakit,,terus kalau kenpa2 gimna buk,,lah terus kalau anak ny meninggal gimna buk bid",Yudhistira Permana,2026-09-01,keyword:campak
1733374661247582,https://www.facebook.com/photo?fbid=1733374661247582&set=gm.27553951464282310,,2026-08-25,Yudhistira Permana smaa mas saya juga cukup Dua x Imunisasi di tangan saja Dpt 1 sampe 3 saya GK mau,Septiana Dewi,2026-09-01,keyword:campak
1733374661247582,https://www.facebook.com/photo?fbid=1733374661247582&set=gm.27553951464282310,,2026-08-25,Septiana Dewi anak saya juga cuman yg d tanggan KK dpt GK,Yudhistira Permana,2026-09-01,keyword:campak
1733374661247582,https://www.facebook.com/photo?fbid=1733374661247582&set=gm.27553951464282310,,2026-08-25,"Saya aja ga akan bawa anak imunisasi,,biar aja anak saya tidak disuntik,,karena takut demam nya itu dan kalo terjadi seperti ini gimana coba",Nafisya Sabrina Zuhra,2026-09-01,keyword:campak
1733374661247582,https://www.facebook.com/photo?fbid=1733374661247582&set=gm.27553951464282310,,2026-08-25,Takut juga kalau begini siapa yang bertanggung jawab,Lidia Sinulingga,2026-09-01,keyword:campak
1733374661247582,https://www.facebook.com/photo?fbid=1733374661247582&set=gm.27553951464282310,,2026-08-25,Lidia Sinulingga blum Bu benar itu sebab x.aku 3 lulus vaksin semua ngga ad demam biasa aja.asal kita kuat pegang paha x Bu biar ngga bengkak,Meliani,2026-09-01,keyword:campak
1733374661247582,https://www.facebook.com/photo?fbid=1733374661247582&set=gm.27553951464282310,,2026-08-25,Tuntut yang suntik itu,DeppiAnggreyani,2026-09-01,keyword:campak
1733374661247582,https://www.facebook.com/photo?fbid=1733374661247582&set=gm.27553951464282310,,2026-08-25,DeppiAnggreyani,Dairah Pita Loka,2026-09-01,keyword:campak
1733374661247582,https://www.facebook.com/photo?fbid=1733374661247582&set=gm.27553951464282310,,2026-08-25,"Anak saya imunisasi sampai usia 4 bulan Alhamdulillah 
 Allah masih panjang kan umur anak saya",DeppiAnggreyani,2026-09-01,keyword:campak
1733374661247582,https://www.facebook.com/photo?fbid=1733374661247582&set=gm.27553951464282310,,2026-08-25,DeppiAnggreyani Alhamdulillah anak aku lulus imunisasi sehat kak,Rika Amelia,2026-09-01,keyword:campak
1733374661247582,https://www.facebook.com/photo?fbid=1733374661247582&set=gm.27553951464282310,,2026-08-25,DeppiAnggreyani,Juma Aydha,2026-09-01,keyword:campak
1733374661247582,https://www.facebook.com/photo?fbid=1733374661247582&set=gm.27553951464282310,,2026-08-25,Makanya q punya anak ga ada yg q imunisasi ..imunisasi bukannya sehat malah skit malah mudah sakit kalo kata q mah yg ngrasaain,Rindu Kamau,2026-09-01,keyword:campak
1733374661247582,https://www.facebook.com/photo?fbid=1733374661247582&set=gm.27553951464282310,,2026-08-25,anak saya yg ke 2 cuman imunisasi umur 1 bulan aja yg anak ke 1 sampai umur 2bulan tapi alhamdulilah gaknpa2 semua menurut kata hati mawon,Shelvinaom,2026-09-01,keyword:campak
1733374661247582,https://www.facebook.com/photo?fbid=1733374661247582&set=gm.27553951464282310,,2026-08-25,Ngga usah ikutin apa kata bidan ..ikuti aja menrut kita ...,Rindu Kamau,2026-09-01,keyword:campak
1733374661247582,https://www.facebook.com/photo?fbid=1733374661247582&set=gm.27553951464282310,,2026-08-25,"Aku gk imunisasi anakku
ini yg ku takutkn",Cimtik Tikk,2026-09-01,keyword:campak
1733374661247582,https://www.facebook.com/photo?fbid=1733374661247582&set=gm.27553951464282310,,2026-08-25,Zaman dlu gk pkai2 gitu sampai skrg kmi sehat,Tri Jaya Tri,2026-09-01,keyword:campak
1733374661247582,https://www.facebook.com/photo?fbid=1733374661247582&set=gm.27553951464282310,,2026-08-25,Tri Jaya Tri betullll,Neng Rika,2026-09-01,keyword:campak
1733374661247582,https://www.facebook.com/photo?fbid=1733374661247582&set=gm.27553951464282310,,2026-08-25,"emang lu kira jaman sekarang ini sama seperti jaman dulu 
 hadeeh kolot banget dah pemikirannya",Fitriayu Z,2026-09-01,keyword:campak
1733374661247582,https://www.facebook.com/photo?fbid=1733374661247582&set=gm.27553951464282310,,2026-08-25,"Anakku Cuma Sampai DPT 2 gak brani Lanjutin Dpt 3
Liat Anak Tidak Tega Skli",Mirna Zaina,2026-09-01,keyword:campak
1733374661247582,https://www.facebook.com/photo?fbid=1733374661247582&set=gm.27553951464282310,,2026-08-26,Tri Jaya Tri betul itu masuk logika,Atin Rohatin,2026-09-01,keyword:campak
1733374661247582,https://www.facebook.com/photo?fbid=1733374661247582&set=gm.27553951464282310,,2026-08-25,Ini yang saya takuti...cukup dah gak bikin lagi..kasihan disuntik,Eka Sipitt,2026-09-01,keyword:campak
1733374661247582,https://www.facebook.com/photo?fbid=1733374661247582&set=gm.27553951464282310,,2026-08-25,"Alhamdulillah anak saya udah selesai per Dpt an nya,dengan persiapan untuk imunisasi seperti kopres dingin bekas suntikkannya,kasi Paracetamol setelah plg imunisasi jngn tunggu panas dlu,kesi cessa,tukar bju yg longgar ,dan jngn lupa kasi susu terus biar anak tidak dehidrasi ,itu sihhh , Alhamdulillah demam cuma sehari doang itu pun MLM nya udah tidur nyenyak ank nya,jadi kadang persiapan orang' tua untuk meimunisasi anak nya blm cukup,dan satu lgi jika anak badan nya panas jngn imunisasi dlu ,makannya pihak bidan atau dokter nanya badan nya panas atau tidak ,itu sih saran dari aku sebagai ibu yang udah lolos per Dptan ini",Bella Safitri,2026-09-01,keyword:campak
1733374661247582,https://www.facebook.com/photo?fbid=1733374661247582&set=gm.27553951464282310,,2026-08-25,Bella Safitri setuju banget,Melda Novita Sari,2026-09-01,keyword:campak
1733374661247582,https://www.facebook.com/photo?fbid=1733374661247582&set=gm.27553951464282310,,2026-08-25,"Maaf Bun saya mau tnya
 bentar lagi anak saya mau imunisasi dpt1 yg di paha itu nnti kompres nya pakai air hangat apa dingin Bun,ada yg bilang air hangat,jdi saya bingung",Masni Juan,2026-09-01,keyword:campak
1733374661247582,https://www.facebook.com/photo?fbid=1733374661247582&set=gm.27553951464282310,,2026-08-25,Biasa x ad dikasih dokter x,Meliani,2026-09-01,keyword:campak
1733374661247582,https://www.facebook.com/photo?fbid=1733374661247582&set=gm.27553951464282310,,2026-08-25,Ank ku 3 lulus semua vaksin x,Meliani,2026-09-01,keyword:campak
1733374661247582,https://www.facebook.com/photo?fbid=1733374661247582&set=gm.27553951464282310,,2026-08-25,Bella Safitri benar sekali bu,Lestari Tari,2026-09-01,keyword:campak
1733374661247582,https://www.facebook.com/photo?fbid=1733374661247582&set=gm.27553951464282310,,2026-08-25,Bella Safitri Alhamdulillah ank aku udh lulus per dpt an juga udh campak juga . Alhamdulillah lancar dn sehat,Soe Sel,2026-09-01,keyword:campak
1733374661247582,https://www.facebook.com/photo?fbid=1733374661247582&set=gm.27553951464282310,,2026-08-25,Bella Safitri ibu cerdas love,Nenda Widyani,2026-09-01,keyword:campak
1733374661247582,https://www.facebook.com/photo?fbid=1733374661247582&set=gm.27553951464282310,,2026-08-25,"Bella Safitri Alhamdulillah kak anakku juga gak pernah sampe demam tinggi, sebelum imunisasi aku persiapkan dulu semuanya, dan penggunaan termometer juga penting banget",Asnah Mega,2026-09-01,keyword:campak
1522257592598451,https://www.facebook.com/photo?fbid=1522257539265123&set=pcb.1522257592598451,,2026-08-25,Bagus keren sekali,Kang Ogay Tea,2026-09-01,keyword:campak
1522257592598451,https://www.facebook.com/photo?fbid=1522257539265123&set=pcb.1522257592598451,,2026-08-25,Bagusss,Mamah Via,2026-09-01,keyword:campak
1522257592598451,https://www.facebook.com/photo?fbid=1522257539265123&set=pcb.1522257592598451,,2026-08-28,Keren sekali,Rida Amelia,2026-09-01,keyword:campak
1522257592598451,https://www.facebook.com/photo?fbid=1522257539265123&set=pcb.1522257592598451,,2026-08-29,Indah sekali,Src Ani,2026-09-01,keyword:campak
1522257592598451,https://www.facebook.com/photo?fbid=1522257539265123&set=pcb.1522257592598451,,2026-08-25,Indahnya,Martini Tini,2026-09-01,keyword:campak
1522257592598451,https://www.facebook.com/photo?fbid=1522257539265123&set=pcb.1522257592598451,,2026-08-25,Indahnya,Adelindya Putri,2026-09-01,keyword:campak
1522257592598451,https://www.facebook.com/photo?fbid=1522257539265123&set=pcb.1522257592598451,,2026-08-31,Super bagus,Ruayah Bude,2026-09-01,keyword:campak
1522257592598451,https://www.facebook.com/photo?fbid=1522257539265123&set=pcb.1522257592598451,,2026-08-25,Air nya jernih suara nya gemericik seger,Tina Istiana Askar,2026-09-01,keyword:campak
1522257592598451,https://www.facebook.com/photo?fbid=1522257539265123&set=pcb.1522257592598451,,2026-08-25,Bagus indah sekali bunda,Lilis Hasanah,2026-09-01,keyword:campak
1522257592598451,https://www.facebook.com/photo?fbid=1522257539265123&set=pcb.1522257592598451,,2026-08-25,Selamat malam kak,Aminatun Binti Toat,2026-09-01,keyword:campak
1522257592598451,https://www.facebook.com/photo?fbid=1522257539265123&set=pcb.1522257592598451,,2026-03-10,"Seketika ingat postingan ini.. CAMPAK BIASA BUKAN LUAR BIASA Campak bahasa Jawanya Gabagen. Campak diakibatkan oleh Morbilivirus. Kakek & nenek kita semua mengalami & sembuh sendiri dalam 2 minggu, makanya disebut SELF LIMITING DISEASE. Awalnya anak demam, batuk 4 hari, kemudian muncul ruam (4-7 hari), saat muncul ruam merupakan tanda SISTEM KEKEBALAN TUBUH BEKERJA melawan virus. Yang diperlukan saat anak kena campak adalah : 1. Istirahat : agar energi efektif utk kerja sistem kekebalan 2. Makan cukup : untuk energi produksi makrofag 3. Minum : mencegah dehidrasi 4. Vitamin A C E & antioksidan : utk menjaga hati & produksi plasma albumin + sel-sel kekebalan Pengenalan campak cukup sekali saja & bisa lewat infeksi alami. Setelah sembuh tubuh manusia akan kenal SEUMUR HIDUP terhadap morbilivirus campak & jika kena lagi KAPANPUN selalu akan sembuh lebih cepat. Campak / Gabagen penyakit biasa & BUKAN KLB (Kejadian Luar Biasa). Semua rakyat yg faham & belajar BISA MENGATASI sejak zaman dahulu tanpa perlu takut & panik. Pakdhe Indro. 17 September 2025",Bull Parviz,2026-09-01,keyword:campak
1522257592598451,https://www.facebook.com/photo?fbid=1522257539265123&set=pcb.1522257592598451,,2026-04-28,"Propaganda : menggiring opini publik untuk mempercayai suatu skenario dengan memanfaatkan psikologi kognitif, komunikasi persuasif, dan media digital/massa secara terstruktur. Tujuannya adalah membuat publik merasa mencapai kesimpulan sendiri, padahal alur berpikirnya sudah didesain oleh propagandis. TTD Para Globalis Pemilik Saham Industri Vaksin.",Budi Budi,2026-09-01,keyword:campak
1522257592598451,https://www.facebook.com/photo?fbid=1522257539265123&set=pcb.1522257592598451,,2026-04-07,"Sering"" mandi untuk menstabilkan suhu tubuh",Bintaro Loft,2026-09-01,keyword:campak
1522257592598451,https://www.facebook.com/photo?fbid=1522257539265123&set=pcb.1522257592598451,,2026-03-24,Menjual ketakutan.. Menjual vaksin billet.. Orang-orang sudah pintar..,Dafi Darling,2026-09-01,keyword:campak
1522257592598451,https://www.facebook.com/photo?fbid=1522257539265123&set=pcb.1522257592598451,,2026-03-24,"UJUNG ZAMAN, DIMANA BANYAK MATA MANUSIA DIBUTAKAN.. Di Indonesia ini korban2 vaksin , imunisasi, Vit K , vaksin covid, itu Tidak Didata dan tidak boleh muncul ke permukaan . Bahkan seringkali intimidasi datang dari orang2 kesehatan dan bawa2 aparat. Contoh yg sempet viral kasus Trio. Lalu KOMDA KIPI, KOMNAS KIPI dan Dinkes kompak selalu bilang , ""KEBETULAN"". Kebetulan Tewas, kebetulan kejang, kebetulan Gagal ginjal , kebetulan jantung bocor dsb. Jadi VAKSIN ADALAH TUHAN MEREKA , Tidak Pernah Salah dan Tidak Boleh Disalahkan. Pada Sidang KIP tuntutan Keterbukaan Informasi Publik di jakarta pun , pihak Kemenkes Tidak mampu ngasih data2 ilmiah yg diminta Hakim. Selalu bersembunyi dibalik narasi2 efektif dan aman. Tanpa data ilmiah apapun. Bahkan Ketua Komnas KIPI yang ""katanya"" Profesor, bilang, STROKE akibat vaksin Covid itu adalah ""KEBETULAN"".. Hehehe... Super Ngawur. Kalo memang Sistem ini FAIR, maka BUDI GUNADI SADIKIN tidak akan KABUR , ketika banyak elemen masyarakat mau Diskusi yang FAIR. Menkes aja takut ketemu diskusi APALAGI dokter2, nakes Arogan yg di medsos seolah Tuhan yg nentukan Hidup dan Mati manusia oleh Vaksin. Na'udzubillahiimindzalik. Segera Tobat wahai mahluk Alloh..! Kami di Komunitas para orangtua yg bayi2 / anak / keluarga yg Meninggal , Lumpuh , Sakit Parah akibat Vaksin Imunisasi, vaksin Covid dsb sudah khatam perkara2 ini . Narasi2 tumpul para nakes ketika membela Vaksin , imunisasi, vaksin covid, dsb . Kami di YAYASAN Korban vaksin berbadan hukum , sudah biasa Bedah Jurnal2 ilmiah Bahaya Vaksin, sering juga langsung nyambangi korban2 vaksin imunisasi, korban vaksin covid dsb. Bahkan kami Riset bertahun-tahun Bagaimana cara mengeluarkan zat-zat Biadab itu dari tubuh manusia seiring dengan Banyaknya orang Tewas, Stroke, Kanker, Gagal ginjal, setelah disuntik Vaksin / imunisasi. Dan kami bikin SOP nya serta Menerapkannya bagi yang mau oleh terapis2 kami. Emak2 banyak yg belum punya rasa investigasi atas sebuah narasi. Apakah benar berita KLB itu? Kok kompak banget semua Media bikin narasi KLB dengan bahasa yg sama plek ketiplek. Persis seperti zaman Covid itu. Semua media Dibayar untuk Menyebar ketakutan. Dan akhirnya Vaksin Najis dan Haram dibilang Halal Suci dan bermanfaat. Hasilnya adalah masang Bom Waktu. Kematian demi kematian , Kelumpuhan2, Sakit Parah, Stroke, Kanker, Jantung, Autoimun, Gagal Ginjal manusia di usia anak, remaja, usia produktif, tiap hari makin tinggi, dan selalu kompak juga dibilang Akibat Vaksin adalah Hoak Hoek Hoak Hoek oleh Bani Muntah. Mereka menolak bahwa vaksin jadi penyebabnya. Buzzer2 dibayar dikerahkan dengan Bayaran Progresif untuk membunuh karakter para Pemberi Fakta2 ber jurnal ilmiah di banyak platform medsos. SEKTE VAKSIN makin eksis Menyembah TUHAN mereka. VAKSIN adalah Tuhan yang Tidak Pernah Salah dan Tidak Boleh Disalahkan. Termasuk sekarang, PLAN-DEMI CAMPAK yg Pola2 nya sama dengan Proyek Depopulasi NWO, Genosida rakyat Indonesia Semua Usia. Bahkan masyarakat yg Denial dikasih tau suruh BACA Dus Vaksinnya dan Label Botol Vaksin saja ENGGAK MAU.. Pura2 BUTA, pura2 Mata nya Blur Gak bisa Baca bahkan Gak Bisa meng-Eja Tulisan ""MENGANDUNG BABI"" dan ""HUMAN DIPLOID"" SEL yakni Mengandung Janin Bayi hasil ABORSI...! Akhir Zaman... Ujung Zaman... Membaca saja sulit.. Karena sedang dibutakan..",Basri,2026-09-01,keyword:campak
1522257592598451,https://www.facebook.com/photo?fbid=1522257539265123&set=pcb.1522257592598451,,2026-03-10,"Bagaimana jika wabah campak akibat KIPI vaksin MR yang mengandung thiomersal? Lalu label ""antivaksin"" sengaja digaungkan bagi orang yang memiliki hak & kesadaran mandiri memilih upaya kesehatannya dengan tidak vaksin sehingga pencapaian vaksin sedikit padahal harus habis supaya bisa impor lagi? Apa ada tanggung jawab nakes yang memaksa anak vaksin jika KIPI terjadi pada anak? atau ujungnya lepas tangan & dengan gampangnya bilang tidak ada KIPI yang berbahaya? Kenapa tidak sinergi dengan adanya program MBG untuk meningkatkan gizi anak supaya imun bagus siap hadapi penyakit lalu dapat kekebalan dari imunisasi alami ciptaan Tuhan (sembuh setelah terinfeksi)?",Florentinus Suryo Purnadi,2026-09-01,keyword:campak
1522257592598451,https://www.facebook.com/photo?fbid=1522257539265123&set=pcb.1522257592598451,,2026-03-10,"Fakta di desa, hampir 90% suami terinfeksi",Ananda Dukova,2026-09-01,keyword:campak
1522257592598451,https://www.facebook.com/photo?fbid=1522257539265123&set=pcb.1522257592598451,,2026-03-10,"Cepeten cyucyukssss,biar apa ,biar tambah sakit",Ziru Flora,2026-09-01,keyword:campak
1522257592598451,https://www.facebook.com/photo?fbid=1522257539265123&set=pcb.1522257592598451,,2026-03-10,"Campak memang bahaya anakku sampai ganti kulit sama kukunya tapi alhamdulillah, sekarang sehat tapi harus cepat kemedis sarang dah tak kena lagi karena susah di vaksin campak rubela . Klu blm kena bisa ngomong klu dah kena kasian anaknya",Hafis Ramadhan,2026-09-01,keyword:campak
1522257592598451,https://www.facebook.com/photo?fbid=1522257539265123&set=pcb.1522257592598451,,2026-03-10,Ujungnya VAKSIN,Jansen Sumampouw,2026-09-01,keyword:campak
122216517290567616,https://www.facebook.com/photo?fbid=122216517236567616&set=pcb.122216517290567616,,2026-05-26,หิด ผื่นของหิดจะคันมาก เกิดหลังติดเชื้อประมาณ 2 สัปดาห์โดยเฉพาะกลางคืน (คันเกิดจากปฏิกิริยาไวเกินของร่างกายต่อตัวหิดหรือสิ่งขับถ่ายของหิด) ผื่นมีลักษณะเป็นตุ่มน้ำใสหรือตุ่มแดงคัน ผื่นกระจายไปทั่วตัว บริเวณที่พบได้บ่อยคือ ง่ามมือ ง่ามเท้า ข้อพับแขน รักแร้ เต้านม อวัยวะเพศ รอบสะดือ และก้น ในเด็กอาจพบผื่นบริเวณหน้าและศีรษะ ผื่นหิดอีกชนิดหนึ่ง อาจพบเป็นตุ่มนูนเนื้อสีแดงอมน้ำตาล คัน มักพบตุ่มชนิดนี้บริเวณรักแร้ และอวัยวะเพศ มักไม่พบตัวหิดในผื่นชนิดนี้ และหลังการรักษาหิดหายแล้วผื่นนี้จะยังคงอยู่ได้ https://www.si.mahidol.ac.th/th/healthdetail.asp?aid=26,อายุรศาสตร์เลิดสิน,2026-09-01,keyword:โรคหัด
122216517290567616,https://www.facebook.com/photo?fbid=122216517236567616&set=pcb.122216517290567616,,2026-05-26,Scabiasis,Kpc Parich,2026-09-01,keyword:โรคหัด
122216517290567616,https://www.facebook.com/photo?fbid=122216517236567616&set=pcb.122216517290567616,,2026-05-26,scabies,Teeraporn Leangsukhontorn,2026-09-01,keyword:โรคหัด
122216517290567616,https://www.facebook.com/photo?fbid=122216517236567616&set=pcb.122216517290567616,,2026-05-26,ขอบคุณครับอาจารย์,นายแพทย์สมาธิ,2026-09-01,keyword:โรคหัด
1486650179932816,https://www.facebook.com/photo?fbid=1486650179932816&set=a.493552495909261,,2026-06-02,Dose ของ desloratadine ของเด็ก 4 ขวบ สามารถปรับเพิ่มได้ไหมคะ ถ้ากินระยะยาวคุมภูมิแพ้ พอดีที่ลูกได้มา เป็น 4 ml,Chidabha Nualsuwana,2026-09-01,keyword:โรคหัด
1486650179932816,https://www.facebook.com/photo?fbid=1486650179932816&set=a.493552495909261,,2026-06-02,Chidabha Nualsuwana ขึ้นอยู่กับว่าเป็นภูมิแพ้ชนิดไหนคะ ถ้าแพ้อากาศขนาดนี้ก็เหมาะสมคะ,Asthma Talks by Dr.Ann,2026-09-01,keyword:โรคหัด
1486650179932816,https://www.facebook.com/photo?fbid=1486650179932816&set=a.493552495909261,,,Asthma Talks by Dr.Ann ขอบคุณมากๆค่า,,2026-09-01,keyword:โรคหัด
1486650179932816,https://www.facebook.com/photo?fbid=1486650179932816&set=a.493552495909261,,2026-06-02,ขอบคุณมากครับอาจารย์ ละเอียดมากครับ,เจียมตน โขงชีมูล,2026-09-01,keyword:โรคหัด
1486650179932816,https://www.facebook.com/photo?fbid=1486650179932816&set=a.493552495909261,,2026-06-09,กรณีที่ลูกมีอาการหวัด มีน้ำมูก ควรใช้ยาแก้แพ้เพื่อจุดประสงค์ในการลดน้ำมูกตัวไหนคะ,Ann Naya,2026-09-01,keyword:โรคหัด
1486650179932816,https://www.facebook.com/photo?fbid=1486650179932816&set=a.493552495909261,,2026-06-09,Ann Naya เดี๋ยวตอบในโพสต์ถัดไปนะคะ,Asthma Talks by Dr.Ann,2026-09-01,keyword:โรคหัด
1486650179932816,https://www.facebook.com/photo?fbid=1486650179932816&set=a.493552495909261,,,Asthma Talks by Dr.Ann ขอบคุณค่ะ,,2026-09-01,keyword:โรคหัด
1486650179932816,https://www.facebook.com/photo?fbid=1486650179932816&set=a.493552495909261,,2026-06-02,Fexofenadine(60mg) กิน 2 เม็ด ครั้งเดียวได้มั้ยคะ,Nattaya Tum,2026-09-01,keyword:โรคหัด
1486650179932816,https://www.facebook.com/photo?fbid=1486650179932816&set=a.493552495909261,,2026-06-02,Newy Ka ทานเช้า เย็นดีกว่าคะ,Asthma Talks by Dr.Ann,2026-09-01,keyword:โรคหัด
1486650179932816,https://www.facebook.com/photo?fbid=1486650179932816&set=a.493552495909261,,2026-06-30,โรคหอบหืด สามารถหายได้โดยไม่ต้องพ่นยาลดการอักเสบไหมคับ,Ratchaphol Bom,2026-09-01,keyword:โรคหัด
1486650179932816,https://www.facebook.com/photo?fbid=1486650179932816&set=a.493552495909261,,2026-06-02,ขอบพระคุณอาจารย์มากครับ,Borworn Sittisarankul,2026-09-01,keyword:โรคหัด
1417016277124856,https://www.facebook.com/photo?fbid=1417016277124856&set=a.301430802016748,,2026-05-26,วัคซีนเท่าไหร่คะ,Kittaya Sabangban,2026-09-01,keyword:โรคหัด
1417016277124856,https://www.facebook.com/photo?fbid=1417016277124856&set=a.301430802016748,,2026-05-26,,นายสิทธิชัย เสาว์สิงห์,2026-09-01,keyword:โรคหัด
10216149627330824,https://www.facebook.com/photo?fbid=10216149608770360&set=pcb.10216149627330824,,2026-08-18,น้องเอิงเอย น้องไออุ่น หายจากไข้ เป็นปกติ ไวๆนะจ๊ะ ขอเป็นกำลังใจ ช่วยจ้า คุณพระคุ้มครองครับ สาธุ,Kamsan Laloon,2026-09-01,keyword:โรคหัด
10216149627330824,https://www.facebook.com/photo?fbid=10216149608770360&set=pcb.10216149627330824,,2026-08-18,Kamsan Laloon ขอบพระคุณครับคุณพ่อ,ศิริชัย เชื้อประทุม,2026-09-01,keyword:โรคหัด
10216149627330824,https://www.facebook.com/photo?fbid=10216149608770360&set=pcb.10216149627330824,,2026-08-18,หายไวๆนะคะ,Lalita Wanliko,2026-09-01,keyword:โรคหัด
10216149627330824,https://www.facebook.com/photo?fbid=10216149608770360&set=pcb.10216149627330824,,2026-08-18,Lalita Wanliko ขอบคุณค่ะอามีน,ศิริชัย เชื้อประทุม,2026-09-01,keyword:โรคหัด
10216149627330824,https://www.facebook.com/photo?fbid=10216149608770360&set=pcb.10216149627330824,,2026-08-18,หายไวๆเด้อ,สุพรรณี แสวงพันธ์,2026-09-01,keyword:โรคหัด
10216149627330824,https://www.facebook.com/photo?fbid=10216149608770360&set=pcb.10216149627330824,,2026-08-18,สุพรรณี แสวงพันธ์ ขอบคุณครับป้าตุ๊ก,ศิริชัย เชื้อประทุม,2026-09-01,keyword:โรคหัด
10216149627330824,https://www.facebook.com/photo?fbid=10216149608770360&set=pcb.10216149627330824,,2026-08-18,หายไวๆครับน้อง,วิทยา นครพันธ์,2026-09-01,keyword:โรคหัด
10216149627330824,https://www.facebook.com/photo?fbid=10216149608770360&set=pcb.10216149627330824,,2026-08-18,วิทยา นครพันธ์ ขอบคุณคุณพ่อ,ศิริชัย เชื้อประทุม,2026-09-01,keyword:โรคหัด
10216149627330824,https://www.facebook.com/photo?fbid=10216149608770360&set=pcb.10216149627330824,,2026-08-18,ขอให้หายป่วยไวๆๆครับ,บุญหลอด สิงห์คํา,2026-09-01,keyword:โรคหัด
10216149627330824,https://www.facebook.com/photo?fbid=10216149608770360&set=pcb.10216149627330824,,2026-08-18,บุญหลอด สิงห์คํา ขอบคุณค่ะคุณลุงหลอด,ศิริชัย เชื้อประทุม,2026-09-01,keyword:โรคหัด
10216149627330824,https://www.facebook.com/photo?fbid=10216149608770360&set=pcb.10216149627330824,,2026-08-18,หายเร็ว ๆ นะคะ,สุพรรณี เงาศรี,2026-09-01,keyword:โรคหัด
10216149627330824,https://www.facebook.com/photo?fbid=10216149608770360&set=pcb.10216149627330824,,2026-08-18,สุพรรณี เงาศรี ขอบคุณค่ะป้าแจ๋ม,ศิริชัย เชื้อประทุม,2026-09-01,keyword:โรคหัด
10216149627330824,https://www.facebook.com/photo?fbid=10216149608770360&set=pcb.10216149627330824,,2026-08-18,หายไวๆค่ะ,Jent Thidarat,2026-09-01,keyword:โรคหัด
10216149627330824,https://www.facebook.com/photo?fbid=10216149608770360&set=pcb.10216149627330824,,2026-08-18,Jent Thidarat ขอบคุณจร้าอาเจ้นท์,ศิริชัย เชื้อประทุม,2026-09-01,keyword:โรคหัด
10216149627330824,https://www.facebook.com/photo?fbid=10216149608770360&set=pcb.10216149627330824,,2026-08-18,หายไวไวน้องไออุ่น,T'King Chueathong,2026-09-01,keyword:โรคหัด
10216149627330824,https://www.facebook.com/photo?fbid=10216149608770360&set=pcb.10216149627330824,,2026-08-18,จำรัส เชื้อทอง ขอบคุณครับน้าคิง,ศิริชัย เชื้อประทุม,2026-09-01,keyword:โรคหัด
10216149627330824,https://www.facebook.com/photo?fbid=10216149608770360&set=pcb.10216149627330824,,2026-08-18,หายเร็วๆนะน้องไแแุ่น,นันทกาญจน์ สว่างวงษ์,2026-09-01,keyword:โรคหัด
10216149627330824,https://www.facebook.com/photo?fbid=10216149608770360&set=pcb.10216149627330824,,2026-08-18,นันทกาญจน์ สว่างวงษ์ ขอบคุณครับคุณครูแม่เอ๋ย,ศิริชัย เชื้อประทุม,2026-09-01,keyword:โรคหัด
10216149627330824,https://www.facebook.com/photo?fbid=10216149608770360&set=pcb.10216149627330824,,2026-08-18,หายไวไวนะคะ,Annie Thansita,2026-09-01,keyword:โรคหัด
10216149627330824,https://www.facebook.com/photo?fbid=10216149608770360&set=pcb.10216149627330824,,2026-08-18,Annie Thansita ขอบคุณค่ะอาแอนนี่,ศิริชัย เชื้อประทุม,2026-09-01,keyword:โรคหัด
10216149627330824,https://www.facebook.com/photo?fbid=10216149608770360&set=pcb.10216149627330824,,2026-08-18,ขอให้หายป่วยไวๆจ้า,Wilaiwan Inkaew,2026-09-01,keyword:โรคหัด
10216149627330824,https://www.facebook.com/photo?fbid=10216149608770360&set=pcb.10216149627330824,,2026-08-18,Wilaiwan Inkaew ขอบคุณครับอาบุ๋ม,ศิริชัย เชื้อประทุม,2026-09-01,keyword:โรคหัด
10216149627330824,https://www.facebook.com/photo?fbid=10216149608770360&set=pcb.10216149627330824,,2026-08-18,หายไวๆ นะ,RawiMinmin JujiChim,2026-09-01,keyword:โรคหัด
10216149627330824,https://www.facebook.com/photo?fbid=10216149608770360&set=pcb.10216149627330824,,2026-08-18,RawiMinmin JujiChim ขอบคุณครับป๋าจุ๊,ศิริชัย เชื้อประทุม,2026-09-01,keyword:โรคหัด
10216149627330824,https://www.facebook.com/photo?fbid=10216149608770360&set=pcb.10216149627330824,,2026-08-18,,วิทยา นครพันธ์,2026-09-01,keyword:โรคหัด
10216149627330824,https://www.facebook.com/photo?fbid=10216149608770360&set=pcb.10216149627330824,,2026-08-18,หายไวๆนะ คุ๊หลาน,Achiraya Wan Wan,2026-09-01,keyword:โรคหัด
10216149627330824,https://www.facebook.com/photo?fbid=10216149608770360&set=pcb.10216149627330824,,2026-08-18,Achiraya Wan Wan,ศิริชัย เชื้อประทุม,2026-09-01,keyword:โรคหัด
10216149627330824,https://www.facebook.com/photo?fbid=10216149608770360&set=pcb.10216149627330824,,2026-08-18,หายไวไวนะหลานน้อย,PhiphAt Wichairam,2026-09-01,keyword:โรคหัด
10216149627330824,https://www.facebook.com/photo?fbid=10216149608770360&set=pcb.10216149627330824,,2026-08-18,PhiphAt Wichairam ขอบพระคุณครับท่าน ผอ,ศิริชัย เชื้อประทุม,2026-09-01,keyword:โรคหัด
10216149627330824,https://www.facebook.com/photo?fbid=10216149608770360&set=pcb.10216149627330824,,2026-08-18,ขอให้น้องหายไวๆนะคะ,พิมประภาพร อันชำนาญ,2026-09-01,keyword:โรคหัด
1467809222024567,https://www.facebook.com/photo?fbid=1467808772024612&set=pcb.1467809222024567,,2026-04-14,"Izinkan saya bertanya. Saya pergi ke dokter di rumah sakit. Saya mengalami sakit gigi dan memberitahu bahwa saya alergi terhadap Pannicilin. Apakah apakah itu benar? Mereka tidak lagi menggunakan obat ini. Baiklah, saya alergi terhadap obat ini selama bertahun-tahun. Saya ingin bertanya kepada dokter apakah ada periode untuk kehilangan dan menghentikan alergi. Baiklah, aparat farmasi tidak ingin kita melewatkan obat-obatan lain yang lebih efektif daripada obat ini. Secara pribadi, saya alergi terhadap jenis obat ini, saya memiliki jerawat merah. Ia menempel di tubuh dan kaki saya.",ลม เปลี่ยนทิศ,2026-09-01,keyword:โรคหัด
1467809222024567,https://www.facebook.com/photo?fbid=1467808772024612&set=pcb.1467809222024567,,2026-04-14,เคยเป็นแบบนี้ค่ะ   แพ้ยา  บวม  ลอกเป็นดักแด้  สภาพนี้คือเริ่มต้นค่ะ,Bumb Parinporn,2026-09-01,keyword:โรคหัด
1467809222024567,https://www.facebook.com/photo?fbid=1467808772024612&set=pcb.1467809222024567,,2026-04-14,เคยเป็นแบบนี้แต่ไม่ใช่แพ้ยา เกิดจากเป็นลมพิษ,ณัฐพัชร์ ใจแล,2026-09-01,keyword:โรคหัด
1467809222024567,https://www.facebook.com/photo?fbid=1467808772024612&set=pcb.1467809222024567,,2026-04-14,,เกษม บุตรดี,2026-09-01,keyword:โรคหัด
1467809222024567,https://www.facebook.com/photo?fbid=1467808772024612&set=pcb.1467809222024567,,2026-04-07,ขอบพระคุณ​มากค่ะอ.,ณิชาพร ตุ๊กติ๊ก,2026-09-01,keyword:โรคหัด
1467809222024567,https://www.facebook.com/photo?fbid=1467808772024612&set=pcb.1467809222024567,,2026-04-14,Terima kasih atas pengetahuan yang baik.,วิภา แก้วสำโรง,2026-09-01,keyword:โรคหัด
1467809222024567,https://www.facebook.com/photo?fbid=1467808772024612&set=pcb.1467809222024567,,2026-04-14,เป็นแบบนี้เลยค่ะแพ้วัณซีนไวรัสตับอักเสบบีเข็ม2 เข็มสามเลยไม่รู้จะไปต่อหรือพอแค่นี้เลย,ชอบ กิน ไม้ขีดไฟ,2026-09-01,keyword:โรคหัด
pfbid0eDpZKeB8c1MTfP1t9z4vqjEM3iVA64MYreYmi3LMf2NDTNHmAx6nj3QhbvgDuyNWl,https://www.facebook.com/sthan.sngkheraah.satw.phimph.mathna.metta.satw/posts/pfbid0eDpZKeB8c1MTfP1t9z4vqjEM3iVA64MYreYmi3LMf2NDTNHmAx6nj3QhbvgDuyNWl,@sthan.sngkheraah.satw.phimph.mathna.metta.satw,2026-08-25,เสียใจด้วยค่ะเวลาน้องเป็นหัดแมวให้กิน amoxy 2 cc เช้า - เย็นน้องจะดีขึ้นค่ะบางครั้งถ้าไปหาหมอไม่ทันก็จะเสียชีวิตได้ภายใน 2 หรือ 3 วันแต่ถ้าให้น้องกินอะม็อกซี่จะช่วยภูมิต้านทานภายในร่างกายของแมวก็จะดีขึ้นกินข้าวได้ไม่เจ็บปากไม่มีน้ำมูกมีจำร้านขายยาทั่วไปขวดละ 40 กว่าบาทก็ใส่สลิงหรือใส่ช้อนเอาออกละลายมาทีละนิดๆเหลือเก็บใส่ตู้เย็นไว้ค่ะ,ทองมา ล่องอาวุธ,2026-09-01,keyword:โรคหัด
pfbid0eDpZKeB8c1MTfP1t9z4vqjEM3iVA64MYreYmi3LMf2NDTNHmAx6nj3QhbvgDuyNWl,https://www.facebook.com/sthan.sngkheraah.satw.phimph.mathna.metta.satw/posts/pfbid0eDpZKeB8c1MTfP1t9z4vqjEM3iVA64MYreYmi3LMf2NDTNHmAx6nj3QhbvgDuyNWl,@sthan.sngkheraah.satw.phimph.mathna.metta.satw,2026-08-25,เสียใจด้วยนะครับ ทำบุญกรวดน้ำใส่บาตรแผ่เมตตาเป็นประจำให้น้องด้วยนะครับเพื่อให้น้องไปสู่ภพภูมิที่ดีขึ้น และขอให้น้องได้ไปสู่สวรรค์นะครับ,Pangutha Aphichai,2026-09-01,keyword:โรคหัด
pfbid0eDpZKeB8c1MTfP1t9z4vqjEM3iVA64MYreYmi3LMf2NDTNHmAx6nj3QhbvgDuyNWl,https://www.facebook.com/sthan.sngkheraah.satw.phimph.mathna.metta.satw/posts/pfbid0eDpZKeB8c1MTfP1t9z4vqjEM3iVA64MYreYmi3LMf2NDTNHmAx6nj3QhbvgDuyNWl,@sthan.sngkheraah.satw.phimph.mathna.metta.satw,2026-08-26,ยาเขียวใหญ่ตราใบโพธิ์ค่ะ,จันทร์แรม ตุ่นพูน,2026-09-01,keyword:โรคหัด
pfbid0eDpZKeB8c1MTfP1t9z4vqjEM3iVA64MYreYmi3LMf2NDTNHmAx6nj3QhbvgDuyNWl,https://www.facebook.com/sthan.sngkheraah.satw.phimph.mathna.metta.satw/posts/pfbid0eDpZKeB8c1MTfP1t9z4vqjEM3iVA64MYreYmi3LMf2NDTNHmAx6nj3QhbvgDuyNWl,@sthan.sngkheraah.satw.phimph.mathna.metta.satw,2026-08-25,หัดแมวถ้าเป็นเริ่มต้นลองดูนะคะเผื่อจะช่วยชีวิตน้องได้เอาแบรนด์กล่องเขียวกับใบรางจืดใส่ยาเขียวตราใบโพธิ์นิดหน่อยกรอกน้องทุก 2 ชั่วโมงเป็นเวลา 4 วัน ถึง 7 วันน้องมีโอกาสรอดเพราะที่บ้านลองทำแล้วรอดนะคะลองดูอาจจะไม่ถูกกับแมวทุกตัวแต่เป็นทางรอดของชีวิตน้อยๆได้อาจจะถูกกับแมวบ้างเป็นบางตัวถ้ายังไงถูกหรือไม่ถูกอย่าว่ากันนะคะ,ณัฐยา ลําใย,2026-09-01,keyword:โรคหัด
pfbid0eDpZKeB8c1MTfP1t9z4vqjEM3iVA64MYreYmi3LMf2NDTNHmAx6nj3QhbvgDuyNWl,https://www.facebook.com/sthan.sngkheraah.satw.phimph.mathna.metta.satw/posts/pfbid0eDpZKeB8c1MTfP1t9z4vqjEM3iVA64MYreYmi3LMf2NDTNHmAx6nj3QhbvgDuyNWl,@sthan.sngkheraah.satw.phimph.mathna.metta.satw,2026-08-25,ยาแก้อักเสบดำแดงร้านเภสัชให้น้องกินวันละ 2 มื้อแกะแคปซูลแล้วก็เทใส่นิดเดียว 1 แคปซูลกินได้ตั้งหลายหน,โชติกา โพธิ์ทวี,2026-09-01,keyword:โรคหัด
pfbid0eDpZKeB8c1MTfP1t9z4vqjEM3iVA64MYreYmi3LMf2NDTNHmAx6nj3QhbvgDuyNWl,https://www.facebook.com/sthan.sngkheraah.satw.phimph.mathna.metta.satw/posts/pfbid0eDpZKeB8c1MTfP1t9z4vqjEM3iVA64MYreYmi3LMf2NDTNHmAx6nj3QhbvgDuyNWl,@sthan.sngkheraah.satw.phimph.mathna.metta.satw,2026-08-25,ยาตราใบโพ ตัวนี้ดีจริงลองแล้วค่ะ,Azman Manzaman,2026-09-01,keyword:โรคหัด
pfbid0eDpZKeB8c1MTfP1t9z4vqjEM3iVA64MYreYmi3LMf2NDTNHmAx6nj3QhbvgDuyNWl,https://www.facebook.com/sthan.sngkheraah.satw.phimph.mathna.metta.satw/posts/pfbid0eDpZKeB8c1MTfP1t9z4vqjEM3iVA64MYreYmi3LMf2NDTNHmAx6nj3QhbvgDuyNWl,@sthan.sngkheraah.satw.phimph.mathna.metta.satw,2026-08-25,น้องต้องกินยาเขียวใหญ่ตราใบโพํธ,ไพวัลย์ ไพวัลย์,2026-09-01,keyword:โรคหัด
pfbid0eDpZKeB8c1MTfP1t9z4vqjEM3iVA64MYreYmi3LMf2NDTNHmAx6nj3QhbvgDuyNWl,https://www.facebook.com/sthan.sngkheraah.satw.phimph.mathna.metta.satw/posts/pfbid0eDpZKeB8c1MTfP1t9z4vqjEM3iVA64MYreYmi3LMf2NDTNHmAx6nj3QhbvgDuyNWl,@sthan.sngkheraah.satw.phimph.mathna.metta.satw,2026-08-30,สงสารจ้งเลย R.lP,Ah Mint,2026-09-01,keyword:โรคหัด
pfbid0eDpZKeB8c1MTfP1t9z4vqjEM3iVA64MYreYmi3LMf2NDTNHmAx6nj3QhbvgDuyNWl,https://www.facebook.com/sthan.sngkheraah.satw.phimph.mathna.metta.satw/posts/pfbid0eDpZKeB8c1MTfP1t9z4vqjEM3iVA64MYreYmi3LMf2NDTNHmAx6nj3QhbvgDuyNWl,@sthan.sngkheraah.satw.phimph.mathna.metta.satw,2026-08-25,Kucing ganja.,เจ้ก้อย สายบุญ,2026-09-01,keyword:โรคหัด
pfbid0eDpZKeB8c1MTfP1t9z4vqjEM3iVA64MYreYmi3LMf2NDTNHmAx6nj3QhbvgDuyNWl,https://www.facebook.com/sthan.sngkheraah.satw.phimph.mathna.metta.satw/posts/pfbid0eDpZKeB8c1MTfP1t9z4vqjEM3iVA64MYreYmi3LMf2NDTNHmAx6nj3QhbvgDuyNWl,@sthan.sngkheraah.satw.phimph.mathna.metta.satw,2026-08-28,เมื่อถึงเวลาเราต้องกันหมดทุกคนแล้วเราต้องได้น้องๆๆขอให้ทักด้วยนะคะแค่นั้นก็ดีใจแล้ว,มลฤดี นาเมืองรักษ์,2026-09-01,keyword:โรคหัด
1988394811818472,https://www.facebook.com/100019439163376/videos/pcb.1988394811818472/1518414636967472,@100019439163376,2026-08-26,บ้านที่มีแมวเป็นโรคหัดหรือท้องเสียยานี้ช่วยได้ค่ะ,สุกัญญา ศุภภาดล,2026-09-01,keyword:โรคหัด
1988394811818472,https://www.facebook.com/100019439163376/videos/pcb.1988394811818472/1518414636967472,@100019439163376,2026-08-26,โรคหัดหมาแมวติดกันด้วยอากาศ รักษาทันคือรอด รักษาไม่ทันคือกลับดาว,Rain-ny Angkana,2026-09-01,keyword:โรคหัด
1988394811818472,https://www.facebook.com/100019439163376/videos/pcb.1988394811818472/1518414636967472,@100019439163376,2026-08-26,"Ayo pergi ke Cat Star, anak-anak.",แหม่ม เขาชุมดง,2026-09-01,keyword:โรคหัด
1988394811818472,https://www.facebook.com/100019439163376/videos/pcb.1988394811818472/1518414636967472,@100019439163376,2026-08-26,เหมือนโดนเบื่อเลยทำไงได้งั้น,ธนัทภัค เทพพิทักษ์,2026-09-01,keyword:โรคหัด
1988394811818472,https://www.facebook.com/100019439163376/videos/pcb.1988394811818472/1518414636967472,@100019439163376,2026-08-26,ไปอยู่ดาวแมวนะลูก,Thanatorn Keawkam,2026-09-01,keyword:โรคหัด
1988394811818472,https://www.facebook.com/100019439163376/videos/pcb.1988394811818472/1518414636967472,@100019439163376,2026-08-25,กลับสวรรค์น่ะเทวดา นางฟ้า แห่งโลก มนุษย์ ในซึ่งตา มองเห็น จิตใจสัมผัสได้,ต้น อภิชา,2026-09-01,keyword:โรคหัด
1988394811818472,https://www.facebook.com/100019439163376/videos/pcb.1988394811818472/1518414636967472,@100019439163376,2026-08-25,ລັບໃຫ້ສະບາຍໄປດີພົບພູມທີດີ,Nohsophaphone Sounsiri,2026-09-01,keyword:โรคหัด
1988394811818472,https://www.facebook.com/100019439163376/videos/pcb.1988394811818472/1518414636967472,@100019439163376,2026-08-26,ลูกเอ้ยยยไปเกิดเปนคนเด้อ หมดกรรมนะ,Ritthiya Deepet,2026-09-01,keyword:โรคหัด
1988394811818472,https://www.facebook.com/100019439163376/videos/pcb.1988394811818472/1518414636967472,@100019439163376,2026-08-27,ขอให้หนูไปสุ่ภพภุมิที่ดีนะลูก,Patchree Phromsri,2026-09-01,keyword:โรคหัด
1988394811818472,https://www.facebook.com/100019439163376/videos/pcb.1988394811818472/1518414636967472,@100019439163376,2026-08-25,Hidup,ต้อม ขจรศักดิ์สุเมธ,2026-09-01,keyword:โรคหัด
1988394811818472,https://www.facebook.com/100019439163376/videos/pcb.1988394811818472/1518414636967472,@100019439163376,2026-08-26,ตอนนี้แมวเราเป็นอยู่ขอวิธีรักษาหน่อยครับ,บัง รัช',2026-09-01,keyword:โรคหัด
1988394811818472,https://www.facebook.com/100019439163376/videos/pcb.1988394811818472/1518414636967472,@100019439163376,2026-08-26,,ระพิน ชื่อนี้มีแต่รวย,2026-09-01,keyword:โรคหัด
1988394811818472,https://www.facebook.com/100019439163376/videos/pcb.1988394811818472/1518414636967472,@100019439163376,2026-08-26,"Uhhhhh que paso sufrimiento porfavor Dios 
 gato",Liliana Villarroel Silva,2026-09-01,keyword:โรคหัด
1988394811818472,https://www.facebook.com/100019439163376/videos/pcb.1988394811818472/1518414636967472,@100019439163376,2026-08-25,ขอให้ไปวิ่งเล่นบนสวรรค์กันนะเด็กๆ,ศรีแพร ภาดา,2026-09-01,keyword:โรคหัด
1988394811818472,https://www.facebook.com/100019439163376/videos/pcb.1988394811818472/1518414636967472,@100019439163376,2026-08-25,,แสงจันทร์ หล้าเซี้ยว,2026-09-01,keyword:โรคหัด
1988394811818472,https://www.facebook.com/100019439163376/videos/pcb.1988394811818472/1518414636967472,@100019439163376,2026-08-25,,วาสนา จันทร์แจ่ม,2026-09-01,keyword:โรคหัด
1988394811818472,https://www.facebook.com/100019439163376/videos/pcb.1988394811818472/1518414636967472,@100019439163376,2026-08-27,เสียใจด้วยนะคะ.สู่ภพภูมิที่ดีนะเด็กๆ.,นานะ มิซากะ,2026-09-01,keyword:โรคหัด
1988394811818472,https://www.facebook.com/100019439163376/videos/pcb.1988394811818472/1518414636967472,@100019439163376,2026-08-25,แมวอยู่ในระบบปิดทุกตัว ถือศีล 5 แมวก็เหมือนกับเณร ชาติหน้าเด็กเกิดเป็นคน,สุรช่ย กิ่งเจริญ,2026-09-01,keyword:โรคหัด
1988394811818472,https://www.facebook.com/100019439163376/videos/pcb.1988394811818472/1518414636967472,@100019439163376,2026-08-26,ขายแม่ชั่งใจร้ายใช้ยาเบื่อแมวจังขอให้แม่เกิดเป็นอย่างนั้นชาติหน้า,Thon Gchai,2026-09-01,keyword:โรคหัด
1988394811818472,https://www.facebook.com/100019439163376/videos/pcb.1988394811818472/1518414636967472,@100019439163376,2026-08-26,สงสารลูกๆจังขอให้หนูหลับให้สบายนะเพราะที่ฉันเคยเจอเหตุการแบบนี้เหมือนกัน,นุ่น นุ่น,2026-09-01,keyword:โรคหัด
1988394811818472,https://www.facebook.com/100019439163376/videos/pcb.1988394811818472/1518414636967472,@100019439163376,2026-08-25,ไปสู่ภพภูมทีดีนะลูกๆหมดเวรหมดกรรมแล้วไปเกิดเป็นเทวดาแล้วนะ,หมอ อ้อ,2026-09-01,keyword:โรคหัด
1988394811818472,https://www.facebook.com/100019439163376/videos/pcb.1988394811818472/1518414636967472,@100019439163376,2026-08-26,น้องเป็นอะไรตายพร้อมกันหมดเลยคะ,อรรุ่งเรืง สังฆภัณฑ์,2026-09-01,keyword:โรคหัด
1988394811818472,https://www.facebook.com/100019439163376/videos/pcb.1988394811818472/1518414636967472,@100019439163376,2026-08-25,น้องผมเสีย ผมก่อไฟเผาน้อง กลางทุ่งนา จนเหลือแต่เถ้าถ่าน น้ำตาไหลตลอดการเผา ตาบวม ใจช้ำ แต่ต้องลุกขึ้นมาเพื่อ น้องที่ยังเหลืออยู่ครับ สู้ๆๆๆๆๆๆๆ เพื่อน้องๆๆๆครับ,ต้น อภิชา,2026-09-01,keyword:โรคหัด
1988394811818472,https://www.facebook.com/100019439163376/videos/pcb.1988394811818472/1518414636967472,@100019439163376,2026-08-25,ขอให้เดินทางสู่ภพภมูิที่ดีนะลูกเสียใจด้วยนะคะ,Buahong Thangthong,2026-09-01,keyword:โรคหัด
1988394811818472,https://www.facebook.com/100019439163376/videos/pcb.1988394811818472/1518414636967472,@100019439163376,2026-08-26,,แล้วงัย' คัยแคร์,2026-09-01,keyword:โรคหัด
1988394811818472,https://www.facebook.com/100019439163376/videos/pcb.1988394811818472/1518414636967472,@100019439163376,2026-08-25,เห็นแล้วน้ำตาไหลเลยค่ะ เราก็พึ่งเสียน้องไปเมื่อวานค่ะ กาฟิวส์,Sutthida Kha,2026-09-01,keyword:โรคหัด
1988394811818472,https://www.facebook.com/100019439163376/videos/pcb.1988394811818472/1518414636967472,@100019439163376,2026-08-25,ဘာဖြစ်တာလဲဗျာ,สาธิณาภาสุ ธนิยจรรยาภรณ์,2026-09-01,keyword:โรคหัด
1988394811818472,https://www.facebook.com/100019439163376/videos/pcb.1988394811818472/1518414636967472,@100019439163376,2026-08-25,สู่ภพชาติที่ดีนะลูกเอ๋ย,ทวีศักดิ์ สิริสุขะ,2026-09-01,keyword:โรคหัด
1988394811818472,https://www.facebook.com/100019439163376/videos/pcb.1988394811818472/1518414636967472,@100019439163376,2026-08-25,สู่ภพภูมิที่ดีนะลูก สิ้นสุดกันทีเดรัจฉานในชาตินี้,ศศิ สุหร่าย,2026-09-01,keyword:โรคหัด
1096788219545214,https://www.facebook.com/photo?fbid=1096788219545214&set=gm.28272871059044247,,2026-08-27,ซึมม่ทาน ค่ะ ต้องเทสเลือด,น้องนี นราธิวาส,2026-09-01,keyword:โรคหัด
1096788219545214,https://www.facebook.com/photo?fbid=1096788219545214&set=gm.28272871059044247,,2026-08-27,น้องนี เเมว ไปหาหมอต้องเข้าในตัวเมือง ไปลำบากมากค่ะ,Sopa Phukahad,2026-09-01,keyword:โรคหัด
1096788219545214,https://www.facebook.com/photo?fbid=1096788219545214&set=gm.28272871059044247,,2026-08-27,หัดจะซึม อ๊วก ขี่แตก นอนเฉยๆ อยู่ได้ไม่ยาวถ้าไม่รีบหาหมอ เอดส์ ภูมิต่ำ เหงือกอักเสบ อยู่ได้ยาว,Chanon Pongthaisong,2026-09-01,keyword:โรคหัด
1096788219545214,https://www.facebook.com/photo?fbid=1096788219545214&set=gm.28272871059044247,,2026-08-27,Chanon Pongthaisong ซื้อยารักษาเองได้ไหมคะ,Sopa Phukahad,2026-09-01,keyword:โรคหัด
1096788219545214,https://www.facebook.com/photo?fbid=1096788219545214&set=gm.28272871059044247,,2026-08-27,Sopa Phukahad หัดไม่น่ารอดจ้า น่าจะตุยสถานเดียว รักษาเอง,,2026-09-01,keyword:โรคหัด
1096788219545214,https://www.facebook.com/photo?fbid=1096788219545214&set=gm.28272871059044247,,2026-08-27,พาไปตรวจกับคุณหมอ จะชัวร์กว่าค่ะ,น้ำหวาน ช่างเล็บรีวิว,2026-09-01,keyword:โรคหัด
1096788219545214,https://www.facebook.com/photo?fbid=1096788219545214&set=gm.28272871059044247,,2026-08-27,ขวัญกมล พิมพงษ์ การเดินทางเข้าไปในเมืองลำบากมากค่ะอยู่บ้านนอกส่วนมาก หมอก็อยู่ในเมืองในอำเภอค่ะ,Sopa Phukahad,2026-09-01,keyword:โรคหัด
1096788219545214,https://www.facebook.com/photo?fbid=1096788219545214&set=gm.28272871059044247,,2026-08-27,ควรพาไปหาหมอ ไข้หวัดก็จามมีไข้รักษายาก เอดส์แมวก็ต้องตรวจเลือด,Pattinee Mana,2026-09-01,keyword:โรคหัด
1096788219545214,https://www.facebook.com/photo?fbid=1096788219545214&set=gm.28272871059044247,,2026-08-27,Pattinee Mana บ้านอยู่บ้านนอกไกลมากค่ะ จะเข้า อำเภอดีก็ลำบาก,Sopa Phukahad,2026-09-01,keyword:โรคหัด
1381703807323772,https://www.facebook.com/photo?fbid=1381703807323772&set=a.309744487853048,,2026-03-10,ขอบคุณค่ะ,Phatchareeporn Yaengkam,2026-09-01,keyword:โรคหัด
1381703807323772,https://www.facebook.com/photo?fbid=1381703807323772&set=a.309744487853048,,2026-03-10,ขอบคุณค่ะ,สุชีลา พูลเจริญ,2026-09-01,keyword:โรคหัด
122229527918487872,https://www.facebook.com/photo?fbid=122229527918487872&set=a.122102861294487872,,2026-07-07,,ประกันกับแม่แจง,2026-09-01,keyword:โรคหัด
122229527918487872,https://www.facebook.com/photo?fbid=122229527918487872&set=a.122102861294487872,,2026-07-07,แจงดูแลตั้งแต่วันที่ทำประกัน จนถึงวันเคลม คุณพ่อคุณแม่สบายใจได้เลยค่ะ,ประกันกับแม่แจง,2026-09-01,keyword:โรคหัด
122229527918487872,https://www.facebook.com/photo?fbid=122229527918487872&set=a.122102861294487872,,2026-07-07,แจงประสานขอส่วนลดให้ทุกเคส น้องแอดมิท ไข้หวัดใหญ่สายพันธุ์บี รพ. รามคำแหง 2 แจงประสานงานแจ้งขอส่วนลดให้เรียบร้อยค่ะ ซื้อประกันกับแจง เจ็บป่วยครั้งใด ทักหาแจงได้ตลอด ใกล้ไกลแจงดูแลได้ไม่ติดขัดค่ะ ดูแลตลอดอายุกรมธรรม์ ปรึกษาได้ตลอดเลยค่ะ,ประกันกับแม่แจง,2026-09-01,keyword:โรคหัด
122229527918487872,https://www.facebook.com/photo?fbid=122229527918487872&set=a.122102861294487872,,2026-07-07,"เคลม มือเท้าปาก รพ. พญาไทนวมินทร์ 2 วัน ค่ารักษา 28,140 บาท ประกันจ่ายให้เต็มจำนวนค่ะ",ประกันกับแม่แจง,2026-09-01,keyword:โรคหัด
122229527918487872,https://www.facebook.com/photo?fbid=122229527918487872&set=a.122102861294487872,,2026-07-07,"เคลม RSV รพ.เอกชล2 5 วัน ค่ารักษา 54,582 บาท",ประกันกับแม่แจง,2026-09-01,keyword:โรคหัด
122229527918487872,https://www.facebook.com/photo?fbid=122229527918487872&set=a.122102861294487872,,2026-07-07,"เคลม ไข้หวัดใหญ่ A รพ.วิภารามอมตะนคร 3 วัน ค่ารักษา 39,496 บาท",ประกันกับแม่แจง,2026-09-01,keyword:โรคหัด
122229527918487872,https://www.facebook.com/photo?fbid=122229527918487872&set=a.122102861294487872,,2026-07-07,"เคลม มือเท้าปาก 2 วัน รพ.สินแพทย์เทพารักษ์ ค่ารักษา 29,518 บาท",ประกันกับแม่แจง,2026-09-01,keyword:โรคหัด
122229527918487872,https://www.facebook.com/photo?fbid=122229527918487872&set=a.122102861294487872,,2026-07-07,สวัสดีค่ะ แจงเป็นตัวแทนสังกัด ฟิน อินชัวรันส์ โบรกเกอร์ ยินดีให้ข้อมูลและคำแนะนำแผนประกันค่ะ ดูแลหลังการขายเต็มที่ ตลอดอายุกรมธรรม์ ไม่ทอดทิ้ง และหนีหายแน่นอนค่ะ,ประกันกับแม่แจง,2026-09-01,keyword:โรคหัด
122229527918487872,https://www.facebook.com/photo?fbid=122229527918487872&set=a.122102861294487872,,2026-07-14,เจ็บป่วยทุกครั้ง ทักหาแจงได้เลยค่ะ แจงประสานขอส่วนลดค่าห้อง ค่ายา ให้เรียบร้อยแล้วค่ะ ดูแลลูกค้าทุกเคส ไม่ทอดทิ้ง ไม่หนีหายแน่นอนค่ะ,ประกันกับแม่แจง,2026-09-01,keyword:โรคหัด
122229527918487872,https://www.facebook.com/photo?fbid=122229527918487872&set=a.122102861294487872,,2026-07-14,"เคลม ไข้เลือดออก รพ.ทักษิณ 2 วัน ค่ารักษา 17,535 บาท",ประกันกับแม่แจง,2026-09-01,keyword:โรคหัด
122229527918487872,https://www.facebook.com/photo?fbid=122229527918487872&set=a.122102861294487872,,2026-07-28,RSV โรค 7-11 ระบาดหนักช่วง ก.ค-พ.ย. มาตรงเวลาทุกปี เจ็บป่วยทุกครั้ง ทักหาแจงได้เลยค่ะ แจ้งแอดมิท RSV รพ.กรุงเทพขอนแก่น อยู่ใกล้ไกลไม่มีติดขัด แจงประสานขอส่วนลดค่าห้อง ค่ายา ให้เรียบร้อยแล้วค่ะ ดูแลลูกค้าทุกเคส ไม่ทอดทิ้ง ไม่หนีหายแน่นอนค่ะ,ประกันกับแม่แจง,2026-09-01,keyword:โรคหัด
122229527918487872,https://www.facebook.com/photo?fbid=122229527918487872&set=a.122102861294487872,,2026-08-04,แจ้งประกาศปรับเงื่อนไขการผ่อนชำระ แบบประกันสุขภาพและประกันเด็ก รวมถึงแบบประกัน FIN FOR KIDS PLUS มีผลประกาศใช้ วันที่ 16 สิงหาคม 2569 เป็นต้นไป ลูกค้าที่ต้องการผ่อนชำระ 6 งวด รีบซื้อภายในวันที่ 15 สิงหาคม 2569 ภายในเวลา 18.00 น เท่านั้นนะคะ,ประกันกับแม่แจง,2026-09-01,keyword:โรคหัด
122229527918487872,https://www.facebook.com/photo?fbid=122229527918487872&set=a.122102861294487872,,2026-08-04,เวลาไปโรงพยาบาลเราต้องตรวจ lab ก่อนใช่ไหม ถึงจะ admit ได้ หากนอนไปแล้วแล้วตรวจlab ทีหลัง เราจะมีปัญหาไหม กังวลเรื่องเครมครับ,Eakarat PE,2026-09-01,keyword:โรคหัด
122229527918487872,https://www.facebook.com/photo?fbid=122229527918487872&set=a.122102861294487872,,2026-08-04,Eakarat PE ถ้า RSV กับไข้หวัดใหญ่ ประกันจะยึดผลแลปในการเคลมค่ะคุณพ่อ แนะนำให้ตรวจแลปให้เรียบร้อยก่อน ถ้าผล Positive แล้วคุณหมอวินิจฉัยว่าต้องแอดมิท เคลมได้ 100% ค่ะ,ประกันกับแม่แจง,2026-09-01,keyword:โรคหัด
122229527918487872,https://www.facebook.com/photo?fbid=122229527918487872&set=a.122102861294487872,,2026-07-21,สนใจครับ แบ่งชำระได้ไหม,Pongsatorn Bucha,2026-09-01,keyword:โรคหัด
122229527918487872,https://www.facebook.com/photo?fbid=122229527918487872&set=a.122102861294487872,,2026-07-21,Pongsatorn Bucha แบ่งชำระได้ค่ะคุณพ่อ แจงส่งรายละเอียดให้ทางแชทนะคะ,ประกันกับแม่แจง,2026-09-01,keyword:โรคหัด
122229527918487872,https://www.facebook.com/photo?fbid=122229527918487872&set=a.122102861294487872,,2026-08-11,สวัสดีค่ะ ขอข้อมูลเพิ่มเติมเกี่ยวกับแผนค่ะ OPD คือใช้ได้กับทุกโรคที่กล่าวมาใข่มั้ยคะ,Jitsuphak Engchuan,2026-09-01,keyword:โรคหัด
122229527918487872,https://www.facebook.com/photo?fbid=122229527918487872&set=a.122102861294487872,,2026-08-11,Jitsuphak Engchuan OPD ในแผนนี้จะคุ้มครองเฉพาะ 8 โรค เหมือน IPD เลยค่ะคุณแม่,ประกันกับแม่แจง,2026-09-01,keyword:โรคหัด
122229527918487872,https://www.facebook.com/photo?fbid=122229527918487872&set=a.122102861294487872,,2026-07-07,ขอรายละเอียดหน่อยจ้า,Wannaporn Tathongthae,2026-09-01,keyword:โรคหัด
122229527918487872,https://www.facebook.com/photo?fbid=122229527918487872&set=a.122102861294487872,,2026-07-07,Wannaporn Tathongthae แจงส่งรายละเอียดให้ทางแชทนะคะ,ประกันกับแม่แจง,2026-09-01,keyword:โรคหัด
122229527918487872,https://www.facebook.com/photo?fbid=122229527918487872&set=a.122102861294487872,,2026-08-18,ขอรายละเอียดหน่อยได้ไหมคะ,MsDear Tanyanuch,2026-09-01,keyword:โรคหัด
122229527918487872,https://www.facebook.com/photo?fbid=122229527918487872&set=a.122102861294487872,,2026-08-18,MsDear Tanyanuch ได้เลยค่ะ แจงส่งรายละเอียดให้ทางแชทนะคะ,ประกันกับแม่แจง,2026-09-01,keyword:โรคหัด
122229527918487872,https://www.facebook.com/photo?fbid=122229527918487872&set=a.122102861294487872,,2026-08-18,สนใจค่ะ,Somruedee Kaew,2026-09-01,keyword:โรคหัด
122229527918487872,https://www.facebook.com/photo?fbid=122229527918487872&set=a.122102861294487872,,2026-08-18,Somruedee Kaew ได้เลยค่ะ แจงส่งรายละเอียดแผนให้ทางแชทนะคะ,ประกันกับแม่แจง,2026-09-01,keyword:โรคหัด
122229527918487872,https://www.facebook.com/photo?fbid=122229527918487872&set=a.122102861294487872,,2026-07-21,ขอลายละเอียดค่ะ,Lakkana Ngamphon,2026-09-01,keyword:โรคหัด
122229527918487872,https://www.facebook.com/photo?fbid=122229527918487872&set=a.122102861294487872,,2026-07-21,Lakkana Ngamphon แจงส่งรายละเอียดให้เรียบร้อยแล้วนะคะคุณแม่,ประกันกับแม่แจง,2026-09-01,keyword:โรคหัด
122229527918487872,https://www.facebook.com/photo?fbid=122229527918487872&set=a.122102861294487872,,2026-07-14,มีประกันอุบัติเหตุอย่างเดียวไหมค่ะ ถ้ามียังไงรบกวนส่งรายละเอียดทางแชทหน่อยค่ะ,Aum Sarocha,2026-09-01,keyword:โรคหัด
2228981604613246,https://www.facebook.com/photo?fbid=2228981604613246&set=gm.1661120035190371,,2026-07-07,co,Nguyễn Hằng,2026-09-01,keyword:bệnh sởi
2228981604613246,https://www.facebook.com/photo?fbid=2228981604613246&set=gm.1661120035190371,,2026-07-07,c dung,Nguyễn Hằng,2026-09-01,keyword:bệnh sởi
2228981604613246,https://www.facebook.com/photo?fbid=2228981604613246&set=gm.1661120035190371,,2026-07-07,Chi phí bn b,Distance Love,2026-09-01,keyword:bệnh sởi
2228981604613246,https://www.facebook.com/photo?fbid=2228981604613246&set=gm.1661120035190371,,2026-07-07,Tán ống mềm 20-30tr ạ.nếu mổ nội soi lấy viên niệu quản thì 5-6tr.mình kinh tế hạn hẹp chưa biết thế nào,LavenderShark5214,2026-09-01,keyword:bệnh sởi
2228981604613246,https://www.facebook.com/photo?fbid=2228981604613246&set=gm.1661120035190371,,2026-07-07,"LavenderShark5214 đợt trước mình đái ra viên sỏi. Mình uống nước dứa, dừa , rễ cỏ tranh, uống bia liên tục nó bào mòn ra dc",,2026-09-01,keyword:bệnh sởi
2228981604613246,https://www.facebook.com/photo?fbid=2228981604613246&set=gm.1661120035190371,,2026-07-07,LavenderShark5214 nhưng viên của mình có 4mm thôi nhưng mà nó bào mòn ra dc,,2026-09-01,keyword:bệnh sởi
2228981604613246,https://www.facebook.com/photo?fbid=2228981604613246&set=gm.1661120035190371,,2026-07-07,LavenderShark5214 Nên mô sớm càng. tốt b ạ. Để lâu sẽ hỏng thân đó,,2026-09-01,keyword:bệnh sởi
2228981604613246,https://www.facebook.com/photo?fbid=2228981604613246&set=gm.1661120035190371,,2026-07-07,"Để độ 3, ko làm hỏng thân,",Dung Lee Dung Lee,2026-09-01,keyword:bệnh sởi
2228981604613246,https://www.facebook.com/photo?fbid=2228981604613246&set=gm.1661120035190371,,2026-07-07,"Tán sỏi niệu quản ngược dòng bạn có bảo hiểm thì chỉ mất hơn 2 củ thôi,,,chi phí đâu cao không bảo hiểm hết chưa đến 10 củ",Chú Luận,2026-09-01,keyword:bệnh sởi
2228981604613246,https://www.facebook.com/photo?fbid=2228981604613246&set=gm.1661120035190371,,2026-07-07,Chú Luận 20 triệu bạn,Quyết Tay Ga,2026-09-01,keyword:bệnh sởi
2228981604613246,https://www.facebook.com/photo?fbid=2228981604613246&set=gm.1661120035190371,,2026-07-07,Quyết Tay Ga BV nào bạn cứ vào da khoa tỉnh mà tán miễn là bv công,,2026-09-01,keyword:bệnh sởi
2228981604613246,https://www.facebook.com/photo?fbid=2228981604613246&set=gm.1661120035190371,,2026-07-07,Chú Luận hà nội,,2026-09-01,keyword:bệnh sởi
2228981604613246,https://www.facebook.com/photo?fbid=2228981604613246&set=gm.1661120035190371,,2026-07-07,Quyết Tay Ga cứ đúng tuyến mà làm,,2026-09-01,keyword:bệnh sởi
2228981604613246,https://www.facebook.com/photo?fbid=2228981604613246&set=gm.1661120035190371,,2026-07-07,Bệnh viện bảo 20-30tr ạ,LavenderShark5214,2026-09-01,keyword:bệnh sởi
2228981604613246,https://www.facebook.com/photo?fbid=2228981604613246&set=gm.1661120035190371,,2026-07-07,"LavenderShark5214 tán sỏi niệu quản mà đây 3 lần tán sỏi niệu quản rồi chưa bao giờ hết 10 củ,,, không bảo hiểm đó",,2026-09-01,keyword:bệnh sởi
2228981604613246,https://www.facebook.com/photo?fbid=2228981604613246&set=gm.1661120035190371,,2026-07-07,Chú Luận tán sỏi ở đâu giá như thế bạn ơi,Loan Pham,2026-09-01,keyword:bệnh sởi
2228981604613246,https://www.facebook.com/photo?fbid=2228981604613246&set=gm.1661120035190371,,2026-07-07,Loan Pham tán ở Quảng Nam chỉ vậy,,2026-09-01,keyword:bệnh sởi
2228981604613246,https://www.facebook.com/photo?fbid=2228981604613246&set=gm.1661120035190371,,2026-07-07,Bệnh viện bưu điện tâm 30tr bs tùng,Dung Lee Dung Lee,2026-09-01,keyword:bệnh sởi
2228981604613246,https://www.facebook.com/photo?fbid=2228981604613246&set=gm.1661120035190371,,2026-07-07,Nếu tán ngược dòng ở Lào cai thì mất tầm 3-4tr cả tiền bồi dưỡng ca tán,Quang Dũng,2026-09-01,keyword:bệnh sởi
2228981604613246,https://www.facebook.com/photo?fbid=2228981604613246&set=gm.1661120035190371,,2026-07-07,"Bn thử lấy quả dứa 
 cắt đầu khoét lỗ cho mấy cục đường phèn vào rồi cho lên bếp than nướng tầm 15-20 p lấy ra gọt vỏ cho vào máy say uống cả như sinh tố thử xem . Hôm nọ có 1 bn chia sẻ mình dùng thử thấy cũng đỡ ( nhớ làm vào buổi chiều tối , ăn cơm song nhé )",Quang Dũng,2026-09-01,keyword:bệnh sởi
2228981604613246,https://www.facebook.com/photo?fbid=2228981604613246&set=gm.1661120035190371,,2026-07-07,E uống thuốc kèm ăn dứa mà ra dk viên này luôn ạ,Linh Vũ,2026-09-01,keyword:bệnh sởi
2228981604613246,https://www.facebook.com/photo?fbid=2228981604613246&set=gm.1661120035190371,,2026-07-07,,Linh Vũ,2026-09-01,keyword:bệnh sởi
2228981604613246,https://www.facebook.com/photo?fbid=2228981604613246&set=gm.1661120035190371,,2026-07-07,Uống thuốc gì thế b? Nhờ tư vấn giúp,,2026-09-01,keyword:bệnh sởi
2228981604613246,https://www.facebook.com/photo?fbid=2228981604613246&set=gm.1661120035190371,,2026-07-07,KindTurtle8414 ib mình gửi tên thuốc cho,,2026-09-01,keyword:bệnh sởi
2228981604613246,https://www.facebook.com/photo?fbid=2228981604613246&set=gm.1661120035190371,,2026-07-07,"Không công khai được à b? mình muốn mọi người chia sẻ để cùng phòng chữa bệnh, Nếu không công khai được thì thôi b à,",,2026-09-01,keyword:bệnh sởi
2228981604613246,https://www.facebook.com/photo?fbid=2228981604613246&set=gm.1661120035190371,,2026-07-07,Linh Vũ thuốc gì vậy bạn,Thien Dinh,2026-09-01,keyword:bệnh sởi
2228981604613246,https://www.facebook.com/photo?fbid=2228981604613246&set=gm.1661120035190371,,2026-07-07,Tan ngược dòng nhẹ nhàng nhất rồi ý b. Chi phí hỏi cáo chút nhưng mau lành b à,Hoàng Ngọc Anh Thơ,2026-09-01,keyword:bệnh sởi
2228981604613246,https://www.facebook.com/photo?fbid=2228981604613246&set=gm.1661120035190371,,2026-07-07,"m uông thuôc nam ra được sỏi rồi ban ạ,",đỗ thanh nhàn,2026-09-01,keyword:bệnh sởi
2228981604613246,https://www.facebook.com/photo?fbid=2228981604613246&set=gm.1661120035190371,,2026-07-07,"m dtri ơ phong kham đông y co Triệu Thị Dung ơ ba vi hn ,đợt uông loai này khỏi",đỗ thanh nhàn,2026-09-01,keyword:bệnh sởi
2228981604613246,https://www.facebook.com/photo?fbid=2228981604613246&set=gm.1661120035190371,,2026-07-07,đỗ thanh nhàn có nha bạn mua dứa rừng với bông mã đề đun sôi để uống hợp thì ra,Chú Luận,2026-09-01,keyword:bệnh sởi
1552916025820678,https://www.facebook.com/photo?fbid=1552916025820678&set=gm.27324088033953980,,2026-08-04,E cũng đang bị mệt mỏi khắp người mất ngủ đây bác. Bác đi khám chưa,Peserta anonim 947,2026-09-01,keyword:bệnh sởi
1552916025820678,https://www.facebook.com/photo?fbid=1552916025820678&set=gm.27324088033953980,,2026-08-04,"Người tham gia ẩn danh 947 e thì ăn ngủ bình thường , chỉ là thấy hơi đau ở lưng thôi. Nên lên đây hỏi xem có ai giống như thế ko.",Peserta anonim,2026-09-01,keyword:bệnh sởi
1552916025820678,https://www.facebook.com/photo?fbid=1552916025820678&set=gm.27324088033953980,,2026-08-11,Người tham gia ẩn danh đi kiểm tra chức năng thận đi nếu chỉ là có sỏi thì đơn giản,,2026-09-01,keyword:bệnh sởi
1552916025820678,https://www.facebook.com/photo?fbid=1552916025820678&set=gm.27324088033953980,,2026-08-11,Người tham gia ẩn danh ông có bị tiểu khó với ít nước tiểu không,3 minggu,2026-09-01,keyword:bệnh sởi
1552916025820678,https://www.facebook.com/photo?fbid=1552916025820678&set=gm.27324088033953980,,2026-08-04,Người tham gia ẩn danh 947 bác gần phòng khám chạy ra xét nghiệm rẻ k mà mỗi đau lưng thì chắc ksao,Peserta anonim 947,2026-09-01,keyword:bệnh sởi
1552916025820678,https://www.facebook.com/photo?fbid=1552916025820678&set=gm.27324088033953980,,2026-08-04,Xét nghiệm đi.,Lê Tâm,2026-09-01,keyword:bệnh sởi
1552916025820678,https://www.facebook.com/photo?fbid=1552916025820678&set=gm.27324088033953980,,2026-08-04,Cặn hay kiểu gì nhỉ,Quỳnh Hoàng,2026-09-01,keyword:bệnh sởi
1552916025820678,https://www.facebook.com/photo?fbid=1552916025820678&set=gm.27324088033953980,,2026-08-04,"xét nghiệm đi b, k thì thử nhắn hỏi NhaThuoc Lộc Thiên pk này xem",Lam Lam,2026-09-01,keyword:bệnh sởi
1552916025820678,https://www.facebook.com/photo?fbid=1552916025820678&set=gm.27324088033953980,,2026-08-04,Lam Lam bạn sỏi mấy vậy,Diệu Minh,2026-09-01,keyword:bệnh sởi
1552916025820678,https://www.facebook.com/photo?fbid=1552916025820678&set=gm.27324088033953980,,2026-08-04,Đợt sỏi cũng mười mấy mm rồi b,Lam Lam,2026-09-01,keyword:bệnh sởi
1552916025820678,https://www.facebook.com/photo?fbid=1552916025820678&set=gm.27324088033953980,,2026-08-04,bạn chữa bao lâu thì hết sỏi,Diệu Minh,2026-09-01,keyword:bệnh sởi
1552916025820678,https://www.facebook.com/photo?fbid=1552916025820678&set=gm.27324088033953980,,2026-08-04,"pk kê t 3 tháng bạn, tầm gần tháng thì giảm đau lưng, giảm tiểu nhiều rồi nha",Lam Lam,2026-09-01,keyword:bệnh sởi
1552916025820678,https://www.facebook.com/photo?fbid=1552916025820678&set=gm.27324088033953980,,2026-08-04,Bị thận rồi bạn đi khám nhé.,Lưu Kha,2026-09-01,keyword:bệnh sởi
1552916025820678,https://www.facebook.com/photo?fbid=1552916025820678&set=gm.27324088033953980,,2026-08-04,Lưu Kha liệu có bị suy thận ko chị,Peserta anonim,2026-09-01,keyword:bệnh sởi
1552916025820678,https://www.facebook.com/photo?fbid=1552916025820678&set=gm.27324088033953980,,2026-08-04,"Người tham gia ẩn danh chưa bị suy đâu em,",,2026-09-01,keyword:bệnh sởi
1552916025820678,https://www.facebook.com/photo?fbid=1552916025820678&set=gm.27324088033953980,,2026-08-04,"Nước tiểu để qua đêm nó cũng lắng đọng lại những chất thải mà thận cần đào thải da ngoài,nên cũng không thể suy đoán là bệnh đc Chứ cứ đoán này đoán kia thì cũng mệt Nên đi khám cho an tâm bác ạ",Trần Đãng,2026-09-01,keyword:bệnh sởi
1552916025820678,https://www.facebook.com/photo?fbid=1552916025820678&set=gm.27324088033953980,,2026-08-04,Ông đái ra cát vàng roi,Dong van Mai,2026-09-01,keyword:bệnh sởi
1552916025820678,https://www.facebook.com/photo?fbid=1552916025820678&set=gm.27324088033953980,,2026-08-04,Dong van Mai là bị sao ạ,Peserta anonim,2026-09-01,keyword:bệnh sởi
1552916025820678,https://www.facebook.com/photo?fbid=1552916025820678&set=gm.27324088033953980,,2026-08-04,"Cặn nhiều dễ sỏi, bọt k tan máu nhiều nhớt, đau mỏi lưng nữa thì có khi chức năng suy giảm. Chịu khó dưỡng thận thôi",Tran Phuonganh,2026-09-01,keyword:bệnh sởi
1552916025820678,https://www.facebook.com/photo?fbid=1552916025820678&set=gm.27324088033953980,,2026-08-04,Bị thận rồi,Lê Văn Triều,2026-09-01,keyword:bệnh sởi
1552916025820678,https://www.facebook.com/photo?fbid=1552916025820678&set=gm.27324088033953980,,2026-08-04,Lê Văn Triều thế có chữa đc ko bác .,Peserta anonim,2026-09-01,keyword:bệnh sởi
1552916025820678,https://www.facebook.com/photo?fbid=1552916025820678&set=gm.27324088033953980,,2026-08-04,Người tham gia ẩn danh Có thuốc nam chữa được nhưng mất thời gian,,2026-09-01,keyword:bệnh sởi
1552916025820678,https://www.facebook.com/photo?fbid=1552916025820678&set=gm.27324088033953980,,2026-08-11,Lê Văn Triều vừa rồi dùng thuốc nam sỏi không ra tí nữa bị suy thận,,2026-09-01,keyword:bệnh sởi
1552916025820678,https://www.facebook.com/photo?fbid=1552916025820678&set=gm.27324088033953980,,2026-08-11,Uống thuốc nam phải bài nó mới được.phải đúng bệnh mới hiệu quả chứ,Lê Văn Triều,2026-09-01,keyword:bệnh sởi
1552916025820678,https://www.facebook.com/photo?fbid=1552916025820678&set=gm.27324088033953980,,2026-08-11,Tôi lấy thuốc nam uống khỏi ngay cần gọi điện thoại của tôi 0984385085,Hung Bac Thach Hung,2026-09-01,keyword:bệnh sởi
1552916025820678,https://www.facebook.com/photo?fbid=1552916025820678&set=gm.27324088033953980,,2026-08-11,Hung Bac Thach Hung khỏi cái thằng bố mày biết người ta bị gì ko mà cho ng ta uống thuốc linh tinh,Tổng Tài,2026-09-01,keyword:bệnh sởi
1552916025820678,https://www.facebook.com/photo?fbid=1552916025820678&set=gm.27324088033953980,,2026-08-11,Đi khám tại khoa tiết niệu bệnh viện,HopefulYuzu5663,2026-09-01,keyword:bệnh sởi
1660237651684166,https://www.facebook.com/photo?fbid=1660237651684166&set=gm.26677264955302961,,2026-06-09,Kq xét nghiệm máu đâu bạn,AttractivePomelo6286,2026-09-01,keyword:bệnh sởi
1660237651684166,https://www.facebook.com/photo?fbid=1660237651684166&set=gm.26677264955302961,,2026-06-09,"tiểu buốt dắt, tiểu máu,..Bạn vào trang web nhà thuốc dùng bài thuốc: NIỆU KHUẨN THANG: Do bệnh mạn tính kháng thuốc nên phải cố sáp(chữa trị triệu chứng) và bắt buộc phải sáp trường để chữa nguyên nhân gây bệnh . Viêm nhiễm đường tiết niệu do nhiễm khuẩn (đồng thời ngăn chặn tránh vi khuẩn bội nhiễm viêm bàng quang, dày thành bàng quang, bàng quang kích thích, viêm sinh dục gồm viêm tinh hoàn- viêm mào tinh,…, thận, ngăn chặn nguy cơ biến chứng nặng.........) Thành phần bài thuốc gồm: Cối xay, cỏ xước, mơ ước, lá đồng tiền, củ tóc tiên, rau trai đực, bông dú dẻ,.....phối ngũ thành đối pháp lập phương luận trị theo thể bệnh(phối theo cơ địa huyết áp và bệnh nền). Do bệnh mạn tính nên theo kinh nghiệm lâm sàng ngoài kháng sinh, kháng viêm. Thì bắt buộc phải sáp trường cố thận thì mới chữa nguyên nhân gây -vì đường sinh dục là phủ của Thận. Tạng- phủ có liên hệ biểu lý mật thiết với nhau, tây y bỏ qua cơ chế này nên không chữa được tận gốc.. Thành phần bài thuốc thì Bạn xem tại trang web nhà thuốc hoặc tìm trên google, lazada,... Nhật ký chữa khỏi bệnh thì Bạn tham khảo tại trang web nhà thuốc Bác Thư: #NIEUKHUANTHANG",Nguyễn Thư,2026-09-01,keyword:bệnh sởi
1660237651684166,https://www.facebook.com/photo?fbid=1660237651684166&set=gm.26677264955302961,,2026-06-09,"Mua thuốc kháng sinh uống đi bạn, nếu cần thì nhập viện điều trị. Uống nhiều nước nhé",Mít Mít,2026-09-01,keyword:bệnh sởi
1660237651684166,https://www.facebook.com/photo?fbid=1660237651684166&set=gm.26677264955302961,,2026-06-09,"Viêm đường tiết niệu chị từng bị mà uống theo đơn riêng nhà NhaThuoc Triệu Dung 
 này mà hết dứt , tiểu êm k buốt gì nữa này em",Đường Thảo,2026-09-01,keyword:bệnh sởi
1660237651684166,https://www.facebook.com/photo?fbid=1660237651684166&set=gm.26677264955302961,,2026-06-09,"Viêm tiết niệu ko chữa dễ dấn đến viêm thận, rất nguy hiểm",Thương Thương,2026-09-01,keyword:bệnh sởi
1660237651684166,https://www.facebook.com/photo?fbid=1660237651684166&set=gm.26677264955302961,,2026-06-09,Mình có thuốc nam uống hiệu quả nha,Mai Nguyễn,2026-09-01,keyword:bệnh sởi
1660237651684166,https://www.facebook.com/photo?fbid=1660237651684166&set=gm.26677264955302961,,2026-06-09,Chuyển hướng về thuốc nam đi tôi chữa cho.,Lưu Thị Tho,2026-09-01,keyword:bệnh sởi
1660237651684166,https://www.facebook.com/photo?fbid=1660237651684166&set=gm.26677264955302961,,2026-06-09,Bn uống dâu Ngô mã đề với cây nhọ nồi uống thay nước lọc uống kiên trì là khỏi cô mình bị mãn tính tiểu ra máu uống vậy khỏi hẳn đó ạ nhưng phải uống lâu lâu,Peserta anonim 550,2026-09-01,keyword:bệnh sởi
1660237651684166,https://www.facebook.com/photo?fbid=1660237651684166&set=gm.26677264955302961,,2026-06-09,Có chị em ơi viêm nặng cỡ nào cũng khỏi clhsdt0368488928,Sỏi Mật -  Sỏi Thận Thanh Huyền,2026-09-01,keyword:bệnh sởi
1660237651684166,https://www.facebook.com/photo?fbid=1660237651684166&set=gm.26677264955302961,,2026-06-09,"Trong nước tiểu có đạm kìa b ơi, bác sĩ có nhắc tới thận b bị gì ko",Peserta anonim 252,2026-09-01,keyword:bệnh sởi
1650945302770065,https://www.facebook.com/photo?fbid=1650945302770065&set=gm.4158912051038797,,2026-03-31,Ui em bị ở miệng r ở háng nữa Huhu chán,Thanh Lee,2026-09-01,keyword:bệnh sởi
1650945302770065,https://www.facebook.com/photo?fbid=1650945302770065&set=gm.4158912051038797,,2026-03-31,Thanh Lee e lau người xong cuối cùng là cái nc lá cây đó e rửa bên vùng kín và cái kết nó cũng mọc ở đó luôn h vừa xót vừa xưng khổ hết đường khổ,Phạm T.Hồng Hạnh,2026-09-01,keyword:bệnh sởi
1650945302770065,https://www.facebook.com/photo?fbid=1650945302770065&set=gm.4158912051038797,,2026-03-31,Phạm T.Hồng Hạnh hic bé m bị nhẹ mà m bị nặng gấp mấy ln luôn,,2026-09-01,keyword:bệnh sởi
1650945302770065,https://www.facebook.com/photo?fbid=1650945302770065&set=gm.4158912051038797,,2026-03-31,Thanh Lee e còn đang bầu nữa nè khổ hơn ở cữ nữa ạ nóng k chịu nổi xong ngứa điên khắp lưng,,2026-09-01,keyword:bệnh sởi
1650945302770065,https://www.facebook.com/photo?fbid=1650945302770065&set=gm.4158912051038797,,2026-03-31,Muốn đỡ ngứa ngay lập tức thì chỉ lấy lá canh trâu về đun tắm là hết ngứa ngay lập tức thôi,Tôn Tộc,2026-09-01,keyword:bệnh sởi
1650945302770065,https://www.facebook.com/photo?fbid=1650945302770065&set=gm.4158912051038797,,2026-03-31,"Cỏ Năm Lá e k biết lá ấy, tắm lá lốt nhưng cũng lâu khỏi.5 ngày mà chưa xẹp gì mấy ạ",Peserta anonim,2026-09-01,keyword:bệnh sởi
1650945302770065,https://www.facebook.com/photo?fbid=1650945302770065&set=gm.4158912051038797,,2026-03-31,Người tham gia ẩn danh lá lốt ko khỏi đâu 2 đứa con nhag mình 1 đứa 3 tuổi đứa 2 tuổi bị thủy đậu khóc ngứa cả đêm .có người mách mình mang về tắm là ngủ ngon cả đêm hôm sau ko tắm là gào khóc ngứa cả đêm.tắm phát nó ko ngứa luôn mà mình còn pha thêm lá vào thì nó vẫn ngứa tắm nguyên 1 lá đấy con tối ngủ ngon lành ngay,,2026-09-01,keyword:bệnh sởi
1650945302770065,https://www.facebook.com/photo?fbid=1650945302770065&set=gm.4158912051038797,,2026-03-31,"Cỏ Năm Lá chỗ e còn chưa nghe lá này bao giờ ấy ạ, hay lá chè tươi có đỡ hơn k bác nhỉ",22 minggu,2026-09-01,keyword:bệnh sởi
1650945302770065,https://www.facebook.com/photo?fbid=1650945302770065&set=gm.4158912051038797,,2026-03-31,Người tham gia ẩn danh mình ko biết đâu bác mình ở lạng sơn lá này mọc chỗ núi đá.mình cũng xin tìm mãi ms có dc ấy chứ ko phải có sẵn nhiều đâu bác,,2026-09-01,keyword:bệnh sởi
1650945302770065,https://www.facebook.com/photo?fbid=1650945302770065&set=gm.4158912051038797,,2026-03-31,Người tham gia ẩn danh,,2026-09-01,keyword:bệnh sởi
1650945302770065,https://www.facebook.com/photo?fbid=1650945302770065&set=gm.4158912051038797,,2026-03-31,"Cỏ Năm Lá dạ e cảm ơn, mà k biết ở đâu có luôn ấy ạ. Nhìn lạ lắm",22 minggu,2026-09-01,keyword:bệnh sởi
1650945302770065,https://www.facebook.com/photo?fbid=1650945302770065&set=gm.4158912051038797,,2026-03-31,Tui cũng vừa khỏi và cách nhanh nhất là đi bv nha-) nta truyền thuốc vs cho uống kháng sinh cái hết ngứa khoẻ re 3 ngày đc về r,Thi Vũ,2026-09-01,keyword:bệnh sởi
1650945302770065,https://www.facebook.com/photo?fbid=1650945302770065&set=gm.4158912051038797,,2026-03-31,Thi Vũ 3 ngày đã hết nốt chưa vâyh ah,Peserta anonim,2026-09-01,keyword:bệnh sởi
1650945302770065,https://www.facebook.com/photo?fbid=1650945302770065&set=gm.4158912051038797,,2026-03-31,"Người tham gia ẩn danh chưa b ạ , nhma trong bv có thuốc tiêm ngoài đâu đấy mấy trăm k tiê xong da đẹp vs nốt nhanh lặn hơn, còn tui có bầu nên k đc tiêm nên về vẫn p bôi thuốc",,2026-09-01,keyword:bệnh sởi
1650945302770065,https://www.facebook.com/photo?fbid=1650945302770065&set=gm.4158912051038797,,2026-03-31,"Chè xanh đun nước tắm, tắm nhanh và nhẹ nhàng để khỏi vỡ mụn nước, kèm bôi nano bạc",Peserta anonim 840,2026-09-01,keyword:bệnh sởi
1650945302770065,https://www.facebook.com/photo?fbid=1650945302770065&set=gm.4158912051038797,,2026-03-31,Người tham gia ẩn danh 840 nếu có 1 vài nốt bị vơc thì có nên tắm nữa k ạ,Peserta anonim,2026-09-01,keyword:bệnh sởi
1650945302770065,https://www.facebook.com/photo?fbid=1650945302770065&set=gm.4158912051038797,,2026-03-31,"Mình tắm thường xuyên á, khăn tắm giặt nước nóng mỗi ngày",Peserta anonim 840,2026-09-01,keyword:bệnh sởi
1650945302770065,https://www.facebook.com/photo?fbid=1650945302770065&set=gm.4158912051038797,,2026-03-31,"Mình thì dùng xanh, bao giờ nốt nó khô sang giai đoạn sắp khỏi mới chuyển nano bạc để ko có sẹo. Mình lên 3 mụn thấy nước và ngứa là mua thuốc bắc uống liền , mua cả thuốc tắm nên các nốt bị vỡ nó khô miệng nhanh . Mấy ngày đầu nó ngứa mà nó đau đầu lắm, ránh chịu bạn ạ, gãi nó vỡ nó lõm cái mụn ý. Xem gần nhà có thầy thuốc đông y nào uy tín",Peserta anonim 178,2026-09-01,keyword:bệnh sởi
1650945302770065,https://www.facebook.com/photo?fbid=1650945302770065&set=gm.4158912051038797,,2026-03-31,Người tham gia ẩn danh 178 khủng hoảng tinh thần trong 3 ngày đầu ạ. có nốt bị vỡ thì có nên tắm nữa k ạ,Peserta anonim,2026-09-01,keyword:bệnh sởi
1650945302770065,https://www.facebook.com/photo?fbid=1650945302770065&set=gm.4158912051038797,,2026-03-31,"mình có lá tắm nên mình tắm bình thường kiêng mỗi ra gió,cũng để tránh lây người nhà thôi. còn tình trạng mn như nào nên tham khảo bác sĩ gần nhà tư vấn cho yên tâm,",Peserta anonim 178,2026-09-01,keyword:bệnh sởi
1650945302770065,https://www.facebook.com/photo?fbid=1650945302770065&set=gm.4158912051038797,,2026-03-31,Ôi m còn bị bội nhiễm kinh khủng ấy. Càng sốt cành lên nhiều mà m kiểu sốt rét 3 ngày luôn- bị bội nhiễm nên nó sưng tấy sợ luôn ấy. Phải cả tuần rồi giờ m mới đỡ . Cgang lên b ơi,Hoàng Hoài Trang,2026-09-01,keyword:bệnh sởi
1650945302770065,https://www.facebook.com/photo?fbid=1650945302770065&set=gm.4158912051038797,,2026-03-31,"Hoàng Hoài Trang ui, sao bác lại bị bội nhiễm thế ạ, do k kiêng khen được hay cơ thể tự vậy ạ. Em bị nốt trắng như này k biết có phải bị bội nhiễm k",Peserta anonim,2026-09-01,keyword:bệnh sởi
1650945302770065,https://www.facebook.com/photo?fbid=1650945302770065&set=gm.4158912051038797,,2026-03-31,Có thể do hệ miễn dịch kém vì mình sau cvid thì bị gì cũng nặng bấtbthuongwf lắm. Chứ k fai là ko giữ dc tại m ở nhà cả tuần k đi đâu. Nhưng b cứ fai tăm gội nc ấm sạch hay nc lá nhé. M thấy cứ sạch sẽ là sẽ đỡ dần ngứa,,2026-09-01,keyword:bệnh sởi
1650945302770065,https://www.facebook.com/photo?fbid=1650945302770065&set=gm.4158912051038797,,2026-03-31,"Mình bị ngay trước tết, mỗi lần ngứa mình lấy máy sấy tóc sấy thấy đỡ ngứa hơn.",Tin Nguyen,2026-09-01,keyword:bệnh sởi
1650945302770065,https://www.facebook.com/photo?fbid=1650945302770065&set=gm.4158912051038797,,2026-03-31,Tin Nguyen e sợ sấy nó vỡ nốt ạ,Peserta anonim,2026-09-01,keyword:bệnh sởi
1650945302770065,https://www.facebook.com/photo?fbid=1650945302770065&set=gm.4158912051038797,,2026-03-31,Tôi bị 10 ngày với khỏi. Bôi kem nano bạc .ngày 2 3 lần,Ngọc Chinh,2026-09-01,keyword:bệnh sởi
1650945302770065,https://www.facebook.com/photo?fbid=1650945302770065&set=gm.4158912051038797,,2026-03-31,Ngọc Chinh ngày thứ 5 mà nốt vẫn chưa thấy xiu đây ạ,Peserta anonim,2026-09-01,keyword:bệnh sởi
1650945302770065,https://www.facebook.com/photo?fbid=1650945302770065&set=gm.4158912051038797,,2026-03-31,Người tham gia ẩn danh vagam 10 ngày với xium15 ngày với teo,,2026-09-01,keyword:bệnh sởi
1650945302770065,https://www.facebook.com/photo?fbid=1650945302770065&set=gm.4158912051038797,,2026-03-31,Lên càng nhiều mới hết,Jin Hyeon,2026-09-01,keyword:bệnh sởi
1459478482547768,https://www.facebook.com/reel/1459478482547768,,2026-06-02,Toi dat mot hop sdt0374390792,Sang Hô,2026-09-01,keyword:bệnh sởi
1459478482547768,https://www.facebook.com/reel/1459478482547768,,2026-06-02,Chào anh/chị! Cảm ơn anh/chị đã quan tâm đến sản phẩm. Anh/chị vui lòng check inbox bên em hỗ trợ chi tiết hơn ạ!,Trung Tâm Tư Vấn & Hỗ Trợ Bệnh Sỏi Mật,2026-09-01,keyword:bệnh sởi
1459478482547768,https://www.facebook.com/reel/1459478482547768,,2026-03-17,Một liệu trình giá bán bao tiền,Hoàng Huyền,2026-09-01,keyword:bệnh sởi
1459478482547768,https://www.facebook.com/reel/1459478482547768,,2026-03-17,Bao nhiêu 1 hộp,Nguoi Ban Nui,2026-09-01,keyword:bệnh sởi
122126270169012313,https://www.facebook.com/photo?fbid=122126270169012313&set=gm.3125134107874586,,2026-03-17,Thầy Dương,Minh Thanh,2026-09-01,keyword:bệnh sởi
122126270169012313,https://www.facebook.com/photo?fbid=122126270169012313&set=gm.3125134107874586,,2026-03-17,bác sĩ có chỉ định phải mổ hay tán gì ko c?,Hạnh Trần,2026-09-01,keyword:bệnh sởi
122126270169012313,https://www.facebook.com/photo?fbid=122126270169012313&set=gm.3125134107874586,,2026-03-17,Hạnh Trần có kêu e xét nghiệm thêm mà e chưa làm,Nguyễn An,2026-09-01,keyword:bệnh sởi
122126270169012313,https://www.facebook.com/photo?fbid=122126270169012313&set=gm.3125134107874586,,2026-03-17,bs có kê thuốc gì ko,Bá Duy,2026-09-01,keyword:bệnh sởi
122126270169012313,https://www.facebook.com/photo?fbid=122126270169012313&set=gm.3125134107874586,,2026-03-17,Bá Duy có cho thuốc ạ,Nguyễn An,2026-09-01,keyword:bệnh sởi
122126270169012313,https://www.facebook.com/photo?fbid=122126270169012313&set=gm.3125134107874586,,2026-03-17,Bị sỏi đường mật trong gan thì xác định gian nan em ạ.,Đinh Đinh,2026-09-01,keyword:bệnh sởi
122126270169012313,https://www.facebook.com/photo?fbid=122126270169012313&set=gm.3125134107874586,,2026-03-17,Quỳnh Đinh ảnh hưởng sk kinh khủng a . sụt cân rất nhiều,Nguyễn An,2026-09-01,keyword:bệnh sởi
122126270169012313,https://www.facebook.com/photo?fbid=122126270169012313&set=gm.3125134107874586,,2026-03-17,Nguyễn An a bị rồi a biết,,2026-09-01,keyword:bệnh sởi
122126270169012313,https://www.facebook.com/photo?fbid=122126270169012313&set=gm.3125134107874586,,2026-03-17,Quỳnh Đinh a chữa đc k ạ,,2026-09-01,keyword:bệnh sởi
122126270169012313,https://www.facebook.com/photo?fbid=122126270169012313&set=gm.3125134107874586,,2026-03-17,"Nguyễn Ana chữa tây y rất gian nan, cuối cùng phải tán. Mà tán thì thời gian sau lại có chứ k phải khỏi hẳn",,2026-09-01,keyword:bệnh sởi
122126270169012313,https://www.facebook.com/photo?fbid=122126270169012313&set=gm.3125134107874586,,2026-03-17,Quỳnh Đinh chỉ phí cao k a,,2026-09-01,keyword:bệnh sởi
122126270169012313,https://www.facebook.com/photo?fbid=122126270169012313&set=gm.3125134107874586,,2026-03-17,Nguyễn An lần đi tán a nằm viện 16 ngày. Tổng chi phí hết hết khoảng 54tr,,2026-09-01,keyword:bệnh sởi
122126270169012313,https://www.facebook.com/photo?fbid=122126270169012313&set=gm.3125134107874586,,2026-03-17,Quỳnh Đinh Da e cảm ơn ạ,,2026-09-01,keyword:bệnh sởi
2010409972874609,https://www.facebook.com/photo?fbid=2010409972874609&set=gm.25598004106562390,,2026-03-10,Siêu âm bụng thận. Chưa ạ xem có sỏi ko vì xn máu nước tiểu chỉ số bt thì cũng phát hiện ra sỏi đó,MotivatedPelican9631,2026-09-01,keyword:bệnh sởi
2010409972874609,https://www.facebook.com/photo?fbid=2010409972874609&set=gm.25598004106562390,,2026-03-10,MotivatedPelican9631 e chưa ạ. E tưởng sỏi thì đau từng cơn với tiểu buốt. Để hôm sau e đi siêu âm xem sao,InspiringSpinach7867,2026-09-01,keyword:bệnh sởi
2010409972874609,https://www.facebook.com/photo?fbid=2010409972874609&set=gm.25598004106562390,,2026-03-10,"InspiringSpinach7867 là nó đó !! Ko có đau từng cơn đau , đau quài lun á !! Nhưng phải siêu âm thận mới rõ đc ne",,2026-09-01,keyword:bệnh sởi
2010409972874609,https://www.facebook.com/photo?fbid=2010409972874609&set=gm.25598004106562390,,2026-03-10,InspiringSpinach7867 xét nghiệm Xem có Protein niệu nUa k b,,2026-09-01,keyword:bệnh sởi
2010409972874609,https://www.facebook.com/photo?fbid=2010409972874609&set=gm.25598004106562390,,2026-03-10,"Xét nghiệm thêm tiểu đường nữa, siêu âm bụng xem có sỏi ko, chụp xquang cột sống xem có thoái hóa hay thoát vị đĩa đệm ko?",Peserta anonim 909,2026-09-01,keyword:bệnh sởi
2010409972874609,https://www.facebook.com/photo?fbid=2010409972874609&set=gm.25598004106562390,,2026-03-10,bạn còn làm xét nghiệm khác không gửi tôi xem 0912.755555,Bác sĩ Tùng,2026-09-01,keyword:bệnh sởi
2010409972874609,https://www.facebook.com/photo?fbid=2010409972874609&set=gm.25598004106562390,,2026-03-10,Mình có thuốc nam gt uống chữa tiểu bọt rất hiệu quả,Lưu Kha,2026-09-01,keyword:bệnh sởi
1271485141761271,https://www.facebook.com/photo?fbid=1271485141761271&set=gm.25711087141920752,,2026-03-17,Hỏi Nhathuoc Cô Hiến,Hoa Hồng,2026-09-01,keyword:bệnh sởi
1271485141761271,https://www.facebook.com/photo?fbid=1271485141761271&set=gm.25711087141920752,,2026-03-17,Suy thận thường do huyết áp cao và tiểu đường. Đạm niệu này trị đc. Trị sớm nhe.,Nghiệp Dương,2026-09-01,keyword:bệnh sởi
1271485141761271,https://www.facebook.com/photo?fbid=1271485141761271&set=gm.25711087141920752,,2026-03-17,Làm thêm nt 24h hoặc lấy ntieu lúc sáng sớm chưa uống nước la chuẩn nhất. Microalbun niệu bạn 94 la cũng tương đối cao rôi. Nếu kéo dài >3-6th mà kh hết hẳn pro niệu thi xác suất cao la mạn tính.,Peserta anonim 368,2026-09-01,keyword:bệnh sởi
1271485141761271,https://www.facebook.com/photo?fbid=1271485141761271&set=gm.25711087141920752,,2026-03-17,B gửi bệnh án qua Nhathuoc Cô Hiến cô xem cho trước m bị sỏi thận dùng thc bên cô đỡ hẳn cô này nhiệt tình lắm,Kim Kim,2026-09-01,keyword:bệnh sởi
1271485141761271,https://www.facebook.com/photo?fbid=1271485141761271&set=gm.25711087141920752,,2026-03-17,Kim Kim Cho m xin địa chỉ cô này với m bị sỏi mà uống thc mãi k khỏi hẳn đau âm ỉ mãi,Laptop Nhập Khẩu,2026-09-01,keyword:bệnh sởi
1271485141761271,https://www.facebook.com/photo?fbid=1271485141761271&set=gm.25711087141920752,,2026-03-17,Cô ở Ba Vì Hà Nội nha trước m nhờ cô gửi về tận nơi đó bn,Kim Kim,2026-09-01,keyword:bệnh sởi
1271485141761271,https://www.facebook.com/photo?fbid=1271485141761271&set=gm.25711087141920752,,2026-03-17,điều trị sớm đi bn. albumin niệu cao cũng là nguy cơ kèm theo protein nữa. đi khám thêm cho chắc. mình đg bị albumin niệu 3 trăm mấy gần 400 nên đg có chỉ định sinh thiết thận. suy gd2,Peserta anonim 133,2026-09-01,keyword:bệnh sởi
1271485141761271,https://www.facebook.com/photo?fbid=1271485141761271&set=gm.25711087141920752,,2026-03-17,Người tham gia ẩn danh 133 tỉ số ACR của b có cao ko b,Peserta anonim,2026-09-01,keyword:bệnh sởi
1271485141761271,https://www.facebook.com/photo?fbid=1271485141761271&set=gm.25711087141920752,,2026-03-17,"ACR mình dao động thấp nhất 3 trăm mấy, còn cao nhất 536",24 minggu,2026-09-01,keyword:bệnh sởi
1271485141761271,https://www.facebook.com/photo?fbid=1271485141761271&set=gm.25711087141920752,,2026-03-17,Độ lọc cầu thận eGFR ban đầu của mình 59 là thấp CRE ban đầu là 105 bh chỉ số lọc cầu thận đều ổn chỉ còn ACR đang cao quá bs theo dõi sinh thiết nghi suy thận IGA,Peserta anonim 133,2026-09-01,keyword:bệnh sởi
25939262699100379,https://www.facebook.com/photo?fbid=25939262699100379&set=gm.25512804325082369,,2026-03-03,Bình dân bạn nhé,Oai Hùng,2026-09-01,keyword:bệnh sởi
1709397723695935,https://www.facebook.com/photo?fbid=122215431650528069&set=pcb.1709397723695935,,2026-08-31,Đường mổ dài vậy,Phạm Tuấn,2026-09-01,keyword:bệnh sởi
1709397723695935,https://www.facebook.com/photo?fbid=122215431650528069&set=pcb.1709397723695935,,2026-08-31,Phạm Tuấn sỏi 35mm nên phải mổ vậy bác,Quang Phan,2026-09-01,keyword:bệnh sởi
1005154295613208,https://www.facebook.com/photo?fbid=1005154295613208&set=a.135625239232789,,2026-07-07,មនុស្សធំចាក់បានទេ,ជំនោរ ភក្តី ឆេងទាង កាត់ដេរ,2026-09-01,keyword:ជំងឺកញ្ជ្រឹល
1005154295613208,https://www.facebook.com/photo?fbid=1005154295613208&set=a.135625239232789,,2026-07-14,ជំនោរ ភក្តី ឆេងទាង កាត់ដេរ អាចចាក់បាន,CamMed Medical Laboratory មន្ទីរពិសោធន៍ វេជ្ជសាស្រ្ត ខេមមេដ,2026-09-01,keyword:ជំងឺកញ្ជ្រឹល
1045105377889109,https://www.facebook.com/photo?fbid=1045105377889109&set=a.193311626401826,,2026-07-28,@topfans,គ្លីនិកកុមារ &ទារកអង្គតាម៉ិញ,2026-09-01,keyword:ជំងឺកញ្ជ្រឹល
784137823951626,https://www.facebook.com/photo?fbid=784137230618352&set=pcb.784137823951626,,2025-09-01,,San Bunrith,2026-09-01,keyword:ជំងឺកញ្ជ្រឹល
784137823951626,https://www.facebook.com/photo?fbid=784137230618352&set=pcb.784137823951626,,2025-09-01,San Bunrith,រៃ ហូរ,2026-09-01,keyword:ជំងឺកញ្ជ្រឹល
784137823951626,https://www.facebook.com/photo?fbid=784137230618352&set=pcb.784137823951626,,2025-09-01,ខាងសាលាខ្ញុំចាក់ព្រឹកមិញ,តាន់ សុភ័ក្រ,2026-09-01,keyword:ជំងឺកញ្ជ្រឹល
784137823951626,https://www.facebook.com/photo?fbid=784137230618352&set=pcb.784137823951626,,2025-09-01,តាន់ សុភ័ក្រ បាទ ចែ,រៃ ហូរ,2026-09-01,keyword:ជំងឺកញ្ជ្រឹល
24037552119238317,https://www.facebook.com/photo?fbid=24037207382606124&set=pcb.24037552119238317,,2026-09-01,"𝐒𝐮𝗽𝐞𝐫 𝐛𝐚𝐠𝐮𝐬 
𝗟𝗘𝗕𝗔𝗧𝟮𝟴",Ferilasduk,2026-09-01,keyword:ជំងឺកញ្ជ្រឹល
24037552119238317,https://www.facebook.com/photo?fbid=24037207382606124&set=pcb.24037552119238317,,2026-09-01,"𝐒𝐮𝐩𝐞𝐫 𝐛𝐚g𝐮𝐬
𝗟𝗘𝗕𝗔𝗧𝟮𝟴",Aliciaa,2026-09-01,keyword:ជំងឺកញ្ជ្រឹល
24037552119238317,https://www.facebook.com/photo?fbid=24037207382606124&set=pcb.24037552119238317,,2026-09-01,"𝐒𝐮𝐩𝐞𝐫 𝐛𝐚𝐠u𝐬
𝗟𝗘𝗕𝗔𝗧𝟮𝟴",Cici,2026-09-01,keyword:ជំងឺកញ្ជ្រឹល
24037552119238317,https://www.facebook.com/photo?fbid=24037207382606124&set=pcb.24037552119238317,,2026-09-01,"𝐒𝐮𝐩𝐞𝐫 𝐛𝐚𝐠𝐮s
 𝗟𝗘𝗕𝗔𝗧𝟮𝟴",Riwog,2026-09-01,keyword:ជំងឺកញ្ជ្រឹល
24037552119238317,https://www.facebook.com/photo?fbid=24037207382606124&set=pcb.24037552119238317,,2026-09-01,"𝐒𝐮𝐩𝐞r 𝐛𝐚𝐠𝐮𝐬
 𝗟𝗘𝗕𝗔𝗧𝟮𝟴",Meymey,2026-09-01,keyword:ជំងឺកញ្ជ្រឹល
24037552119238317,https://www.facebook.com/photo?fbid=24037207382606124&set=pcb.24037552119238317,,2026-09-01,"𝐒u𝐩𝐞𝐫 𝐛𝐚𝐠𝐮𝐬
 𝗟𝗘𝗕𝗔𝗧𝟮𝟴",Cyntia,2026-09-01,keyword:ជំងឺកញ្ជ្រឹល
24037552119238317,https://www.facebook.com/photo?fbid=24037207382606124&set=pcb.24037552119238317,,2026-09-01,"𝑆𝑢𝑝𝑒𝑟 𝑏𝑎𝑔𝑢𝑠 
𝗗𝗘𝗟𝗜𝗖𝗨𝗔𝗡",Yasra Ralvina,2026-09-01,keyword:ជំងឺកញ្ជ្រឹល
24037552119238317,https://www.facebook.com/photo?fbid=24037207382606124&set=pcb.24037552119238317,,2026-09-01,"𝕊𝕦𝕡𝕖𝕣 𝕓𝕒𝕘𝕦𝕤 
𝐈𝐊𝐔𝐓𝟒𝐃",dhhfh_fn9,2026-09-01,keyword:ជំងឺកញ្ជ្រឹល
24037552119238317,https://www.facebook.com/photo?fbid=24037207382606124&set=pcb.24037552119238317,,2026-09-01,"𝗦𝘂𝗽𝗲𝗿 𝗯𝗮𝗴𝘂𝘀 
𝗞𝗜𝗨𝟳𝟳
Energi positif lahir dari kemenangan 𝗞𝗜𝗨𝟳𝟳 nya",Arafat Hassan,2026-09-01,keyword:ជំងឺកញ្ជ្រឹល
24037552119238317,https://www.facebook.com/photo?fbid=24037207382606124&set=pcb.24037552119238317,,2026-09-01,"𝓢𝓾𝓹𝓮𝓻 𝓑𝓪𝓰𝓾𝓼 
𝐎𝐌𝐁𝐀𝐊𝟏𝟐𝟔",احمد محمود مخلوق,2026-09-01,keyword:ជំងឺកញ្ជ្រឹល
24037552119238317,https://www.facebook.com/photo?fbid=24037207382606124&set=pcb.24037552119238317,,2025-09-01,,យ៉ា នាថ,2026-09-01,keyword:ជំងឺកញ្ជ្រឹល
24037552119238317,https://www.facebook.com/photo?fbid=24037207382606124&set=pcb.24037552119238317,,2025-09-01,,Sinith Neath,2026-09-01,keyword:ជំងឺកញ្ជ្រឹល
24037552119238317,https://www.facebook.com/photo?fbid=24037207382606124&set=pcb.24037552119238317,,2025-09-01,មិនទាន់គ្រប់10ឆ្នាំ អាចចាក់បានអត់បង,Phyra Phon,2026-09-01,keyword:ជំងឺកញ្ជ្រឹល
24037552119238317,https://www.facebook.com/photo?fbid=24037207382606124&set=pcb.24037552119238317,,2025-09-01,,Phyra Phon,2026-09-01,keyword:ជំងឺកញ្ជ្រឹល
24037552119238317,https://www.facebook.com/photo?fbid=24037207382606124&set=pcb.24037552119238317,,2025-09-01,,Voeut Nasiet,2026-09-01,keyword:ជំងឺកញ្ជ្រឹល
24037552119238317,https://www.facebook.com/photo?fbid=24037207382606124&set=pcb.24037552119238317,,2025-09-01,អញ្ចឹងកូនខ្ញុំអត់ត្រូវចាក់ទៀតទេមែនអត់បង,Ring Ing,2026-09-01,keyword:ជំងឺកញ្ជ្រឹល
24037552119238317,https://www.facebook.com/photo?fbid=24037207382606124&set=pcb.24037552119238317,,2025-09-01,,ចិន្ដា អុន,2026-09-01,keyword:ជំងឺកញ្ជ្រឹល
24037552119238317,https://www.facebook.com/photo?fbid=24037207382606124&set=pcb.24037552119238317,,2025-09-01,,Soun Ei,2026-09-01,keyword:ជំងឺកញ្ជ្រឹល
24037552119238317,https://www.facebook.com/photo?fbid=24037207382606124&set=pcb.24037552119238317,,2025-09-01,ចាប់ផ្ដើមចាក់ថ្ងៃណាដែរអ្នកគ្រូ ?,Dara Khun,2026-09-01,keyword:ជំងឺកញ្ជ្រឹល
24037552119238317,https://www.facebook.com/photo?fbid=24037207382606124&set=pcb.24037552119238317,,2025-09-01,,Mearadey Vuthy,2026-09-01,keyword:ជំងឺកញ្ជ្រឹល
1408603941063081,https://www.facebook.com/photo?fbid=1408598261063649&set=pcb.1408603941063081,,2025-09-01,ចាក់ថ្នាំការពារជម្ងឺកញ្រិលនិងស្អូចដល់កុម៉ា,Chea Nheb,2026-09-01,keyword:ជំងឺកញ្ជ្រឹល
1408603941063081,https://www.facebook.com/photo?fbid=1408598261063649&set=pcb.1408603941063081,,2025-09-01,,Yan Dary,2026-09-01,keyword:ជំងឺកញ្ជ្រឹល
943897354506910,https://www.facebook.com/photo?fbid=943897307840248&set=pcb.943897354506910,,2026-09-01,"S𝐮𝐩𝐞r 𝐛a𝐠u𝐬 
𝐒𝐔𝐌𝐁𝐔𝐓𝐎𝐆𝐄𝐋",Razuu Vai,2026-09-01,keyword:ជំងឺកញ្ជ្រឹល
943897354506910,https://www.facebook.com/photo?fbid=943897307840248&set=pcb.943897354506910,,2026-09-01,"สว𝐒u𝐩𝐞𝐫 𝐛𝐚𝐠𝐮𝐬 
𝐒𝐔𝐌𝐁𝐔𝐓𝐎𝐆𝐄𝐋",SLsurjo Roy,2026-09-01,keyword:ជំងឺកញ្ជ្រឹល
943897354506910,https://www.facebook.com/photo?fbid=943897307840248&set=pcb.943897354506910,,2026-09-01,"𝕊𝕦𝕡𝕖𝕣 𝕓𝕒𝕘𝕦𝕤 
𝐒𝐔𝐌𝐁𝐔𝐓𝐎𝐆𝐄𝐋",Floren Enriquez,2026-09-01,keyword:ជំងឺកញ្ជ្រឹល
943897354506910,https://www.facebook.com/photo?fbid=943897307840248&set=pcb.943897354506910,,2026-09-01,"𝙎𝙪𝙥𝙚𝙧 𝘾𝙖𝙣𝙩𝙞𝙠 
𝐒𝐔𝐌𝐁𝐔𝐓𝐎𝐆𝐄𝐋",Quach Kỳ,2026-09-01,keyword:ជំងឺកញ្ជ្រឹល
943897354506910,https://www.facebook.com/photo?fbid=943897307840248&set=pcb.943897354506910,,2026-09-01,"𝕾𝖚𝖕𝖊𝖗 𝕮𝖆𝖓𝖙𝖎𝖐 
𝐒𝐔𝐌𝐁𝐔𝐓𝐎𝐆𝐄𝐋",الموالي الصغير,2026-09-01,keyword:ជំងឺកញ្ជ្រឹល
943897354506910,https://www.facebook.com/photo?fbid=943897307840248&set=pcb.943897354506910,,2026-09-01,"𝓢𝓾𝓹𝓮𝓻 𝓒𝓪𝓷𝓽𝓲𝓴
𝐒𝐔𝐌𝐁𝐔𝐓𝐎𝐆𝐄𝐋",Muhammad Mohiuddin,2026-09-01,keyword:ជំងឺកញ្ជ្រឹល
943897354506910,https://www.facebook.com/photo?fbid=943897307840248&set=pcb.943897354506910,,2026-09-01,"𝙎𝙪𝙥𝙚𝙧 𝘾𝙖𝙣𝙩𝙞𝙠 
𝐒𝐔𝐌𝐁𝐔𝐓𝐎𝐆𝐄𝐋",Marine Pennec,2026-09-01,keyword:ជំងឺកញ្ជ្រឹល
943897354506910,https://www.facebook.com/photo?fbid=943897307840248&set=pcb.943897354506910,,2026-09-01,"𝑆𝑢𝑝𝑒𝑟 𝑏𝑎𝑔𝑢s
𝐒𝐔𝐌𝐁𝐔𝐓𝐎𝐆𝐄𝐋",Faniriantsoa Fah,2026-09-01,keyword:ជំងឺកញ្ជ្រឹល
943897354506910,https://www.facebook.com/photo?fbid=943897307840248&set=pcb.943897354506910,,2026-09-01,"𝕊𝕦𝕡𝕖𝕣 𝕓𝕒𝕘𝕦𝕤
𝐒𝐔𝐌𝐁𝐔𝐓𝐎𝐆𝐄𝐋",মন পাখি,2026-09-01,keyword:ជំងឺកញ្ជ្រឹល
943897354506910,https://www.facebook.com/photo?fbid=943897307840248&set=pcb.943897354506910,,2026-09-01,"𝚂𝚞𝐩𝐞𝐫 𝐛𝐚𝐠𝐮𝐬 
𝐒𝐔𝐌𝐁𝐔𝐓𝐎𝐆𝐄𝐋",May Lay,2026-09-01,keyword:ជំងឺកញ្ជ្រឹល
943897354506910,https://www.facebook.com/photo?fbid=943897307840248&set=pcb.943897354506910,,2025-09-01,លោកគ្រូអ្នកពេទ្យញុមសុំសួរថាហេតុអ្វីឥឡូវនៅមណ្ឌលសុខភាពលេងចាក់វ៉ាក់សាំង6ខែចឹងមោរ2មូលហេតុអ្វីដែរលោកគ្រូអ្នកគ្រូពេទ្យចាសអគុណទុកមុន,លីម៉ា លីម៉ា,2026-09-01,keyword:ជំងឺកញ្ជ្រឹល
943897354506910,https://www.facebook.com/photo?fbid=943897307840248&set=pcb.943897354506910,,2025-09-01,អ្នកគ្រូ កូនអាយុ៦ឆ្នាំ អាចចាក់វ៉ាក់សាំងកញ្ច្រិលបានទេ?,Sotheavy Vong,2026-09-01,keyword:ជំងឺកញ្ជ្រឹល
943897354506910,https://www.facebook.com/photo?fbid=943897307840248&set=pcb.943897354506910,,2025-09-01,តើមនុស្សចាស់អាចកើតជំងឺកញ្ជ្រោលឬទេលោកគ្រូ?មានផលវិបាកអ្វីខ្លះ?,Tea Visay Visay,2026-09-01,keyword:ជំងឺកញ្ជ្រឹល
943897354506910,https://www.facebook.com/photo?fbid=943897307840248&set=pcb.943897354506910,,2025-09-01,ជំងឺកញ្ផ្រឹលកើតនៅមុខអត់អ្នកគ្រួ,កា លីអុឺ,2026-09-01,keyword:ជំងឺកញ្ជ្រឹល
943897354506910,https://www.facebook.com/photo?fbid=943897307840248&set=pcb.943897354506910,,2025-09-01,ក្មួយខ្ងុំបាន៣ខែជាងឡូវចេញជំងឺកញ្រឹលហើយ,Yim Srey Vorn,2026-09-01,keyword:ជំងឺកញ្ជ្រឹល
943897354506910,https://www.facebook.com/photo?fbid=943897307840248&set=pcb.943897354506910,,2025-09-01,តើកុមាមានអាយុប៉ុន្មានឆ្នាំទើបអាចចាក់វ៉ាក់សាំងការពារជំងឺកញ្ជឹ្រលបាន?,ម៉ាក់អូន យ៉ានុត,2026-09-01,keyword:ជំងឺកញ្ជ្រឹល
943897354506910,https://www.facebook.com/photo?fbid=943897307840248&set=pcb.943897354506910,,2025-09-01,តើកុមារអាយុប៉ុន្មានឆ្នាំអាចចាក់វា៉ក់សាំងការពារជំងឺកញ្រឹលបាន,Tey Tey,2026-09-01,keyword:ជំងឺកញ្ជ្រឹល
943897354506910,https://www.facebook.com/photo?fbid=943897307840248&set=pcb.943897354506910,,2025-09-01,ជំងឺកញ្ជ្រឹល អាចការពារបានតាមរយ:ការចាក់វ៉ាក់សាំង។ វ៉ាក់សាំងអាចជួយបង្កើនប្រព័ន្ធភាពស៊ាំរបស់កុមារ ការពារកុមារពីជំងឺកញ្ជ្រឹល និងកាត់បន្ថយផលវិបាកធ្ងន់ធ្ងរដែលអាចកើតមាន។ កុមារដែលបានចាក់វ៉ាក់សាំងការពារ ទោះកើតជំងឺកញ្ជ្រឹល ក៏កើតតិចតួចដែលមិនបង្កជាផលវិបាកធ្ងន់ធ្ងរដល់កុមារឡើយ។,Orchid Koh Pich Hospital,2026-09-01,keyword:ជំងឺកញ្ជ្រឹល
943897354506910,https://www.facebook.com/photo?fbid=943897307840248&set=pcb.943897354506910,,2025-09-01,កូនខ្ញុំ 6 ខែកន្លះមិនទាន់បានចាក់ទេ,អុិន ស្រីពៅ,2026-09-01,keyword:ជំងឺកញ្ជ្រឹល
943897354506910,https://www.facebook.com/photo?fbid=943897307840248&set=pcb.943897354506910,,2025-09-01,តើយើងចាក់ចាប់ពីអាយុប៉ុន្នាន ហើយក្នុងប័ណ្ឌលឿង,Ra Vattey,2026-09-01,keyword:ជំងឺកញ្ជ្រឹល
1430931791504407,https://www.facebook.com/photo?fbid=1430921964838723&set=pcb.1430931791504407,,2025-09-01,,Vutha Seth,2026-09-01,keyword:ជំងឺកញ្ជ្រឹល
1430931791504407,https://www.facebook.com/photo?fbid=1430921964838723&set=pcb.1430931791504407,,2025-09-01,,Kim Jantha,2026-09-01,keyword:ជំងឺកញ្ជ្រឹល
1430931791504407,https://www.facebook.com/photo?fbid=1430921964838723&set=pcb.1430931791504407,,2025-09-01,,Thun Sann,2026-09-01,keyword:ជំងឺកញ្ជ្រឹល
1430931791504407,https://www.facebook.com/photo?fbid=1430921964838723&set=pcb.1430931791504407,,2025-09-01,លោកគ្រូចាក់វ៉ាក់សាំងហ្នឹងក**ៅខ្លួនអត់,ជាង ឈឿន,2026-09-01,keyword:ជំងឺកញ្ជ្រឹល
1430931791504407,https://www.facebook.com/photo?fbid=1430921964838723&set=pcb.1430931791504407,,2025-09-01,ជាង ឈឿន អត់ក្តៅខ្លួនទេបង,Srey Pikan,2026-09-01,keyword:ជំងឺកញ្ជ្រឹល
1430931791504407,https://www.facebook.com/photo?fbid=1430921964838723&set=pcb.1430931791504407,,2025-09-01,,អាណែត ម៉ាក់វិទូ,2026-09-01,keyword:ជំងឺកញ្ជ្រឹល
3257681697721046,https://www.facebook.com/photo?fbid=3257681341054415&set=pcb.3257681697721046,,2026-08-18,wer to buy and price,Tobby Gulapa,2026-09-01,keyword:ជំងឺកញ្ជ្រឹល
3257681697721046,https://www.facebook.com/photo?fbid=3257681341054415&set=pcb.3257681697721046,,2026-08-18,may i know where you are located?,Miles Ice Tech Gelato Machine Manufacturer,2026-09-01,keyword:ជំងឺកញ្ជ្រឹល
3257681697721046,https://www.facebook.com/photo?fbid=3257681341054415&set=pcb.3257681697721046,,2026-08-25,Pls give me the price this machine và location as well. I am in Vietnam,Huong Cao,2026-09-01,keyword:ជំងឺកញ្ជ្រឹល
3257681697721046,https://www.facebook.com/photo?fbid=3257681341054415&set=pcb.3257681697721046,,2026-08-25,Huong Cao OK,Miles Ice Tech Gelato Machine Manufacturer,2026-09-01,keyword:ជំងឺកញ្ជ្រឹល
3257681697721046,https://www.facebook.com/photo?fbid=3257681341054415&set=pcb.3257681697721046,,2026-08-28,Ice cream,Usman Efendi,2026-09-01,keyword:ជំងឺកញ្ជ្រឹល
3257681697721046,https://www.facebook.com/photo?fbid=3257681341054415&set=pcb.3257681697721046,,2026-08-28,Usman Efendi yes,Miles Ice Tech Gelato Machine Manufacturer,2026-09-01,keyword:ជំងឺកញ្ជ្រឹល
3257681697721046,https://www.facebook.com/photo?fbid=3257681341054415&set=pcb.3257681697721046,,2026-08-25,Price,Malin Kundang Kb,2026-09-01,keyword:ជំងឺកញ្ជ្រឹល
3257681697721046,https://www.facebook.com/photo?fbid=3257681341054415&set=pcb.3257681697721046,,2026-08-25,ok,Miles Ice Tech Gelato Machine Manufacturer,2026-09-01,keyword:ជំងឺកញ្ជ្រឹល
3257681697721046,https://www.facebook.com/photo?fbid=3257681341054415&set=pcb.3257681697721046,,2026-08-30,I like ice cream..,Rika Rika,2026-09-01,keyword:ជំងឺកញ្ជ្រឹល
3257681697721046,https://www.facebook.com/photo?fbid=3257681341054415&set=pcb.3257681697721046,,2026-08-30,Rika Rika good,Miles Ice Tech Gelato Machine Manufacturer,2026-09-01,keyword:ជំងឺកញ្ជ្រឹល
3257681697721046,https://www.facebook.com/photo?fbid=3257681341054415&set=pcb.3257681697721046,,2026-08-31,Wow mantap enak banget,Seni Seniman,2026-09-01,keyword:ជំងឺកញ្ជ្រឹល
3257681697721046,https://www.facebook.com/photo?fbid=3257681341054415&set=pcb.3257681697721046,,2026-08-30,Amazing,Pina Mariana,2026-09-01,keyword:ជំងឺកញ្ជ្រឹល
3257681697721046,https://www.facebook.com/photo?fbid=3257681341054415&set=pcb.3257681697721046,,2026-08-30,Pina Mariana thanks,Miles Ice Tech Gelato Machine Manufacturer,2026-09-01,keyword:ជំងឺកញ្ជ្រឹល
3257681697721046,https://www.facebook.com/photo?fbid=3257681341054415&set=pcb.3257681697721046,,2026-08-30,Bagus sekali mantap sekali,Nani Hardiansyah,2026-09-01,keyword:ជំងឺកញ្ជ្រឹល
3257681697721046,https://www.facebook.com/photo?fbid=3257681341054415&set=pcb.3257681697721046,,2026-08-30,Mantapp kali ...,Saibah Hanis,2026-09-01,keyword:ជំងឺកញ្ជ្រឹល
3257681697721046,https://www.facebook.com/photo?fbid=3257681341054415&set=pcb.3257681697721046,,2026-09-01,"Sama kaya Indonesia 
 sepi toko toko nya",Kasimin,2026-09-01,keyword:ជំងឺកញ្ជ្រឹល
3257681697721046,https://www.facebook.com/photo?fbid=3257681341054415&set=pcb.3257681697721046,,2026-09-01,Kasimin,Miles Ice Tech Gelato Machine Manufacturer,2026-09-01,keyword:ជំងឺកញ្ជ្រឹល
3257681697721046,https://www.facebook.com/photo?fbid=3257681341054415&set=pcb.3257681697721046,,2026-08-18,Price?,Dave Miller,2026-09-01,keyword:ជំងឺកញ្ជ្រឹល
3257681697721046,https://www.facebook.com/photo?fbid=3257681341054415&set=pcb.3257681697721046,,2026-08-18,Dave Miller ok please check your message,Miles Ice Tech Gelato Machine Manufacturer,2026-09-01,keyword:ជំងឺកញ្ជ្រឹល
3257681697721046,https://www.facebook.com/photo?fbid=3257681341054415&set=pcb.3257681697721046,,2026-08-27,Mantap kali ini,Nek Celsy,2026-09-01,keyword:ជំងឺកញ្ជ្រឹល
3257681697721046,https://www.facebook.com/photo?fbid=3257681341054415&set=pcb.3257681697721046,,2026-08-26,Super nikmat,Adhin Ovaltine Sarden,2026-09-01,keyword:ជំងឺកញ្ជ្រឹល
3257681697721046,https://www.facebook.com/photo?fbid=3257681341054415&set=pcb.3257681697721046,,2026-08-26,Adhin Ovaltine Sarden sure,Miles Ice Tech Gelato Machine Manufacturer,2026-09-01,keyword:ជំងឺកញ្ជ្រឹល
3257681697721046,https://www.facebook.com/photo?fbid=3257681341054415&set=pcb.3257681697721046,,2026-08-18,Price in México,Jose Zaragoza,2026-09-01,keyword:ជំងឺកញ្ជ្រឹល
3257681697721046,https://www.facebook.com/photo?fbid=3257681341054415&set=pcb.3257681697721046,,2026-08-18,OK,Miles Ice Tech Gelato Machine Manufacturer,2026-09-01,keyword:ជំងឺកញ្ជ្រឹល
3257681697721046,https://www.facebook.com/photo?fbid=3257681341054415&set=pcb.3257681697721046,,2026-08-30,Mantab,Nasaruddin Hutabarat,2026-09-01,keyword:ជំងឺកញ្ជ្រឹល
3257681697721046,https://www.facebook.com/photo?fbid=3257681341054415&set=pcb.3257681697721046,,2026-08-26,"Tampak bagus, kakak",Azwa Mutamin,2026-09-01,keyword:ជំងឺកញ្ជ្រឹល
3257681697721046,https://www.facebook.com/photo?fbid=3257681341054415&set=pcb.3257681697721046,,2026-08-26,Azwa Mutamin yes,Miles Ice Tech Gelato Machine Manufacturer,2026-09-01,keyword:ជំងឺកញ្ជ្រឹល
3257681697721046,https://www.facebook.com/photo?fbid=3257681341054415&set=pcb.3257681697721046,,2026-08-27,Mantap pasti enak,Julien Matindas,2026-09-01,keyword:ជំងឺកញ្ជ្រឹល
3257681697721046,https://www.facebook.com/photo?fbid=3257681341054415&set=pcb.3257681697721046,,2026-08-30,Nice Amazing,Julien Hestikosari,2026-09-01,keyword:ជំងឺកញ្ជ្រឹល
3257681697721046,https://www.facebook.com/photo?fbid=3257681341054415&set=pcb.3257681697721046,,2026-08-30,thanks,Miles Ice Tech Gelato Machine Manufacturer,2026-09-01,keyword:ជំងឺកញ្ជ្រឹល
1013658971056241,https://www.facebook.com/photo?fbid=1013658971056241&set=a.241665181588961,,2026-06-09,"Several images emerging from south west , but claiming the first case: let me not see my face there...",Asham Ashu,2026-09-01,keyword:mpox
1013658971056241,https://www.facebook.com/photo?fbid=1013658971056241&set=a.241665181588961,,2026-06-09,Asham Ashu really Oh,Tangie Pauline,2026-09-01,keyword:mpox
1013658971056241,https://www.facebook.com/photo?fbid=1013658971056241&set=a.241665181588961,,2026-06-09,"Asham Ashu ,
 these images are for illustration",Frida Azinwi,2026-09-01,keyword:mpox
1013658971056241,https://www.facebook.com/photo?fbid=1013658971056241&set=a.241665181588961,,2026-06-09,"Le premier cas confirmé de variole a été signalé par les autorités sanitaires du district sanitaire de Buea, dans la région du Sud-Ouest. L'information figure dans une alerte sanitaire datée du 4 juin.",Ruben Norton,2026-09-01,keyword:mpox
1013658971056241,https://www.facebook.com/photo?fbid=1013658971056241&set=a.241665181588961,,2026-06-09,Ruben Norton c'est la variole ou la varicelle,Esaie Mandeng,2026-09-01,keyword:mpox
1013658971056241,https://www.facebook.com/photo?fbid=1013658971056241&set=a.241665181588961,,2026-06-09,Ruben Norton berhati-hati dengan mabuk,Gaby Nm,2026-09-01,keyword:mpox
1013658971056241,https://www.facebook.com/photo?fbid=1013658971056241&set=a.241665181588961,,2026-06-09,"Une affiche avec un gros titre qui fait peur, un long texte mais aucune info sur le mode de contamination, le traitement ni la prophylaxie",Séverin Martial Ambadiang,2026-09-01,keyword:mpox
1013658971056241,https://www.facebook.com/photo?fbid=1013658971056241&set=a.241665181588961,,2026-06-09,Séverin Martial Ambadiang allez sur la page officielle du minsante tout ce dont vous parlez à été mentionné là bas,Grace Madeleine,2026-09-01,keyword:mpox
1013658971056241,https://www.facebook.com/photo?fbid=1013658971056241&set=a.241665181588961,,2026-06-09,You are right my brother. You have spoken my mind,Ndashi Christian Figo,2026-09-01,keyword:mpox
1013658971056241,https://www.facebook.com/photo?fbid=1013658971056241&set=a.241665181588961,,2026-06-09,Séverin Martial Ambadiang parceque Google c est pour les cafard ou alors c est seulement utile pour rechercher les images x,Kchrist Anna,2026-09-01,keyword:mpox
1013658971056241,https://www.facebook.com/photo?fbid=1013658971056241&set=a.241665181588961,,2026-06-09,Séverin Martial Ambadiang vraiment,Vanessa Emini,2026-09-01,keyword:mpox
1013658971056241,https://www.facebook.com/photo?fbid=1013658971056241&set=a.241665181588961,,2026-06-09,"Séverin Martial Ambadiang allez sur la page du minsante,on n'y communique..c'est vous qui ne voulez pas être éduqué",Elkija Zorobabel,2026-09-01,keyword:mpox
1013658971056241,https://www.facebook.com/photo?fbid=1013658971056241&set=a.241665181588961,,2026-06-09,Séverin Martial Ambadiang Waips ! La chasse au sensationnel !,Mamadou Ouedraogo,2026-09-01,keyword:mpox
1013658971056241,https://www.facebook.com/photo?fbid=1013658971056241&set=a.241665181588961,,2026-06-09,Please involve the Baptist Hospital at Mutengene and other health facilities in Fako and SW in general.,Benjamin Nchamncham Wandin,2026-09-01,keyword:mpox
1013658971056241,https://www.facebook.com/photo?fbid=1013658971056241&set=a.241665181588961,,2026-06-09,Benjamin Nchamncham Wandin why Baptist hospital one lady had it in Tombel and the district hospital in Tombel treated her and she is doing fine today,Agbor Obi Susan,2026-09-01,keyword:mpox
1013658971056241,https://www.facebook.com/photo?fbid=1013658971056241&set=a.241665181588961,,2026-06-09,Wuna de only tell we the outbreak of the disease. Wuna tell we too how for prevent am or on how not to get in contact with it,KB Mocha,2026-09-01,keyword:mpox
1013658971056241,https://www.facebook.com/photo?fbid=1013658971056241&set=a.241665181588961,,2026-06-09,"Don't say, ""the first mpox case."" Just say, ""A mpox case has been confirmed."" Why? Because the phrase ""the first"" immediately suggests that more cases are expected. It subtly shifts the audience from thinking about what has happened to worrying about what might happen next. You wouldn't say, ""The first accident has occurred at the roundabout."" You would simply say, ""An accident has occurred at the roundabout."" Sarah Etonge is called first in a race because there is a second, third, and fourth runner behind her. This is why I question the WHO-style framing of ""the first case."" To me, it sounds less like reporting a fact and more like preparing the public for a larger narrative. Fear is often easier to sustain when people are led to expect that worse is coming. And when fear grows, so do calls for emergency measures, funding, and interventions. Why not simply report the facts? A mpox case has been confirmed. Let people deal with the reality of what has happened, rather than immediately framing it as the beginning of something bigger.",Roland Ndifor,2026-09-01,keyword:mpox
1013658971056241,https://www.facebook.com/photo?fbid=1013658971056241&set=a.241665181588961,,2026-06-09,Roland Ndifor is that picture Real ?,Fontawah Tse,2026-09-01,keyword:mpox
1013658971056241,https://www.facebook.com/photo?fbid=1013658971056241&set=a.241665181588961,,2026-06-09,"Roland Ndifor j'ai vraiment aimé votre intervention, Bravo",Abdelkadre Ahmat Assane,2026-09-01,keyword:mpox
1013658971056241,https://www.facebook.com/photo?fbid=1013658971056241&set=a.241665181588961,,2026-06-09,Nous on savait que le mpox c'est la ferraille. Je ne savais pas que c'était aussi une maladie hein.,L'Entrepreneur Ngono,2026-09-01,keyword:mpox
1013658971056241,https://www.facebook.com/photo?fbid=1013658971056241&set=a.241665181588961,,2026-06-09,L'Entrepreneur Ngono,Augustine Essi,2026-09-01,keyword:mpox
1013658971056241,https://www.facebook.com/photo?fbid=1013658971056241&set=a.241665181588961,,2026-06-09,L'Entrepreneur Ngono,Christian Beyeck,2026-09-01,keyword:mpox
1013658971056241,https://www.facebook.com/photo?fbid=1013658971056241&set=a.241665181588961,,2026-06-09,"L'Entrepreneur Ngono tu as enlevé cow pour rester avec ""pox""!",Casimir Toumaka,2026-09-01,keyword:mpox
1013658971056241,https://www.facebook.com/photo?fbid=1013658971056241&set=a.241665181588961,,2026-06-09,L'Entrepreneur Ngono une maladie mortelle en plus,Laura Wandji,2026-09-01,keyword:mpox
1013658971056241,https://www.facebook.com/photo?fbid=1013658971056241&set=a.241665181588961,,2026-06-09,L'Entrepreneur Ngono,Sā Mbāmoise,2026-09-01,keyword:mpox
1013658971056241,https://www.facebook.com/photo?fbid=1013658971056241&set=a.241665181588961,,2026-06-09,L'Entrepreneur Ngono kapan kamu benar-benar serius di negara ini????,Anny Soso'o,2026-09-01,keyword:mpox
1013658971056241,https://www.facebook.com/photo?fbid=1013658971056241&set=a.241665181588961,,2026-06-09,L'Entrepreneur Ngono,Deux Lions la Jungle,2026-09-01,keyword:mpox
1013658971056241,https://www.facebook.com/photo?fbid=1013658971056241&set=a.241665181588961,,2026-06-09,"L'Entrepreneur Ngono je ris depuis ça ne finis pas 
 je sors même du commentaire mais je reviens toujours rire",Gladys Tegel,2026-09-01,keyword:mpox
1013658971056241,https://www.facebook.com/photo?fbid=1013658971056241&set=a.241665181588961,,2026-06-09,"L'Entrepreneur Ngono 
 les camerounais vois n'êtes jamais sérieux",Richelle Essi,2026-09-01,keyword:mpox
1013658971056241,https://www.facebook.com/photo?fbid=1013658971056241&set=a.241665181588961,,2026-06-09,L'Entrepreneur Ngono,Stephane Emvana,2026-09-01,keyword:mpox
1485278223626210,https://www.facebook.com/photo?fbid=1485273773626655&set=pcb.1485278223626210,,2026-07-07,It would help to know WHERE that case got diagnosed.,Peter Sauer,2026-09-01,keyword:mpox
1485278223626210,https://www.facebook.com/photo?fbid=1485273773626655&set=pcb.1485278223626210,,2026-06-30,Sabihin nyo po lugar meron confirmed mpox upang alertado residents ng lugar. Thanks,Taganaga Elloy,2026-09-01,keyword:mpox
1485278223626210,https://www.facebook.com/photo?fbid=1485273773626655&set=pcb.1485278223626210,,2026-07-07,What?!?!! Now it's mpox!!!!  Lord have mercy! Am a senior citizen!,Elizabeth Rose Mendoza,2026-09-01,keyword:mpox
1485278223626210,https://www.facebook.com/photo?fbid=1485273773626655&set=pcb.1485278223626210,,2026-07-07,Hahahahaha sana nahawa na lahat nasa edsa,LittleJohn Villamor,2026-09-01,keyword:mpox
1485278223626210,https://www.facebook.com/photo?fbid=1485273773626655&set=pcb.1485278223626210,,2026-07-07,Where in particular place got diagnosed ?,Belle Bernardo Maddagan,2026-09-01,keyword:mpox
1485278223626210,https://www.facebook.com/photo?fbid=1485273773626655&set=pcb.1485278223626210,,2026-07-07,Jus Ti Ne Kris Ashley Bercero Jalon Krishna Bercero  self care and prevention wear face mask and wash hand often with soap and water.,Kris Ber Jal,2026-09-01,keyword:mpox
1485278223626210,https://www.facebook.com/photo?fbid=1485273773626655&set=pcb.1485278223626210,,2026-07-07,Sus bka pakalat lng yan dhil sa rally sa edsa,Margie Diaz,2026-09-01,keyword:mpox
1485278223626210,https://www.facebook.com/photo?fbid=1485273773626655&set=pcb.1485278223626210,,2026-07-07,Tagal ng sakit yan noon pa yan 80s sakit na yan tawag dyan sa probinsya kurikong pagtinamaan ka dyan lahat talaga ng katawan mo magkakakurikong,Hay Dee,2026-09-01,keyword:mpox
1485278223626210,https://www.facebook.com/photo?fbid=1485273773626655&set=pcb.1485278223626210,,2026-07-07,Ang bungag araw ngayon mpox na ang tawag,Rose Garces,2026-09-01,keyword:mpox
1485278223626210,https://www.facebook.com/photo?fbid=1485273773626655&set=pcb.1485278223626210,,2026-07-07,DepEd Philippines,Kur Dapya,2026-09-01,keyword:mpox
1643287317807140,https://www.facebook.com/photo?fbid=1643287317807140&set=a.690568756412339,,2026-04-28,Let them stop eating monkeys,Anyang Majok Anyang Padiet,2026-09-01,keyword:mpox
1643287317807140,https://www.facebook.com/photo?fbid=1643287317807140&set=a.690568756412339,,2026-04-28,Bad news,Jame Lita Jamboido,2026-09-01,keyword:mpox
1643287317807140,https://www.facebook.com/photo?fbid=1643287317807140&set=a.690568756412339,,2026-04-28,How far with the bitter roots in mudubai?,Riko Lily,2026-09-01,keyword:mpox
1643287317807140,https://www.facebook.com/photo?fbid=1643287317807140&set=a.690568756412339,,2026-04-28,"#southsudanfirstunited #OfficeOfTheVicePresident #OFFICEOFTHEPRESIDENT Office of the President - Republic of South Sudan 31 confirmed Mpox cases in Western Equatoria are a test of our systems, not our politics. Nation First means: 1. State government has the duty to lead the response - and they are. 2. The national government has the duty to fund and supply - vaccines, labs, and training. 3. Citizens have the duty to follow health guidance and stop rumours. This is not SPLM vs IO vs SSOA. Mpox does not carry a party card. Many Tribes, One Nation - and one health system we all must strengthen. We call on the Revitalised Transitional Government to show unity in this response, so families in W. Equatoria feel the nation behind them. #SouthSudanFirstUnited #NationFirst #PublicHealth",South Sudan First United,2026-09-01,keyword:mpox
1643287317807140,https://www.facebook.com/photo?fbid=1643287317807140&set=a.690568756412339,,2026-04-28,There's a need for medical attention.,Pure Life Network -PLN Organization,2026-09-01,keyword:mpox
1643287317807140,https://www.facebook.com/photo?fbid=1643287317807140&set=a.690568756412339,,2026-04-28,Non technical personnel,Jacqueline Lwoki,2026-09-01,keyword:mpox
1643287317807140,https://www.facebook.com/photo?fbid=1643287317807140&set=a.690568756412339,,2026-04-28,,Dōris Lado,2026-09-01,keyword:mpox
1643287317807140,https://www.facebook.com/photo?fbid=1643287317807140&set=a.690568756412339,,2026-04-28,This is so bad,Mabor Kon Mayen,2026-09-01,keyword:mpox
1643287317807140,https://www.facebook.com/photo?fbid=1643287317807140&set=a.690568756412339,,2026-04-28,Now they want more money to squander. So many other diseases are still life-threatening here in W.E.S including Malaria especially amongst U-5 children. All these other diseases should be brought to attention not just that can attract more fund.,Robert Taban,2026-09-01,keyword:mpox
1643287317807140,https://www.facebook.com/photo?fbid=1643287317807140&set=a.690568756412339,,2026-04-28,"Yunvee Leben , Paul Kanido Pkado , Aniue Agnes , Steward Thomas , Mundele Dukpazande William u guys should be vigilant and make sure u carantine urself for 14 days before coming to our state. I just hope u all are safe",Benny Mandela Nelson,2026-09-01,keyword:mpox
1643287317807140,https://www.facebook.com/photo?fbid=1643287317807140&set=a.690568756412339,,2026-04-28,Benny Mandela NelsonBenny Mandela Nelson you know me and safe are brothers there nothing to worry about me with bro infact I will sleep in your house when I come there,Mundele Dukpazande William,2026-09-01,keyword:mpox
1643287317807140,https://www.facebook.com/photo?fbid=1643287317807140&set=a.690568756412339,,2026-04-28,"Benny Mandela Nelson we are always safe aku don't worry, infact you're welcome here",Yunvee Leben,2026-09-01,keyword:mpox
1643287317807140,https://www.facebook.com/photo?fbid=1643287317807140&set=a.690568756412339,,2026-04-28,Western Ekuatoria state has so many diseases cases more than any other state in South sudan that mean the so-called azande people should be send back to the place of their ancestors in congo and central Africa republic to free south sudan from increasing deadly diseases everyday,Mayom Lual Mayom,2026-09-01,keyword:mpox
1643287317807140,https://www.facebook.com/photo?fbid=1643287317807140&set=a.690568756412339,,2026-04-28,"Mayom Lual Mayom Rotten brain 
 and cattle keepers brain is talking",Nzaku Charles,2026-09-01,keyword:mpox
1643287317807140,https://www.facebook.com/photo?fbid=1643287317807140&set=a.690568756412339,,,"Nzaku CharlesNzaku Charles If you have a good brain, then rescue your people of Western Ekuatoria from these diseases and leave me in peace",,2026-09-01,keyword:mpox
1643287317807140,https://www.facebook.com/photo?fbid=1643287317807140&set=a.690568756412339,,2026-04-28,Mayom Lual Mayom For Your information the disease started in DRC then came in here,Mundele Dukpazande William,2026-09-01,keyword:mpox
1643287317807140,https://www.facebook.com/photo?fbid=1643287317807140&set=a.690568756412339,,2026-04-28,Spudity of high level.,Elias Ginana,2026-09-01,keyword:mpox
1643287317807140,https://www.facebook.com/photo?fbid=1643287317807140&set=a.690568756412339,,2026-04-28,"Mayom Lual Mayom this is how you guys will not stop tribalism.hate speech,you guys will continue to die because of having bad heart",Monika Severino,2026-09-01,keyword:mpox
1643287317807140,https://www.facebook.com/photo?fbid=1643287317807140&set=a.690568756412339,,,"Monika SeverinoMonika Severino This is all about information, brother . If you take it hard, it's also fine",,2026-09-01,keyword:mpox
1643287317807140,https://www.facebook.com/photo?fbid=1643287317807140&set=a.690568756412339,,2026-04-28,I cannot blim you aku,Emmanuel Kimbo,2026-09-01,keyword:mpox
1643287317807140,https://www.facebook.com/photo?fbid=1643287317807140&set=a.690568756412339,,2026-04-28,Our Ministry of health needs to provide isolation centre otherwise,Yunvee Leben,2026-09-01,keyword:mpox
1643287317807140,https://www.facebook.com/photo?fbid=1643287317807140&set=a.690568756412339,,2026-04-28,Govt should at this especially minister of health and sanitation they are eating money while others are suffering anyway God is above all,Chol Rise,2026-09-01,keyword:mpox
1643287317807140,https://www.facebook.com/photo?fbid=1643287317807140&set=a.690568756412339,,2026-04-28,MOH should urgently respond,Allan Bolol,2026-09-01,keyword:mpox
1643287317807140,https://www.facebook.com/photo?fbid=1643287317807140&set=a.690568756412339,,2026-04-28,We told them earlier don't eat monkey they don't listen!!!,Bushra Atem Kuot Majak,2026-09-01,keyword:mpox
1643287317807140,https://www.facebook.com/photo?fbid=1643287317807140&set=a.690568756412339,,2026-04-28,"Bushra Atem Kuot Majak who taught you that Mpox cause from eating 
 ????",Tu Cix John,2026-09-01,keyword:mpox
1643287317807140,https://www.facebook.com/photo?fbid=1643287317807140&set=a.690568756412339,,,"Tu Cix John I was discovered it since 1988, when the South Sudan facing, famine, drought, disease and Sudan conflict",,2026-09-01,keyword:mpox
1643287317807140,https://www.facebook.com/photo?fbid=1643287317807140&set=a.690568756412339,,,"Bushra Atem Kuot Majak The English you are using shows you have no idea about what you're talking about and don't forget infection is not for one person or place 
 hence stop having chicken mindsets.",,2026-09-01,keyword:mpox
1643287317807140,https://www.facebook.com/photo?fbid=1643287317807140&set=a.690568756412339,,,Zaki Kenneth Paul shallow brain thinker speak and wiseman listen,,2026-09-01,keyword:mpox
1643287317807140,https://www.facebook.com/photo?fbid=1643287317807140&set=a.690568756412339,,,"Bushra Atem Kuot Majak haha 
 I wonder 
 there nothing like oppitacal",,2026-09-01,keyword:mpox
1643287317807140,https://www.facebook.com/photo?fbid=1643287317807140&set=a.690568756412339,,2026-04-28,"Bushra Atem Kuot Majak that's means your discovery is not correct then perhaps your 
 is not inorder",Tu Cix John,2026-09-01,keyword:mpox
1369842381683274,https://www.facebook.com/photo?fbid=1369842381683274&set=a.497885732212281,@Rumored mpox case in a Mandaluyong condo spark panic,2026-06-30,READ: https://radar.ph/rumored-mpox-case-in-a-mandaluyong.../,radar.ph,2026-09-01,keyword:mpox
1369842381683274,https://www.facebook.com/photo?fbid=1369842381683274&set=a.497885732212281,@Rumored mpox case in a Mandaluyong condo spark panic,2026-06-30,dapat palagi kang mag inum.ng gin para hnd tumagal ang bacteria sa loob ng katawan mo,Bryan Noveno Nasabal,2026-09-01,keyword:mpox
1369842381683274,https://www.facebook.com/photo?fbid=1369842381683274&set=a.497885732212281,@Rumored mpox case in a Mandaluyong condo spark panic,2026-07-07,,Ben Bustamante,2026-09-01,keyword:mpox
1369842381683274,https://www.facebook.com/photo?fbid=1369842381683274&set=a.497885732212281,@Rumored mpox case in a Mandaluyong condo spark panic,2026-06-30,Dati ng may mpox bakit issue yan,Randy Basoc,2026-09-01,keyword:mpox
1369842381683274,https://www.facebook.com/photo?fbid=1369842381683274&set=a.497885732212281,@Rumored mpox case in a Mandaluyong condo spark panic,2026-07-07,Ibabad nio sa tubig ulan,Alexander Zaballero,2026-09-01,keyword:mpox
1369842381683274,https://www.facebook.com/photo?fbid=1369842381683274&set=a.497885732212281,@Rumored mpox case in a Mandaluyong condo spark panic,2026-06-30,Going travel yan,Heaven Zednanref,2026-09-01,keyword:mpox
1369842381683274,https://www.facebook.com/photo?fbid=1369842381683274&set=a.497885732212281,@Rumored mpox case in a Mandaluyong condo spark panic,2026-06-30,"Hindi yan mpox..chicken pox yan..mga nagkakatoon yan yong hi di pa nagkaroon ng chicken pox athi diyan lalabas sabahay nyo kong di kayo lahat magkRoon ng ganyan virus..natural lang yan sa taonag,akaganyan kong di ka pa nagka ganyan mas maganda bata pa magkaganyan..dahil maalis pa peklat!",Hay Dee,2026-09-01,keyword:mpox
1369842381683274,https://www.facebook.com/photo?fbid=1369842381683274&set=a.497885732212281,@Rumored mpox case in a Mandaluyong condo spark panic,2026-06-30,"Mga beki rin nagkakalat nyan,kc karamihan kaso nyan mga nakikipag sex sa kapwa lalaki.",Kaleb Trujillo,2026-09-01,keyword:mpox
1369842381683274,https://www.facebook.com/photo?fbid=1369842381683274&set=a.497885732212281,@Rumored mpox case in a Mandaluyong condo spark panic,2026-06-30,how to protect yourself from mpox/pridepox= wag kang lgbt,Nic Rubrica Patdu,2026-09-01,keyword:mpox
1369842381683274,https://www.facebook.com/photo?fbid=1369842381683274&set=a.497885732212281,@Rumored mpox case in a Mandaluyong condo spark panic,2026-06-30,ka ololan lang yan,Fernandez Benjie Capal,2026-09-01,keyword:mpox
1369842381683274,https://www.facebook.com/photo?fbid=1369842381683274&set=a.497885732212281,@Rumored mpox case in a Mandaluyong condo spark panic,2026-06-30,Maligo kA ng Colantro,Menchu VB Arandilla,2026-09-01,keyword:mpox
1351717567163687,https://www.facebook.com/photo?fbid=1351717567163687&set=a.410855991249854,@Confirmed mpox case puts Mandaluyong condo on alert,2026-06-30,READ: https://bilyonaryo.com/.../confirmed-mpox-case.../health/,Bilyonaryo,2026-09-01,keyword:mpox
1351717567163687,https://www.facebook.com/photo?fbid=1351717567163687&set=a.410855991249854,@Confirmed mpox case puts Mandaluyong condo on alert,2026-06-30,Bka pwede syang paliguan ng pinakulohan na dahon ng LAGUNDI ..kc meron itong anti Bacteria..Anti Virus ....at iba png dahon24...magtuob din...suggestion lng bka sakali mkatulong,Delia Villanueva,2026-09-01,keyword:mpox
1351717567163687,https://www.facebook.com/photo?fbid=1351717567163687&set=a.410855991249854,@Confirmed mpox case puts Mandaluyong condo on alert,2026-06-30,Delia Villanueva dahon ng bayabas po ok din po ba un,Marsha Torres,2026-09-01,keyword:mpox
1351717567163687,https://www.facebook.com/photo?fbid=1351717567163687&set=a.410855991249854,@Confirmed mpox case puts Mandaluyong condo on alert,2026-06-30,plot twist nagpunta ng pride march yung nagpositive hahaha,Nyx Nickmann,2026-09-01,keyword:mpox
1351717567163687,https://www.facebook.com/photo?fbid=1351717567163687&set=a.410855991249854,@Confirmed mpox case puts Mandaluyong condo on alert,2026-06-30,Nyx Nickmann galing pala sa hk don sa spa na may mpox outbreak,Herv Nat,2026-09-01,keyword:mpox
1351717567163687,https://www.facebook.com/photo?fbid=1351717567163687&set=a.410855991249854,@Confirmed mpox case puts Mandaluyong condo on alert,2026-06-30,Nyx Nickmann ikaw sana tamaan,Fye Tsuramaki,2026-09-01,keyword:mpox
1351717567163687,https://www.facebook.com/photo?fbid=1351717567163687&set=a.410855991249854,@Confirmed mpox case puts Mandaluyong condo on alert,2026-06-30,Nyx Nickmann menyebarkan berita yang tidak terbukti.,Yohan TK,2026-09-01,keyword:mpox
1351717567163687,https://www.facebook.com/photo?fbid=1351717567163687&set=a.410855991249854,@Confirmed mpox case puts Mandaluyong condo on alert,2026-06-30,Nyx Nickmann sinali n naman ng bangag gang,Navarro Stef,2026-09-01,keyword:mpox
1351717567163687,https://www.facebook.com/photo?fbid=1351717567163687&set=a.410855991249854,@Confirmed mpox case puts Mandaluyong condo on alert,2026-06-30,What “Month” is it???,Chris Streegan,2026-09-01,keyword:mpox
1351717567163687,https://www.facebook.com/photo?fbid=1351717567163687&set=a.410855991249854,@Confirmed mpox case puts Mandaluyong condo on alert,2026-06-30,Chris Streegan june,Flailing OldMan,2026-09-01,keyword:mpox
1351717567163687,https://www.facebook.com/photo?fbid=1351717567163687&set=a.410855991249854,@Confirmed mpox case puts Mandaluyong condo on alert,2026-06-30,Chris Streegan You think??? It's possible...,Greg Melendres,2026-09-01,keyword:mpox
1351717567163687,https://www.facebook.com/photo?fbid=1351717567163687&set=a.410855991249854,@Confirmed mpox case puts Mandaluyong condo on alert,2026-06-30,Chris Streegan pridemonth,Mathel Romero,2026-09-01,keyword:mpox
1351717567163687,https://www.facebook.com/photo?fbid=1351717567163687&set=a.410855991249854,@Confirmed mpox case puts Mandaluyong condo on alert,2026-06-30,"Marc Miranda 
 butthurt much?? so brave commenting behind a locked profile and no photo. you know zero and since you decided to mention my wife I’m sure you don’t mind falling down and never getting back up 
happy dirt nap",Chris Streegan,2026-09-01,keyword:mpox
1351717567163687,https://www.facebook.com/photo?fbid=1351717567163687&set=a.410855991249854,@Confirmed mpox case puts Mandaluyong condo on alert,2026-07-07,In these times of many viruses na ng kalat lamang talaga ang may alam. buti nalang we are taking Fern d virus and bacteria defense,Jerelyn Diongco,2026-09-01,keyword:mpox
1351717567163687,https://www.facebook.com/photo?fbid=1351717567163687&set=a.410855991249854,@Confirmed mpox case puts Mandaluyong condo on alert,2026-06-30,WHAT CONDO? release it tp the public!,Itin Lachica-Umali,2026-09-01,keyword:mpox
1351717567163687,https://www.facebook.com/photo?fbid=1351717567163687&set=a.410855991249854,@Confirmed mpox case puts Mandaluyong condo on alert,2026-06-30,Chester Rodriguez,Danica Ling Lopido,2026-09-01,keyword:mpox
1351717567163687,https://www.facebook.com/photo?fbid=1351717567163687&set=a.410855991249854,@Confirmed mpox case puts Mandaluyong condo on alert,2026-06-30,Avida Towers Centera Malapit sa Fame Residences sa Greenfield District,Dextiee Pads,2026-09-01,keyword:mpox
1351717567163687,https://www.facebook.com/photo?fbid=1351717567163687&set=a.410855991249854,@Confirmed mpox case puts Mandaluyong condo on alert,2026-07-07,Dexietere Padua naku po jusq lord,Bucz か,2026-09-01,keyword:mpox
1351717567163687,https://www.facebook.com/photo?fbid=1351717567163687&set=a.410855991249854,@Confirmed mpox case puts Mandaluyong condo on alert,2026-07-07,Adrian Daruel Cabrera Adriano,Sydney DelMundo Cabrera,2026-09-01,keyword:mpox
1351717567163687,https://www.facebook.com/photo?fbid=1351717567163687&set=a.410855991249854,@Confirmed mpox case puts Mandaluyong condo on alert,2026-06-30,"> I know the condo, it's along EDSA.",Xhris Xian,2026-09-01,keyword:mpox
1351717567163687,https://www.facebook.com/photo?fbid=1351717567163687&set=a.410855991249854,@Confirmed mpox case puts Mandaluyong condo on alert,2026-06-30,Anlet,Jell De Veas Torregoza,2026-09-01,keyword:mpox
1351717567163687,https://www.facebook.com/photo?fbid=1351717567163687&set=a.410855991249854,@Confirmed mpox case puts Mandaluyong condo on alert,2026-06-30,Its the bad stuff that makes it do that,Jason Isaiah,2026-09-01,keyword:mpox
1351717567163687,https://www.facebook.com/photo?fbid=1351717567163687&set=a.410855991249854,@Confirmed mpox case puts Mandaluyong condo on alert,2026-06-30,"Im not surprised 
 nagkalat sila sa greenfield",Sandro Rivera,2026-09-01,keyword:mpox
1351717567163687,https://www.facebook.com/photo?fbid=1351717567163687&set=a.410855991249854,@Confirmed mpox case puts Mandaluyong condo on alert,2026-06-30,That's an allergy,Emily Anderson,2026-09-01,keyword:mpox
1351717567163687,https://www.facebook.com/photo?fbid=1351717567163687&set=a.410855991249854,@Confirmed mpox case puts Mandaluyong condo on alert,2026-06-30,Emily Anderson ano po ba yang m pox na yan,Marsha Torres,2026-09-01,keyword:mpox
1351717567163687,https://www.facebook.com/photo?fbid=1351717567163687&set=a.410855991249854,@Confirmed mpox case puts Mandaluyong condo on alert,2026-07-07,"Stay safe & healthy Nel, Cecile, Pochit & Yna. God bless you 4 always.",NonoyandLulu Veguillas,2026-09-01,keyword:mpox
1351717567163687,https://www.facebook.com/photo?fbid=1351717567163687&set=a.410855991249854,@Confirmed mpox case puts Mandaluyong condo on alert,2026-06-30,"STDs, HIV+ virus na hindi takot mga tao.",Marie Jean Cebu Taniajura,2026-09-01,keyword:mpox
1351717567163687,https://www.facebook.com/photo?fbid=1351717567163687&set=a.410855991249854,@Confirmed mpox case puts Mandaluyong condo on alert,2026-06-30,Marie Jean Cebu Taniajura mas mala naman yan. Dyan dapat matakot tao,Clare Regala Vitug,2026-09-01,keyword:mpox
1351717567163687,https://www.facebook.com/photo?fbid=1351717567163687&set=a.410855991249854,@Confirmed mpox case puts Mandaluyong condo on alert,2026-06-30,Nakakabawa ba yan teh?,Cinch Dionisio,2026-09-01,keyword:mpox
1351717567163687,https://www.facebook.com/photo?fbid=1351717567163687&set=a.410855991249854,@Confirmed mpox case puts Mandaluyong condo on alert,2026-06-30,Side effect ito ng safe and effect.,Djoy Salazar,2026-09-01,keyword:mpox
1511605530997660,https://www.facebook.com/photo?fbid=1511605530997660&set=a.358086816349543,,2026-08-25,I’m glad that I’m officially marked safe from monkey pox.,Mike O'Brien,2026-09-01,keyword:mpox
1511605530997660,https://www.facebook.com/photo?fbid=1511605530997660&set=a.358086816349543,,2026-08-25,Provincetown look out! Get those monkeypox jabs.,Nat Chomama,2026-09-01,keyword:mpox
1511605530997660,https://www.facebook.com/photo?fbid=1511605530997660&set=a.358086816349543,,2026-08-25,Nat Chomama only MAGAts refuse vaccines. But it's great since it proves out Darwin's theory and eliminates more MAGAts.,Bob Sheehan,2026-09-01,keyword:mpox
1511605530997660,https://www.facebook.com/photo?fbid=1511605530997660&set=a.358086816349543,,2026-08-25,"anyone can contract mpox (formerly known as monkeypox) regardless of their gender or sexual orientation How Mpox SpreadsSkin-to-skin contact: The virus spreads mostly through close, personal contact with an infected person's rash, scabs, or bodily fluids. Day-to-day contact: You can catch it by kissing, hugging, or massaging someone who is sick. Shared objects: Touching items like clothing, bedding, or towels used by an infectious person can also spread the virus",Julie Morse,2026-09-01,keyword:mpox
1511605530997660,https://www.facebook.com/photo?fbid=1511605530997660&set=a.358086816349543,,2026-08-25,Nat Chomama awww! Look at your horribly cute fake name!! Is the one friend you have the person whose account you hacked?,Donna Torrey,2026-09-01,keyword:mpox
1511605530997660,https://www.facebook.com/photo?fbid=1511605530997660&set=a.358086816349543,,2026-08-25,Midterm variant.,Kate Smith,2026-09-01,keyword:mpox
1511605530997660,https://www.facebook.com/photo?fbid=1511605530997660&set=a.358086816349543,,2026-08-25,Kate Smith oh how cute...you think you are,Layna St. Jean,2026-09-01,keyword:mpox
1511605530997660,https://www.facebook.com/photo?fbid=1511605530997660&set=a.358086816349543,,2026-08-25,Do people not realize that not everyone can get monkey pox? If you don’t pack fudge you are good,Lynn Frates,2026-09-01,keyword:mpox
1511605530997660,https://www.facebook.com/photo?fbid=1511605530997660&set=a.358086816349543,,2026-08-25,"Lynn Frates nah , they'd rather just say stupid uneducated comments because they are stupid and uneducated.",David Irwin,2026-09-01,keyword:mpox
1511605530997660,https://www.facebook.com/photo?fbid=1511605530997660&set=a.358086816349543,,2026-08-25,Lynn Frates Ignorant,Mark Savino,2026-09-01,keyword:mpox
1511605530997660,https://www.facebook.com/photo?fbid=1511605530997660&set=a.358086816349543,,2026-08-25,Lynn Frates thanks for the medical advice..Dr. dunning-kruger,Rob Hawksley,2026-09-01,keyword:mpox
1511605530997660,https://www.facebook.com/photo?fbid=1511605530997660&set=a.358086816349543,,2026-08-25,Lynn Frates what an ignorant homophobic comment. Anyone can get mpox.,Rob Dixon,2026-09-01,keyword:mpox
1511605530997660,https://www.facebook.com/photo?fbid=1511605530997660&set=a.358086816349543,,2026-08-25,Lynn Fratesyou ignorant hateful piece of crap.,Dawn Fox DeFeo,2026-09-01,keyword:mpox
1511605530997660,https://www.facebook.com/photo?fbid=1511605530997660&set=a.358086816349543,,2026-08-25,Lynn Frates wow aren't you delusional... Absolutely anyone can catch it actually...,Holly Harald,2026-09-01,keyword:mpox
1511605530997660,https://www.facebook.com/photo?fbid=1511605530997660&set=a.358086816349543,,2026-08-25,Wow classy,Patricia Sivertsen,2026-09-01,keyword:mpox
1511605530997660,https://www.facebook.com/photo?fbid=1511605530997660&set=a.358086816349543,,2026-08-25,Lynn Frates dumbest statement ever,Billy Gonsalves,2026-09-01,keyword:mpox
1511605530997660,https://www.facebook.com/photo?fbid=1511605530997660&set=a.358086816349543,,2026-08-25,Next on the list roach pox.....,Sylvia Strickland,2026-09-01,keyword:mpox
1511605530997660,https://www.facebook.com/photo?fbid=1511605530997660&set=a.358086816349543,,2026-08-25,"Sylvia Strickland Eh hm. R-Pox, to be politically correct. Lol",Steven Spencer,2026-09-01,keyword:mpox
1511605530997660,https://www.facebook.com/photo?fbid=1511605530997660&set=a.358086816349543,,2026-08-25,If you were vaxxed for smallpox you have nothing to worry about.,Lorenzo Guglielmetto,2026-09-01,keyword:mpox
1511605530997660,https://www.facebook.com/photo?fbid=1511605530997660&set=a.358086816349543,,2026-08-25,This is what happens when you have a direct flight from Ebola,Mark Briggs,2026-09-01,keyword:mpox
1511605530997660,https://www.facebook.com/photo?fbid=1511605530997660&set=a.358086816349543,,2026-08-25,What next a zombie outbreak,Bill Ellis,2026-09-01,keyword:mpox
1511605530997660,https://www.facebook.com/photo?fbid=1511605530997660&set=a.358086816349543,,2026-08-25,Bill Ellis already happened haven't you seen the addicts on every corner?,Wendy Pierce,2026-09-01,keyword:mpox
1511605530997660,https://www.facebook.com/photo?fbid=1511605530997660&set=a.358086816349543,,2026-08-25,Bill Ellis I think they’re already here,Christine Marie,2026-09-01,keyword:mpox
1511605530997660,https://www.facebook.com/photo?fbid=1511605530997660&set=a.358086816349543,,2026-08-25,Bill Ellis Probably,Dawn Fox DeFeo,2026-09-01,keyword:mpox
1511605530997660,https://www.facebook.com/photo?fbid=1511605530997660&set=a.358086816349543,,2026-08-25,Bill Ellis it’s already happened - it’s called MAGA,Phil O'Connell,2026-09-01,keyword:mpox
1511605530997660,https://www.facebook.com/photo?fbid=1511605530997660&set=a.358086816349543,,2026-08-25,Just in time for midterms!,Kara Duffee,2026-09-01,keyword:mpox
1511605530997660,https://www.facebook.com/photo?fbid=1511605530997660&set=a.358086816349543,,2026-08-25,Kara Duffee and that means what?,David Irwin,2026-09-01,keyword:mpox
1511605530997660,https://www.facebook.com/photo?fbid=1511605530997660&set=a.358086816349543,,2026-08-25,If only we had a inoculation for that....,Steven Cook,2026-09-01,keyword:mpox
1584813583654514,https://www.facebook.com/photo?fbid=1584813583654514&set=a.690568753079006,,2026-02-17,"There is no need to send cases to Juba, only sample",Abraham John,2026-09-01,keyword:mpox
1584813583654514,https://www.facebook.com/photo?fbid=1584813583654514&set=a.690568753079006,,2026-02-24,Abraham John you tell them,Paulino Mathuc Madut Kur,2026-09-01,keyword:mpox
1584813583654514,https://www.facebook.com/photo?fbid=1584813583654514&set=a.690568753079006,,2026-02-24,Abraham John I think the writer meant sample were send to Juba not the patients.,Jb Deng Bak,2026-09-01,keyword:mpox
1584813583654514,https://www.facebook.com/photo?fbid=1584813583654514&set=a.690568753079006,,2026-02-24,Abraham John Maybe the patient requires specialized treatment.,Bangachy Simone,2026-09-01,keyword:mpox
1584813583654514,https://www.facebook.com/photo?fbid=1584813583654514&set=a.690568753079006,,2026-02-24,"My daughter already has it and I don't know what to do 
am in Juba too",Sarah Kakule Hallie,2026-09-01,keyword:mpox
1584813583654514,https://www.facebook.com/photo?fbid=1584813583654514&set=a.690568753079006,,,Sarah Kakule Hallie Really,,2026-09-01,keyword:mpox
1584813583654514,https://www.facebook.com/photo?fbid=1584813583654514&set=a.690568753079006,,2026-02-24,Abraham John only,Supres Innocent,2026-09-01,keyword:mpox
1584813583654514,https://www.facebook.com/photo?fbid=1584813583654514&set=a.690568753079006,,2026-02-24,Abraham John how do you carry a sample of skin disease??,Kur Isaiah Maluk,2026-09-01,keyword:mpox
1584813583654514,https://www.facebook.com/photo?fbid=1584813583654514&set=a.690568753079006,,2026-02-17,Ooooh my God so you mean the samples have been transferred to Juba or the patients ? Let it not be what am thinking,Moses Humanmind,2026-09-01,keyword:mpox
1584813583654514,https://www.facebook.com/photo?fbid=1584813583654514&set=a.690568753079006,,2026-02-24,"Moses Humanmind suspected cases which means the patients sir , exactly what you are thinking",Uguak Yak Uguak,2026-09-01,keyword:mpox
1584813583654514,https://www.facebook.com/photo?fbid=1584813583654514&set=a.690568753079006,,,Uguak Yak Uguak,,2026-09-01,keyword:mpox
1584813583654514,https://www.facebook.com/photo?fbid=1584813583654514&set=a.690568753079006,,2026-02-24,Why not take a sample onsite -MOH?,Marko Adim,2026-09-01,keyword:mpox
1584813583654514,https://www.facebook.com/photo?fbid=1584813583654514&set=a.690568753079006,,2026-02-24,"Marko Adim well commented, there is no need of sending patients to juba for treatment only a sample as recommended by the surveillance task force. My worry.",Samuel Bol Deng,2026-09-01,keyword:mpox
1584813583654514,https://www.facebook.com/photo?fbid=1584813583654514&set=a.690568753079006,,2026-02-24,Is that Language barrier or an error being made for referring the case to Juba. Health wise there's no need to expose the victim to the public but quarantine the victim to avoid multiplication of the disease.,Tombe Paulino,2026-09-01,keyword:mpox
1584813583654514,https://www.facebook.com/photo?fbid=1584813583654514&set=a.690568753079006,,2026-02-24,Tombe Paulino thank you The Ministry of health is Playing Walai,Abraham Akot Garang,2026-09-01,keyword:mpox
1584813583654514,https://www.facebook.com/photo?fbid=1584813583654514&set=a.690568753079006,,2026-02-24,"Tombe PaulinoTombe Paulino, you didn't understand, dear. The statement is clear that the patient is referred to Juba for laboratory confirmation, meaning they suspect mpox but not confirmed. Also, Juba Teaching Hospital is one of the referral hospitals in South Sudan, so in case any condition is not able to be managed in other health facilities, then it's referred to Juba.",Jada Francis,2026-09-01,keyword:mpox
1584813583654514,https://www.facebook.com/photo?fbid=1584813583654514&set=a.690568753079006,,2026-02-24,"Iet sick person apply mud of small spring nor rive on body, the case is over, come thank me later.",Gabriel Paris,2026-09-01,keyword:mpox
1584813583654514,https://www.facebook.com/photo?fbid=1584813583654514&set=a.690568753079006,,2026-02-24,Did you just say for confirmation while you already have given a name ? What is needed now is treatment not confirmation because we have the name Mpoc,Nile Storywork Press,2026-09-01,keyword:mpox
1584813583654514,https://www.facebook.com/photo?fbid=1584813583654514&set=a.690568753079006,,2026-03-17,Did iji could you have,Geng Abuk,2026-09-01,keyword:mpox
1584813583654514,https://www.facebook.com/photo?fbid=1584813583654514&set=a.690568753079006,,2026-03-03,Chicken pox,Nyuon Yien Riek,2026-09-01,keyword:mpox
1584813583654514,https://www.facebook.com/photo?fbid=1584813583654514&set=a.690568753079006,,2026-02-24,Use milk of the tenth,محمد علي محمد شريف,2026-09-01,keyword:mpox
1584813583654514,https://www.facebook.com/photo?fbid=1584813583654514&set=a.690568753079006,,2026-02-24,I think it's simpem juba has good in examining,Khamis Step,2026-09-01,keyword:mpox
1584813583654514,https://www.facebook.com/photo?fbid=1584813583654514&set=a.690568753079006,,2026-02-24,That patient should be isolated from healthy human being careful otherwise it's easily to be transferred,Kerongo Ngot,2026-09-01,keyword:mpox
1584813583654514,https://www.facebook.com/photo?fbid=1584813583654514&set=a.690568753079006,,2026-02-24,Yes that is monkey pox you treat with claxicillin 500mg/5mlTDS for 5 days.,Tiek Yak,2026-09-01,keyword:mpox
1584813583654514,https://www.facebook.com/photo?fbid=1584813583654514&set=a.690568753079006,,2026-02-24,"A very serious epidemic, that the Ministry of Health can organize a vaccination campaign against this virus and especially to sensitize the community about hand washing and other preventive gestures",Kepo Anyume,2026-09-01,keyword:mpox
1584813583654514,https://www.facebook.com/photo?fbid=1584813583654514&set=a.690568753079006,,2026-02-24,Please sorry don't eat monkey again,Sirbalo Saba,2026-09-01,keyword:mpox
1584813583654514,https://www.facebook.com/photo?fbid=1584813583654514&set=a.690568753079006,,2026-02-24,Why sending the cases when they can just send the sample? It's like they're bringing it to Juba in purpose,Amani Jefur,2026-09-01,keyword:mpox
1584813583654514,https://www.facebook.com/photo?fbid=1584813583654514&set=a.690568753079006,,2026-02-24,Amani Jefur,Hon Isdoro Ugali,2026-09-01,keyword:mpox
1584813583654514,https://www.facebook.com/photo?fbid=1584813583654514&set=a.690568753079006,,2026-02-24,You mean Gpoc?,Jr Odoi Martin,2026-09-01,keyword:mpox
1584813583654514,https://www.facebook.com/photo?fbid=1584813583654514&set=a.690568753079006,,2026-02-24,This is chicken pox,Changkuoth Mayiek,2026-09-01,keyword:mpox
122124473247253350,https://www.facebook.com/photo?fbid=122124473247253350&set=a.122100061941253350,,2026-06-09,Womanizers Wuna take care,Fopa Landry Le Bamiléké,2026-09-01,keyword:mpox
122124473247253350,https://www.facebook.com/photo?fbid=122124473247253350&set=a.122100061941253350,,2026-06-09,Try my speed. Follow me and collect 50 followers . Check your notification few minutes after you follow.,AIA Abir Official,2026-09-01,keyword:mpox
122124473247253350,https://www.facebook.com/photo?fbid=122124473247253350&set=a.122100061941253350,,2026-06-09,If there is vaccines for it where can someone get it,Mmoya Uzoamaka,2026-09-01,keyword:mpox
122124473247253350,https://www.facebook.com/photo?fbid=122124473247253350&set=a.122100061941253350,,2026-06-09,Since the pope landed in this country Hmmm.....,Dayan Tchoundjeu,2026-09-01,keyword:mpox
122124473247253350,https://www.facebook.com/photo?fbid=122124473247253350&set=a.122100061941253350,,2026-06-09,May the health authorities in Cameroon and everywhere else be well equipped to handle the outbreak,Halimat Limzy Musa,2026-09-01,keyword:mpox
122124473247253350,https://www.facebook.com/photo?fbid=122124473247253350&set=a.122100061941253350,,2026-06-09,No be small thing ooo,Chioma Chomzy,2026-09-01,keyword:mpox
122124473247253350,https://www.facebook.com/photo?fbid=122124473247253350&set=a.122100061941253350,,2026-06-09,Cameroon is good at handling such issues,Loudelegance,2026-09-01,keyword:mpox
122124473247253350,https://www.facebook.com/photo?fbid=122124473247253350&set=a.122100061941253350,,2026-06-09,"What's happening all over the world bayi,from one to another,may God protect us all o",Itz Abekeakins,2026-09-01,keyword:mpox
122124473247253350,https://www.facebook.com/photo?fbid=122124473247253350&set=a.122100061941253350,,2026-06-09,Thanks for sharing,Tejiri Arikeri,2026-09-01,keyword:mpox
122124473247253350,https://www.facebook.com/photo?fbid=122124473247253350&set=a.122100061941253350,,2026-06-09,Let all be careful and stay healthy,Loudelegance,2026-09-01,keyword:mpox
122124473247253350,https://www.facebook.com/photo?fbid=122124473247253350&set=a.122100061941253350,,2026-06-09,Hope there is an effective vaccine,Decor Accents,2026-09-01,keyword:mpox
122124473247253350,https://www.facebook.com/photo?fbid=122124473247253350&set=a.122100061941253350,,2026-06-09,God take control,Loudelegance,2026-09-01,keyword:mpox
122124473247253350,https://www.facebook.com/photo?fbid=122124473247253350&set=a.122100061941253350,,2026-06-09,Thanks for update,Abigael Ajala,2026-09-01,keyword:mpox
122124473247253350,https://www.facebook.com/photo?fbid=122124473247253350&set=a.122100061941253350,,2026-06-09,,Decor Accents,2026-09-01,keyword:mpox
122124473247253350,https://www.facebook.com/photo?fbid=122124473247253350&set=a.122100061941253350,,2026-06-09,Thanks for update,Decor Accents,2026-09-01,keyword:mpox
122124473247253350,https://www.facebook.com/photo?fbid=122124473247253350&set=a.122100061941253350,,2026-06-09,Thanks for update,Suliyat Bukola Ismail,2026-09-01,keyword:mpox
122124473247253350,https://www.facebook.com/photo?fbid=122124473247253350&set=a.122100061941253350,,2026-06-09,Suliyat Bukola Ismail its not True...i am in Cameroun and there is no such,Uma-victoria Mepoya,2026-09-01,keyword:mpox
122124473247253350,https://www.facebook.com/photo?fbid=122124473247253350&set=a.122100061941253350,,2026-06-09,That looks serious,Decor Accents,2026-09-01,keyword:mpox
122124473247253350,https://www.facebook.com/photo?fbid=122124473247253350&set=a.122100061941253350,,2026-06-09,,Abinwi Muwanki,2026-09-01,keyword:mpox
122124473247253350,https://www.facebook.com/photo?fbid=122124473247253350&set=a.122100061941253350,,2026-06-09,Stay safe,Decor Accents,2026-09-01,keyword:mpox
122124473247253350,https://www.facebook.com/photo?fbid=122124473247253350&set=a.122100061941253350,,2026-06-09,Thanks for sharing this important info,Judoscky Petrocky,2026-09-01,keyword:mpox
122124473247253350,https://www.facebook.com/photo?fbid=122124473247253350&set=a.122100061941253350,,2026-06-09,Judoscky Petrocky nonsense info.....its not true,Uma-victoria Mepoya,2026-09-01,keyword:mpox
122124473247253350,https://www.facebook.com/photo?fbid=122124473247253350&set=a.122100061941253350,,2026-06-09,OMG,Chioma Chomzy,2026-09-01,keyword:mpox
122124473247253350,https://www.facebook.com/photo?fbid=122124473247253350&set=a.122100061941253350,,2026-06-09,Thank you,Favoured Ella,2026-09-01,keyword:mpox
122124473247253350,https://www.facebook.com/photo?fbid=122124473247253350&set=a.122100061941253350,,2026-06-09,God will help us,Mhiz Obansa Oyiza,2026-09-01,keyword:mpox
1276378200762365,https://www.facebook.com/photo?fbid=1276378077429044&set=pcb.1276378200762365,,2025-09-01,Hala meron din akung rashes dati maliit akala ko bun-i kaya nag ointments ako Pero hindi sya gumaling lumaki ng lumaki oh my andito sa gilid ng beywang ko,Precilia Branzuela Duran,2026-09-01,keyword:mpox
1276378200762365,https://www.facebook.com/photo?fbid=1276378077429044&set=pcb.1276378200762365,,2025-09-01,Hala katakot nman yan quel,Eden Delatorre Ablen,2026-09-01,keyword:mpox
1276378200762365,https://www.facebook.com/photo?fbid=1276378077429044&set=pcb.1276378200762365,,2025-09-01,Ang Hirap naman Nyan ang kati,Mike Mohamad Yusoph,2026-09-01,keyword:mpox
1276378200762365,https://www.facebook.com/photo?fbid=1276378077429044&set=pcb.1276378200762365,,2025-09-01,Apakah itu masih berlangsung?,Marites Rosin Bombita,2026-09-01,keyword:mpox
1276378200762365,https://www.facebook.com/photo?fbid=1276378077429044&set=pcb.1276378200762365,,2025-09-01,Ano yan,JoJo Rodriguez,2026-09-01,keyword:mpox
1276378200762365,https://www.facebook.com/photo?fbid=1276378077429044&set=pcb.1276378200762365,,2025-09-01,Nangati Ako bigla.. Malala pala to. Ang lalaki ng peklat,Raquel Rodriguez Babaran,2026-09-01,keyword:mpox
1276378200762365,https://www.facebook.com/photo?fbid=1276378077429044&set=pcb.1276378200762365,,2025-09-01,@followers,Raquel Rodriguez Babaran,2026-09-01,keyword:mpox
1276378200762365,https://www.facebook.com/photo?fbid=1276378077429044&set=pcb.1276378200762365,,2025-09-01,"Oh my, itu menakutkan",Rosario Dizon,2026-09-01,keyword:mpox
1276378200762365,https://www.facebook.com/photo?fbid=1276378077429044&set=pcb.1276378200762365,,2025-09-01,sad nman ..nawa'y maglaho na mga virus,Mommie Survivor,2026-09-01,keyword:mpox
1276378200762365,https://www.facebook.com/photo?fbid=1276378077429044&set=pcb.1276378200762365,,2025-09-01,parang bulutong po ba sa umpisa,Ogahayon Pahayahay Paneng,2026-09-01,keyword:mpox
1129031826122112,https://www.facebook.com/photo?fbid=1129031826122112&set=a.138368588521779,,2026-08-25,"Mpox is contagious and spreads from person to person through close, personal, often skin-to-skin contact, including direct contact with rashes, scabs, or bodily fluids, as well as through shared items like bedding, clothing, or towels, and prolonged face-to-face respiratory interactions.",Letthe Sunshine,2026-09-01,keyword:monkeypox
1129031826122112,https://www.facebook.com/photo?fbid=1129031826122112&set=a.138368588521779,,2026-08-25,Should the vesicles be wiped with alcohol and lanced with a sterile needle or not?,Casey Shaw,2026-09-01,keyword:monkeypox
1129031826122112,https://www.facebook.com/photo?fbid=1129031826122112&set=a.138368588521779,,2026-08-25,"Casey Shaw no, it’s recomended to not even look at them!",Roberto Hernandez,2026-09-01,keyword:monkeypox
1129031826122112,https://www.facebook.com/photo?fbid=1129031826122112&set=a.138368588521779,,2026-08-25,Casey Shaw Alcohol 151° rum,Celin Navarre Koulouri,2026-09-01,keyword:monkeypox
1129031826122112,https://www.facebook.com/photo?fbid=1129031826122112&set=a.138368588521779,,2026-08-25,"Casey Shaw do not touch them! Just drink lots of water, zyrtec, tylenol (aspirin will bring more out) for the itchiness and calamine lotion.",Luli Saldaña,2026-09-01,keyword:monkeypox
1129031826122112,https://www.facebook.com/photo?fbid=1129031826122112&set=a.138368588521779,,2026-08-25,"""Health Secretary Víctor Ramos said this marks the *first time* Clade I of the virus has been detected on the island. Clade I has been associated with more severe disease than other mpox lineages."" Oh so it's a NEW type of pox Wondering which antivaxxer expat brought that in from the US",Dorian Meridian Gray-Sorgin,2026-09-01,keyword:monkeypox
1129031826122112,https://www.facebook.com/photo?fbid=1129031826122112&set=a.138368588521779,,2026-08-25,Dorian Meridian Gray-Sorgin must been a Trump supporter.,Brenda Vazquez,2026-09-01,keyword:monkeypox
1129031826122112,https://www.facebook.com/photo?fbid=1129031826122112&set=a.138368588521779,,2026-08-25,"2 veces me dio !! Tylenol, calamine , batido de queso Parmesano y pasas y unos días se secan . Dejan dd picar y contagiarse ! Ponerse la vacuna de celebrilla o Shingles",Anauj Orot,2026-09-01,keyword:monkeypox
1129031826122112,https://www.facebook.com/photo?fbid=1129031826122112&set=a.138368588521779,,2026-08-25,"Anauj Orot Eso es varicela. No es viruela. Edúquense. Enfermedad creada por la farma pues animales no contagian a la gente. Eso lo crean en laboratorios. Asi que cero Bad Bunny! Mas monkeypox que Victor Ramos y Peña Payano no existe. Y más si entre nalgas. That's chickenpox. Not smallpox. Educate yourselves. It's a disease created by pharmaceutical companies because animals don't transmit it to people. They create it in laboratories. So, zero Bad Bunny! There's no one more monkeypox than Victor Ramos and Peña Payano. Especially not between buttocks.",Celin Navarre Koulouri,2026-09-01,keyword:monkeypox
1129031826122112,https://www.facebook.com/photo?fbid=1129031826122112&set=a.138368588521779,,,"Celin Navarre Koulouri Saya pernah mengalami varicella 2 kali dalam hidup saya. Ini adalah sesuatu yang umum, tidak ada yang mati karena itu, hanya sensitif jika mereka memberikannya kepada anak-anak kecil dan wanita hamil.",,2026-09-01,keyword:monkeypox
1129031826122112,https://www.facebook.com/photo?fbid=1129031826122112&set=a.138368588521779,,2026-08-25,Can you contract if someone positive in swimming pool,Tweet Rosario,2026-09-01,keyword:monkeypox
1129031826122112,https://www.facebook.com/photo?fbid=1129031826122112&set=a.138368588521779,,2026-08-25,Tweet Rosario no,E John McGarvey,2026-09-01,keyword:monkeypox
1129031826122112,https://www.facebook.com/photo?fbid=1129031826122112&set=a.138368588521779,,2026-08-25,Varicela de mono,María Diaz,2026-09-01,keyword:monkeypox
1129031826122112,https://www.facebook.com/photo?fbid=1129031826122112&set=a.138368588521779,,2026-08-25,"Maria, It’s so beautiful to see someone who knows their worth, you’re truly attractive! 
 How are you doing?.",John C Aquilino,2026-09-01,keyword:monkeypox
1129031826122112,https://www.facebook.com/photo?fbid=1129031826122112&set=a.138368588521779,,2026-08-25,Just what we need during this water crisis,Destinee Robyn,2026-09-01,keyword:monkeypox
1129031826122112,https://www.facebook.com/photo?fbid=1129031826122112&set=a.138368588521779,,2026-08-25,"Destinee Robyn dan kamu datang ke cerita kebohongan pemerintah ini bahwa apa yang mereka cari adalah lebih banyak dana untuk menyimpannya dan kamu VAKSINASI diri dengan sampah yang merusak kesehatan, ya kamu percaya, pergi dan vaksinasi lalu beritahu saya!",Sandy Ivette,2026-09-01,keyword:monkeypox
1129031826122112,https://www.facebook.com/photo?fbid=1129031826122112&set=a.138368588521779,,2026-08-25,,Darren McAninch,2026-09-01,keyword:monkeypox
1129031826122112,https://www.facebook.com/photo?fbid=1129031826122112&set=a.138368588521779,,2026-08-25,Darren McAninch da fuck is wrong with you,Pablo Ricasso,2026-09-01,keyword:monkeypox
1129031826122112,https://www.facebook.com/photo?fbid=1129031826122112&set=a.138368588521779,,,"Pablo Ricasso Nothing 
I just could care less about the shithole called Puerto Rico",,2026-09-01,keyword:monkeypox
1129031826122112,https://www.facebook.com/photo?fbid=1129031826122112&set=a.138368588521779,,,Darren McAninch then WTF are you doing on this page asshole! Go back to wiping orange off your lips.,,2026-09-01,keyword:monkeypox
1129031826122112,https://www.facebook.com/photo?fbid=1129031826122112&set=a.138368588521779,,,Darren McAninch cool. Well fuck Fonzi hope she's dead and you're lonely,,2026-09-01,keyword:monkeypox
1129031826122112,https://www.facebook.com/photo?fbid=1129031826122112&set=a.138368588521779,,2026-08-25,Puerto Rico English News are y'all bots?,Pablo Ricasso,2026-09-01,keyword:monkeypox
1129031826122112,https://www.facebook.com/photo?fbid=1129031826122112&set=a.138368588521779,,,Pablo Ricasso I'm a real person not a bot,,2026-09-01,keyword:monkeypox
1129031826122112,https://www.facebook.com/photo?fbid=1129031826122112&set=a.138368588521779,,,Puerto Rico English News asking because it's confusing as to why you support a racist post,,2026-09-01,keyword:monkeypox
1129031826122112,https://www.facebook.com/photo?fbid=1129031826122112&set=a.138368588521779,,2026-08-25,This information is not true. Don't believe everything posted in social media. Do your own research and investigate the info to see if its facts before believing it and sharing info. ....I wish you all a blessed day and please be safe!!,Angiesha Shoamir,2026-09-01,keyword:monkeypox
1129031826122112,https://www.facebook.com/photo?fbid=1129031826122112&set=a.138368588521779,,2026-08-25,Angiesha Shoamir this was actually information released by the health department and hopefully reported in a sound manner.,Puerto Rico English News,2026-09-01,keyword:monkeypox
1129031826122112,https://www.facebook.com/photo?fbid=1129031826122112&set=a.138368588521779,,,"Puerto Rico English News well, I stand to be corrected. I found the information and sharing from the Goverment official page, Health Dept of Puerto Rico. Here is the link: https://www.salud.pr.gov/CMS/DOWNLOAD/9739",,2026-09-01,keyword:monkeypox
1129031826122112,https://www.facebook.com/photo?fbid=1129031826122112&set=a.138368588521779,,,"Angiesha Shoamir and this is how we responsibly should share info. If you see something news worthy, provide the link. Thank you for providing the link.",,2026-09-01,keyword:monkeypox
1129031826122112,https://www.facebook.com/photo?fbid=1129031826122112&set=a.138368588521779,,2026-08-25,De que pueblo son los diagnosticados?,Maribel Fuentes,2026-09-01,keyword:monkeypox
1129031826122112,https://www.facebook.com/photo?fbid=1129031826122112&set=a.138368588521779,,2026-08-25,Araña,Ricardo Power,2026-09-01,keyword:monkeypox
28496247396665986,https://www.facebook.com/photo?fbid=28496161010007958&set=pcb.28496247396665986,,2026-08-30,Great picture enjoy.,Terning Terning Abad,2026-09-01,keyword:monkeypox
1462133985931555,https://www.facebook.com/photo?fbid=1462114569266830&set=pcb.1462133985931555,,2026-07-07,Christian Abuyo!,Yabb Garbo,2026-09-01,keyword:monkeypox
27157062593959232,https://www.facebook.com/photo?fbid=27157062593959232&set=a.114944585264399,,2026-06-09,@highlight,Evert Foyenka,2026-09-01,keyword:monkeypox
27157062593959232,https://www.facebook.com/photo?fbid=27157062593959232&set=a.114944585264399,,2026-06-09,Noted,Keman Irene Dinmola,2026-09-01,keyword:monkeypox
1055664323472018,https://www.facebook.com/photo?fbid=1055664323472018&set=a.101316802240113,,2026-07-28,"aku jg sdg dlm fase ini, sempat berhenti selama setahun ,skrg kumat lagi, hmpir seluruh tangan dan badan,hanya wajah dan kaki yg gk kena...gatal, panas",Ira,2026-09-01,keyword:cacar monyet
1055664323472018,https://www.facebook.com/photo?fbid=1055664323472018&set=a.101316802240113,,2026-07-28,"Ira Minum Air Kunyit yang diseduh kak..., kemudian Baluri dengan minyak Zaitun/ minyak kelapa dipanaskan sedikit terlebih dahulu dikompor Semoga Cepat sembuh kak...",Bekam Akhwat Batusangkar,2026-09-01,keyword:cacar monyet
1055664323472018,https://www.facebook.com/photo?fbid=1055664323472018&set=a.101316802240113,,2026-07-28,olesin jeruk nipis mandi air daun sirih hangat,Evie Amira,2026-09-01,keyword:cacar monyet
1055664323472018,https://www.facebook.com/photo?fbid=1055664323472018&set=a.101316802240113,,2026-07-28,Evie Amira iya,Nolis Permana,2026-09-01,keyword:cacar monyet
1055664323472018,https://www.facebook.com/photo?fbid=1055664323472018&set=a.101316802240113,,2026-08-04,Beli salep biotalk bgus,Lani M,2026-09-01,keyword:cacar monyet
1055664323472018,https://www.facebook.com/photo?fbid=1055664323472018&set=a.101316802240113,,2026-08-04,rasanya gatal atau gimana?,Nanie Sofyan Siregar,2026-09-01,keyword:cacar monyet
1055664323472018,https://www.facebook.com/photo?fbid=1055664323472018&set=a.101316802240113,,2026-07-28,assalamualaikum amalkan bekam aja insallah sembuh,Jafri Jaf,2026-09-01,keyword:cacar monyet
1055664323472018,https://www.facebook.com/photo?fbid=1055664323472018&set=a.101316802240113,,2026-07-28,Jafri Jaf makasih,Nolis Permana,2026-09-01,keyword:cacar monyet
1055664323472018,https://www.facebook.com/photo?fbid=1055664323472018&set=a.101316802240113,,,Nolis Permana sama-sama,,2026-09-01,keyword:cacar monyet
1055664323472018,https://www.facebook.com/photo?fbid=1055664323472018&set=a.101316802240113,,2026-07-28,Di kasih salep kak Itu rasanya gatel ya,Fika Rina,2026-09-01,keyword:cacar monyet
1055664323472018,https://www.facebook.com/photo?fbid=1055664323472018&set=a.101316802240113,,2026-07-28,Fika Rina iy,Nolis Permana,2026-09-01,keyword:cacar monyet
1055664323472018,https://www.facebook.com/photo?fbid=1055664323472018&set=a.101316802240113,,,"Nolis Permana Gatal"" yg ada air kayak gni apa obat nya Mbak",,2026-09-01,keyword:cacar monyet
1055664323472018,https://www.facebook.com/photo?fbid=1055664323472018&set=a.101316802240113,,2026-07-28,Aku aku kasih tiap hari minyak zaitun kk,Reni Naywill,2026-09-01,keyword:cacar monyet
1055664323472018,https://www.facebook.com/photo?fbid=1055664323472018&set=a.101316802240113,,2026-07-28,Bisa pakai herbal say,Nur Asih Nasa,2026-09-01,keyword:cacar monyet
1055664323472018,https://www.facebook.com/photo?fbid=1055664323472018&set=a.101316802240113,,2026-08-04,Makan suba utsu In Syaa Allah sembuh dgn baik,Tarmin Nasra,2026-09-01,keyword:cacar monyet
1055664323472018,https://www.facebook.com/photo?fbid=1055664323472018&set=a.101316802240113,,2026-07-28,Kaka bestii rajin rajin makan tape singkong setiap harii yaaa,Dian Fitriani,2026-09-01,keyword:cacar monyet
1055664323472018,https://www.facebook.com/photo?fbid=1055664323472018&set=a.101316802240113,,2026-07-28,gatal panas,Ginasti Sri Umayah,2026-09-01,keyword:cacar monyet
1055664323472018,https://www.facebook.com/photo?fbid=1055664323472018&set=a.101316802240113,,2026-07-28,Semoga lekas sembuh ya,Adibaa Ramadhan Lubis,2026-09-01,keyword:cacar monyet
1616875793389628,https://www.facebook.com/photo?fbid=1616875793389628&set=a.110898100654079,@Konten ini tidak tersedia saat ini,2026-08-26,"Terimakasih yang sudah support,yuk berlangganan...silahkan klik
 https://www.facebook.com/anna.bilqis.58/subscribenow...",Anna Bilqis,2026-09-01,keyword:cacar monyet
1616875793389628,https://www.facebook.com/photo?fbid=1616875793389628&set=a.110898100654079,@Konten ini tidak tersedia saat ini,2026-08-26,Outoimun,Erma Suryani,2026-09-01,keyword:cacar monyet
913123131819289,https://www.facebook.com/photo?fbid=913123131819289&set=a.101647822966828,,2026-07-14,Ey hage,Eros Ros,2026-09-01,keyword:cacar monyet
913123131819289,https://www.facebook.com/photo?fbid=913123131819289&set=a.101647822966828,,2026-07-14,Eros Ros rame tth,Mamahnya Kela Risa,2026-09-01,keyword:cacar monyet
913123131819289,https://www.facebook.com/photo?fbid=913123131819289&set=a.101647822966828,,2026-07-14,Nuju,Klisthiany Fannytastic,2026-09-01,keyword:cacar monyet
913123131819289,https://www.facebook.com/photo?fbid=913123131819289&set=a.101647822966828,,2026-07-14,Klisthiany Fannytastic,Mamahnya Kela Risa,2026-09-01,keyword:cacar monyet
29511474541786240,https://www.facebook.com/photo?fbid=29511474541786240&set=a.220360444657705,,2026-08-26,Ankku juga pernah gini mom.tp tidak full seluruh tubuh..hanya di tgn dan kakik lutut ke betis..alhamdulillah sembuh kubawa ke dokter kulit tp sampek skrg bekasnya jd kayak kurikkk,Indah Indah,2026-09-01,keyword:cacar monyet
29511474541786240,https://www.facebook.com/photo?fbid=29511474541786240&set=a.220360444657705,,2026-08-26,Anakku juga uda alami kk.. Badan bentol2 isi air dan mulut panas dalam… Tpi alhamdulillah sudah mulai kering ankku stiap mandi ku kasih ke air mandinya pk..,Eka Novita Sari Ens,2026-09-01,keyword:cacar monyet
29511474541786240,https://www.facebook.com/photo?fbid=29511474541786240&set=a.220360444657705,,2026-08-26,"Obat mmg jodoh²an Bun...anak kakak dulu itu sembuh nya pakek rebusan daun jambu biji, rumput Meniran dan PK. Klu mandi nya pakek lactacyd cair.",Tanti,2026-09-01,keyword:cacar monyet
29511474541786240,https://www.facebook.com/photo?fbid=29511474541786240&set=a.220360444657705,,2026-08-25,"sama kak, anak ku Minggu lalu kenak gini juga, beli obat di apotik SM salep di kasih nya, Alhamdulillah sembuh, memang lagi musim kk",AnGgun Zha,2026-09-01,keyword:cacar monyet
29511474541786240,https://www.facebook.com/photo?fbid=29511474541786240&set=a.220360444657705,,2026-08-25,"AnGgun Zha iyh kan kak Heran ny yg kenak anak"" yakan kak",Vi Ciebungsu,2026-09-01,keyword:cacar monyet
29511474541786240,https://www.facebook.com/photo?fbid=29511474541786240&set=a.220360444657705,,2026-08-25,"Vi Ciebungsu iy kk, anak2 semua yg kenak, ank q aja Bru 1thn stengah, ank tetangga gtu juga",AnGgun Zha,2026-09-01,keyword:cacar monyet
29511474541786240,https://www.facebook.com/photo?fbid=29511474541786240&set=a.220360444657705,,2026-08-27,"Mandikan pelek daun ketepeng SM daun cimplok an , sedikit saran",Safridah Alang,2026-09-01,keyword:cacar monyet
29511474541786240,https://www.facebook.com/photo?fbid=29511474541786240&set=a.220360444657705,,2026-08-26,"mmg musim penyakit gitu KK , disini juga ank² pada sakit krumutan , cacar air .",Leny Nabila,2026-09-01,keyword:cacar monyet
29511474541786240,https://www.facebook.com/photo?fbid=29511474541786240&set=a.220360444657705,,2026-08-26,Anak ku smlm ngalami juga bun Seminggu lebih juga Saya mandikan lactacil sama ciplukan Alhamdulillah sembuh,Rika Utari Panjaitan,2026-09-01,keyword:cacar monyet
29511474541786240,https://www.facebook.com/photo?fbid=29511474541786240&set=a.220360444657705,,2026-08-26,"Emang musim kk,awal kena aku emaknya ditangan kaki,eh kelang berapa bulan ini kenak di paha anakku udh kering tinggal hilangkan bekas nya",Tria Amanda Ginting,2026-09-01,keyword:cacar monyet
29511474541786240,https://www.facebook.com/photo?fbid=29511474541786240&set=a.220360444657705,,2026-08-25,Anak ku juga da kena kk,Putri Dwi,2026-09-01,keyword:cacar monyet
29511474541786240,https://www.facebook.com/photo?fbid=29511474541786240&set=a.220360444657705,,2026-08-26,"Awal kena anak nya demam gak bun? Anak saya ad juga beberapa d atas tangan n d kelopak mata,n itu gatal n juga dy demam tinggi",Sella Sella,2026-09-01,keyword:cacar monyet
29511474541786240,https://www.facebook.com/photo?fbid=29511474541786240&set=a.220360444657705,,2026-08-26,"Sama kk anak awq pun kenak gtu, udh brobat ksani kmari juga kk, baru 2 Minggu ini sembuh ny kk, dan sampk skrng masih awq mandikan pake sabun batang kk, Alhamdulillah bekas"" ny pun hilang kk",Nur Mala Dewi,2026-09-01,keyword:cacar monyet
29511474541786240,https://www.facebook.com/photo?fbid=29511474541786240&set=a.220360444657705,,2026-08-25,"Masyaallah Bun,ank ku jgk kemaren kenak kyk gitu,TPI Alhamdulillah Uda hilang bekasny",Indah Tri Anisa,2026-09-01,keyword:cacar monyet
29511474541786240,https://www.facebook.com/photo?fbid=29511474541786240&set=a.220360444657705,,2026-08-25,Indah Tri Anisa pake ap kk ngilangin ny,Vi Ciebungsu,2026-09-01,keyword:cacar monyet
29511474541786240,https://www.facebook.com/photo?fbid=29511474541786240&set=a.220360444657705,,2026-08-25,"Vi Ciebungsu pake sabun detol batangan,SM cream bayi aj kk,trus di bntu SMA minum obt dokter jgk kk",Indah Tri Anisa,2026-09-01,keyword:cacar monyet
29511474541786240,https://www.facebook.com/photo?fbid=29511474541786240&set=a.220360444657705,,2026-08-26,"Bayi baru lahir saya terinfeksi oleh saudara perempuan, saya tidak peduli tentang kejang tetapi adik laki-laki terinfeksi",Siti Aisyah,2026-09-01,keyword:cacar monyet
29511474541786240,https://www.facebook.com/photo?fbid=29511474541786240&set=a.220360444657705,,2026-08-26,Anak a 3 3 nya juga kenak kk,Nur Hasana Ce Virgo,2026-09-01,keyword:cacar monyet
29511474541786240,https://www.facebook.com/photo?fbid=29511474541786240&set=a.220360444657705,,2026-08-25,Kemaren ank KK juga gituu.karn pengaruh cuaca extrim,AL Liandra Zikrie,2026-09-01,keyword:cacar monyet
29511474541786240,https://www.facebook.com/photo?fbid=29511474541786240&set=a.220360444657705,,2026-08-25,AL Liandra Zikrie iyh kk. Penuh d BDAN ny smua knak,Vi Ciebungsu,2026-09-01,keyword:cacar monyet
29511474541786240,https://www.facebook.com/photo?fbid=29511474541786240&set=a.220360444657705,,2026-08-26,Sama Bun Ank ku juga sakit kek gitu,Roger Yara,2026-09-01,keyword:cacar monyet
29511474541786240,https://www.facebook.com/photo?fbid=29511474541786240&set=a.220360444657705,,2026-08-26,Sambiloto itu apa kk Spil donk,Siti Amina,2026-09-01,keyword:cacar monyet
29511474541786240,https://www.facebook.com/photo?fbid=29511474541786240&set=a.220360444657705,,2026-08-25,Bnyak mmng yg kenak gni kk.. Musim,Yanti,2026-09-01,keyword:cacar monyet
29511474541786240,https://www.facebook.com/photo?fbid=29511474541786240&set=a.220360444657705,,2026-08-26,Alhamdulillah ditutup,Mutia Maharani,2026-09-01,keyword:cacar monyet
29511474541786240,https://www.facebook.com/photo?fbid=29511474541786240&set=a.220360444657705,,2026-08-26,"Ank q d leher kk, kyk kringet buntet tp mlentis""",Halimah Afizah Agra,2026-09-01,keyword:cacar monyet
29511474541786240,https://www.facebook.com/photo?fbid=29511474541786240&set=a.220360444657705,,2026-08-25,Masya Allah alhamdulilah Bun sembuhh,Mega Windany,2026-09-01,keyword:cacar monyet
29511474541786240,https://www.facebook.com/photo?fbid=29511474541786240&set=a.220360444657705,,2026-08-25,lagi musim memang,Rahma Wati Lubis,2026-09-01,keyword:cacar monyet
29511474541786240,https://www.facebook.com/photo?fbid=29511474541786240&set=a.220360444657705,,2026-08-25,"Rahma Wati Lubis Betul, kakak",Vi Ciebungsu,2026-09-01,keyword:cacar monyet
29511474541786240,https://www.facebook.com/photo?fbid=29511474541786240&set=a.220360444657705,,2026-08-26,Pernah juga bgini Ampe besar2 lgi . GK DA ku ksh obt kk.. KTA orang jng dimandiin ini lh itu lh. Tetap ku mandiin PGI sore pke switsal Alhamdulillah tnp.obt apa2 sembuh kk,Sari Sinaga,2026-09-01,keyword:cacar monyet
29511474541786240,https://www.facebook.com/photo?fbid=29511474541786240&set=a.220360444657705,,2026-08-26,Kerumut tu flu singapur kk. Kok aku ngobatkan ank ku semalam.,Nur Habni Marpaung,2026-09-01,keyword:cacar monyet
1062902009773611,https://www.facebook.com/photo?fbid=1062901346440344&set=pcb.1062902009773611,,2026-09-01,"𝙎𝙪𝙥𝙚𝙧 𝙗𝙖𝙜𝙪s 
𝐒𝐔𝐌𝐁𝐔𝐓𝐎𝐆𝐄𝐋",Junniemark Alcoseba,2026-09-01,keyword:cacar monyet
1062902009773611,https://www.facebook.com/photo?fbid=1062901346440344&set=pcb.1062902009773611,,2026-09-01,"𝐒𝐔𝐏𝐄𝐑 𝐁𝐀𝐆𝐔𝐒 
#𝐒𝐔𝐌𝐁𝐔𝐓𝐎𝐆𝐄𝐋
 𝐒𝐄𝐌𝐎𝐆𝐀 𝐑𝐄𝐉𝐄𝐊𝐈𝐍𝐘𝐀 𝐍𝐔𝐋𝐀𝐑 𝐁𝐎𝐒",Tina Toral,2026-09-01,keyword:cacar monyet
1062902009773611,https://www.facebook.com/photo?fbid=1062901346440344&set=pcb.1062902009773611,,2026-09-01,"𝕾𝖚𝖕𝖊𝖗 𝕮𝖆𝖓𝖙𝖎𝖐 
𝐒𝐔𝐌𝐁𝐔𝐓𝐎𝐆𝐄𝐋",Yna Monda Ariola,2026-09-01,keyword:cacar monyet
1062902009773611,https://www.facebook.com/photo?fbid=1062901346440344&set=pcb.1062902009773611,,2026-09-01,"𝑆𝑢𝑝𝔢𝑟​ 𝑏𝔞𝗴𝑢𝑠
𝗦𝗨𝗠𝗕𝗨𝗧𝗢𝗚𝗘𝗟",Nurdin Awaludin,2026-09-01,keyword:cacar monyet
1062902009773611,https://www.facebook.com/photo?fbid=1062901346440344&set=pcb.1062902009773611,,2026-09-01,"𝑺u𝒑𝒆𝒓 𝒃a𝒈𝒖𝒔 
𝐒𝐔𝐌𝐁𝐔𝐓𝐎𝐆𝐄𝐋",Yudi Yandi,2026-09-01,keyword:cacar monyet
1062902009773611,https://www.facebook.com/photo?fbid=1062901346440344&set=pcb.1062902009773611,,2026-09-01,"𝗦𝘂𝗽𝗲𝗿 bagus 
#𝐒𝐔𝐌𝐁𝐔𝐓𝐎𝐆𝐄𝐋 
SEMOGA REJEKINYA NULAR BOS",Aminu NA Malam,2026-09-01,keyword:cacar monyet
1062902009773611,https://www.facebook.com/photo?fbid=1062901346440344&set=pcb.1062902009773611,,2026-09-01,"𝙎𝙪𝙥𝙚𝙧 𝙗𝙖𝙜𝙪s 
𝐒𝐔𝐌𝐁𝐔𝐓𝐎𝐆𝐄𝐋",Huy Van,2026-09-01,keyword:cacar monyet
1062902009773611,https://www.facebook.com/photo?fbid=1062901346440344&set=pcb.1062902009773611,,2026-09-01,"สว𝐒u𝐩𝐞𝐫 𝐛𝐚𝐠𝐮𝐬 
𝐒𝐔𝐌𝐁𝐔𝐓𝐎𝐆𝐄𝐋",Ador Tabeta,2026-09-01,keyword:cacar monyet
1062902009773611,https://www.facebook.com/photo?fbid=1062901346440344&set=pcb.1062902009773611,,2026-09-01,"𝑺𝒖𝒑𝒆𝒓 𝑪𝒂𝒏𝒕𝒊𝒌 
𝐒𝐔𝐌𝐁𝐔𝐓𝐎𝐆𝐄𝐋",Olinad Sinfuego,2026-09-01,keyword:cacar monyet
1062902009773611,https://www.facebook.com/photo?fbid=1062901346440344&set=pcb.1062902009773611,,2026-09-01,"𝓢𝓾𝓹𝓮𝓻 𝓒𝓪𝓷𝓽𝓲𝓴
𝐒𝐔𝐌𝐁𝐔𝐓𝐎𝐆𝐄𝐋",Siprianus,2026-09-01,keyword:cacar monyet
1062902009773611,https://www.facebook.com/photo?fbid=1062901346440344&set=pcb.1062902009773611,,2026-08-04,siapa aja yang mau berlangganan dgn ikhlas insyaAllah Riski nya mengalir deras dari arah yang gak terduga https://www.facebook.com/100081614655854/subscribenow...,Inur Mak Habib,2026-09-01,keyword:cacar monyet
1062902009773611,https://www.facebook.com/photo?fbid=1062901346440344&set=pcb.1062902009773611,,2026-08-11,"Izin berpendapat Apkah sudah di teliti sebabnya monyet segitu agresifnya sama tim peneliti, soal nya gini takutnya ada penyakit yg menyebabkan monyet nya begitu kita contohkan dulu anjing, anjing kan ad rabiesnya, gimana klau itu terjadi ke monyet dan nular di mana2. Izin ya ketua",Putra Kolam,2026-09-01,keyword:cacar monyet
1062902009773611,https://www.facebook.com/photo?fbid=1062901346440344&set=pcb.1062902009773611,,2026-08-04,"Mungkin habibah nya sudah terganggu, kekurangan sumber makanan.. Banyak pembukaan lahan kaya nya",Vera Dahlan Tuan-Tuan,2026-09-01,keyword:cacar monyet
1062902009773611,https://www.facebook.com/photo?fbid=1062901346440344&set=pcb.1062902009773611,,2026-08-04,masallah harus lebih berhati² apa lagi anak² apa mungkin monyet jadi²an,Tth Anggita,2026-09-01,keyword:cacar monyet
1062902009773611,https://www.facebook.com/photo?fbid=1062901346440344&set=pcb.1062902009773611,,2026-08-04,Innalilahi wainnailaihi rooji'uun,Diajeng Putuneeyangkatong,2026-09-01,keyword:cacar monyet
1062902009773611,https://www.facebook.com/photo?fbid=1062901346440344&set=pcb.1062902009773611,,2026-08-04,"Y Tuhan ngeri x, itu peliharaan atau ngak bun onyet nya???",Rika Priska Cagalaa Part II,2026-09-01,keyword:cacar monyet
1062902009773611,https://www.facebook.com/photo?fbid=1062901346440344&set=pcb.1062902009773611,,2026-08-04,Mungkin saking lapar nya,Na Marlina,2026-09-01,keyword:cacar monyet
1062902009773611,https://www.facebook.com/photo?fbid=1062901346440344&set=pcb.1062902009773611,,2026-08-04,Kok bisa yaaaa,Ani Syifa,2026-09-01,keyword:cacar monyet
1062902009773611,https://www.facebook.com/photo?fbid=1062901346440344&set=pcb.1062902009773611,,2026-08-04,"Mereka lapar habitat mereka habis jadi ladang sawit,datang kepemukiman warga diusir dilempari,wajar mereka marah,dan menyerang karna apapun g ada mau dimakan",Ervina Borhap Ervina,2026-09-01,keyword:cacar monyet
1062902009773611,https://www.facebook.com/photo?fbid=1062901346440344&set=pcb.1062902009773611,,2026-08-04,Makin merajalela Monyet ....,DiLa KadyLa,2026-09-01,keyword:cacar monyet
122201355854331388,https://www.facebook.com/photo?fbid=122201355854331388&set=a.122114725946331388,,2026-02-03,Diagnosa dokter cacar monyet,Kaisaer Lautren Realita,2026-09-01,keyword:cacar monyet
122201355854331388,https://www.facebook.com/photo?fbid=122201355854331388&set=a.122114725946331388,,2026-02-03,Kaisaer Lautren Realita gejala pertama gimana bg ?,Kalvin Sibarani,2026-09-01,keyword:cacar monyet
122201355854331388,https://www.facebook.com/photo?fbid=122201355854331388&set=a.122114725946331388,,2026-02-03,"Kaisaer Lautren Realita coba itu aja dulu bang, beli alkohol untuk membersihkan cacarnya tapi digunakan pakai kain kasa trus habis itu dioles sama salep aciclover soalnya dulu anak ku juga pernah ngalamin kayak gitu Setelah kami bawa ke dokter spesialis anak disaran kan pakai kayak yang saya bilang tadi bang dan alhasil setelah 3 hari kemudian cacarnya langsung kering kok",Enjelia Tumeang,2026-09-01,keyword:cacar monyet
122201355854331388,https://www.facebook.com/photo?fbid=122201355854331388&set=a.122114725946331388,,2026-02-03,Kaisaer Lautren Realita monyet aja gak kena masa manusia kena wkwkwk,Rania Najwapulungan,2026-09-01,keyword:cacar monyet
122201355854331388,https://www.facebook.com/photo?fbid=122201355854331388&set=a.122114725946331388,,2026-02-03,"Kaisaer Lautren Realita mang da kok sakit seperti itu tahun semlm kluarga ku kenak adek lelaki sma paman ku yg kena seperti itu . kena ,d mna kmi lagi berduka. Pun itu",Kluarga Shakinah,2026-09-01,keyword:cacar monyet
122201355854331388,https://www.facebook.com/photo?fbid=122201355854331388&set=a.122114725946331388,,2026-02-03,"Dokternya Indonesia pintar dan hebat semua, kurasa monyet dulu ada dari pada manusia kok baru sekarang ada penyakit yg namanya cacar monyet ,dulu cacar monyet ini LG TKW ke luar negeri dan baru pulang sekarang",Esti Fajar Muliana,2026-09-01,keyword:cacar monyet
122201355854331388,https://www.facebook.com/photo?fbid=122201355854331388&set=a.122114725946331388,,2026-02-03,Kaisaer Lautren Realita in sebenar nya penyakit nya udah terlalu parah.klau bisa ad gejolak bintik2 gitu masih blum parah.atau kita periksa ke kedokter atau bidan pasti penyakit campak atau cacar air dibilang..tpi saran ak sih sebelum terjadi seperti digambar in parah nya..klau bisa ad gejolak seperti itu.harga nya murah kok.lbih mahal lagi rokok sebungkus..atau beras sekilo...klau anda percaya tepung kanji aj beli.oles setiap kering merata.klau anda percaya.kalau gak gpp..itu saran dri ak,Marhalen Coit,2026-09-01,keyword:cacar monyet
122201355854331388,https://www.facebook.com/photo?fbid=122201355854331388&set=a.122114725946331388,,2026-02-03,"Kaisaer Lautren Realita cari daun ceplukan bg,di rebus di mandiin.kira2 hamgat2 kuku lah airnya,trus rutin ak minum air kelapa GK usah di campur es insyaallah.semoga cepat sembuh dan di angkat penyakitmya",Pappa Ayu,2026-09-01,keyword:cacar monyet
122201355854331388,https://www.facebook.com/photo?fbid=122201355854331388&set=a.122114725946331388,,2026-02-03,Penyakit ciptaan dari luar negri,Rikehh Romadhan,2026-09-01,keyword:cacar monyet
122201355854331388,https://www.facebook.com/photo?fbid=122201355854331388&set=a.122114725946331388,,2026-02-03,Kaisaer Lautren Realita saya semalam kenak juga BG gatal kali kalau digarut makin banyak dia,Putra Sitohang,2026-09-01,keyword:cacar monyet
122201355854331388,https://www.facebook.com/photo?fbid=122201355854331388&set=a.122114725946331388,,2026-02-03,"Kaisaer Lautren Realita @ itu mah kanker kulit,bukan cacar monyet",Evan Gevariel,2026-09-01,keyword:cacar monyet
122201355854331388,https://www.facebook.com/photo?fbid=122201355854331388&set=a.122114725946331388,,2026-02-03,Obat paling mujarab perkuat minum tuak Mulai jam 4 sore sampai jam 01...dijamin semua penyakit hilang seketika,Jonni Sh Sihombing,2026-09-01,keyword:cacar monyet
122201355854331388,https://www.facebook.com/photo?fbid=122201355854331388&set=a.122114725946331388,,2026-02-03,Jonni Sh Sihombing jangankan penyakit sama rohnya pun hilang bang..!!,Vira Saniaa,2026-09-01,keyword:cacar monyet
122201355854331388,https://www.facebook.com/photo?fbid=122201355854331388&set=a.122114725946331388,,2026-02-03,Jonni Sh Sihombing pas lae tambah tambul biawak 3 porsi..,Rahman Hutapea,2026-09-01,keyword:cacar monyet
122201355854331388,https://www.facebook.com/photo?fbid=122201355854331388&set=a.122114725946331388,,2026-02-03,Jonni Sh Sihombing kencing onta lebih manjur lae,Heri Adi,2026-09-01,keyword:cacar monyet
122201355854331388,https://www.facebook.com/photo?fbid=122201355854331388&set=a.122114725946331388,,2026-02-03,Iwan jangan malu lah kau akui juga g apa2 ko,Jonni Sh Sihombing,2026-09-01,keyword:cacar monyet
122201355854331388,https://www.facebook.com/photo?fbid=122201355854331388&set=a.122114725946331388,,2026-02-03,Jonni Sh Sihombing parah tulang,Han,2026-09-01,keyword:cacar monyet
122201355854331388,https://www.facebook.com/photo?fbid=122201355854331388&set=a.122114725946331388,,2026-02-03,Jonni Sh Sihombing bukan hanya penyakit yang hilang rohnya pun ikut hilang juga,Kiyoma Nasumi,2026-09-01,keyword:cacar monyet
122201355854331388,https://www.facebook.com/photo?fbid=122201355854331388&set=a.122114725946331388,,2026-02-03,Jonni Sh Sihombing Betul,Rikki Sianturi Antury,2026-09-01,keyword:cacar monyet
122201355854331388,https://www.facebook.com/photo?fbid=122201355854331388&set=a.122114725946331388,,2026-02-03,Saya sekarang juga kena cacar yg sama.. sudah 3 minggu belum sembuh.. seluruh tubuh penuh cacarnya...ini photo saya,Albaya Reborn,2026-09-01,keyword:cacar monyet
122201355854331388,https://www.facebook.com/photo?fbid=122201355854331388&set=a.122114725946331388,,2026-02-03,Albaya Reborn biasa itu cacar sekali seumur hidup besar beras nnt itu sampai keluar semua.insyallah baik tp bekas nya gak bisa hilang LG apa LG kita dah dewasa' nnt,Wati Wati,2026-09-01,keyword:cacar monyet
122201355854331388,https://www.facebook.com/photo?fbid=122201355854331388&set=a.122114725946331388,,2026-02-03,"Maaf bukan sok tau Klo cacar air gelembung"" isi air .klo itu mngkin cacar api panas suhu badan ya bg?",WaHyuu,2026-09-01,keyword:cacar monyet
122201355854331388,https://www.facebook.com/photo?fbid=122201355854331388&set=a.122114725946331388,,2026-02-03,Albaya Reborn coba mandi pakai betadin warna merah bg.,Zulfan Hardi OneHeart,2026-09-01,keyword:cacar monyet
122201355854331388,https://www.facebook.com/photo?fbid=122201355854331388&set=a.122114725946331388,,2026-02-03,"Albaya Reborn flue Malaysia mungkn.. Sperti itu, tlpk tngn dn kaki Jug knk",Zayn Arka,2026-09-01,keyword:cacar monyet
122201355854331388,https://www.facebook.com/photo?fbid=122201355854331388&set=a.122114725946331388,,2026-02-03,"Albaya Reborn saya dulu jg gt pas sama emg lama sembuhnya ,olesin air santan kelapa tua aja bg sm minum air kelapa muna sm ada obat antibiotik dr klinik saya lupa namanya",Mangaratua Hutahaean,2026-09-01,keyword:cacar monyet
122201355854331388,https://www.facebook.com/photo?fbid=122201355854331388&set=a.122114725946331388,,2026-02-03,Albaya Reborn Cacar api ini bos.,Yohanes Wahyu Prakoso,2026-09-01,keyword:cacar monyet
122201355854331388,https://www.facebook.com/photo?fbid=122201355854331388&set=a.122114725946331388,,2026-02-03,Albaya Reborn anda dimana pak?,Om Subur Ajibata,2026-09-01,keyword:cacar monyet
122201355854331388,https://www.facebook.com/photo?fbid=122201355854331388&set=a.122114725946331388,,2026-02-03,Mandi air kelapa bang,Alwi M,2026-09-01,keyword:cacar monyet
122201355854331388,https://www.facebook.com/photo?fbid=122201355854331388&set=a.122114725946331388,,2026-02-03,Albaya Reborn siram pakai minyak caplang/kayu putih setelah itu taburkan bedak silisil talk atau herosin,Yusdi Anto,2026-09-01,keyword:cacar monyet
122201355854331388,https://www.facebook.com/photo?fbid=122201355854331388&set=a.122114725946331388,,2026-02-03,Albaya Reborn imunisasi dlu di puskemas. Skitr 10 hri sembuhnya. Jgn dipencet biar gk membekas hitam/bopeng.,Wanda Boot,2026-09-01,keyword:cacar monyet
936582622829085,https://www.facebook.com/photo?fbid=936582622829085&set=a.121666530987369,@Berlangganan Nur Roh Mah,2026-09-01,dukung setiap konten saya yang hadir di beramda kaka..dengan berlangganan ...busa juga kike. komen dan share ya kak..ku ucapkan terimakasih https://www.facebook.com/100094320671796/subscribenow...,Nur Roh Mah,2026-09-01,keyword:cacar monyet
936582622829085,https://www.facebook.com/photo?fbid=936582622829085&set=a.121666530987369,@Berlangganan Nur Roh Mah,2026-09-01,turut berduka bun,dolar mini,2026-09-01,keyword:cacar monyet
936582622829085,https://www.facebook.com/photo?fbid=936582622829085&set=a.121666530987369,@Berlangganan Nur Roh Mah,2026-09-01,dolar mini terimakasih say,Nur Roh Mah,2026-09-01,keyword:cacar monyet
936582622829085,https://www.facebook.com/photo?fbid=936582622829085&set=a.121666530987369,@Berlangganan Nur Roh Mah,2026-09-01,Mugi2 husnul khootimah,Pramuti Yuliani,2026-09-01,keyword:cacar monyet
936582622829085,https://www.facebook.com/photo?fbid=936582622829085&set=a.121666530987369,@Berlangganan Nur Roh Mah,2026-09-01,Pramuti Yuliani Amin Amin,Nur Roh Mah,2026-09-01,keyword:cacar monyet
936582622829085,https://www.facebook.com/photo?fbid=936582622829085&set=a.121666530987369,@Berlangganan Nur Roh Mah,2026-09-01,Pramuti Yuliani iku berarti kakak nya aira bu?,Nur Roh Mah,2026-09-01,keyword:cacar monyet
936582622829085,https://www.facebook.com/photo?fbid=936582622829085&set=a.121666530987369,@Berlangganan Nur Roh Mah,2026-09-01,Nggih kakak pertama,Pramuti Yuliani,2026-09-01,keyword:cacar monyet
936582622829085,https://www.facebook.com/photo?fbid=936582622829085&set=a.121666530987369,@Berlangganan Nur Roh Mah,2026-09-01,Innalillahi wainnailaihi roji'un,Susy Erryna,2026-09-01,keyword:cacar monyet
936582622829085,https://www.facebook.com/photo?fbid=936582622829085&set=a.121666530987369,@Berlangganan Nur Roh Mah,2026-09-01,Susy Erryna turut berduka,Nur Roh Mah,2026-09-01,keyword:cacar monyet
936582622829085,https://www.facebook.com/photo?fbid=936582622829085&set=a.121666530987369,@Berlangganan Nur Roh Mah,2026-09-01,inalillahi wainailahi rojiun.....daleme pundi bu,Nunik Aryani,2026-09-01,keyword:cacar monyet
936582622829085,https://www.facebook.com/photo?fbid=936582622829085&set=a.121666530987369,@Berlangganan Nur Roh Mah,2026-09-01,Nunik Aryani grogol sawoo bun,Nur Roh Mah,2026-09-01,keyword:cacar monyet
27997155469906530,https://www.facebook.com/photo?fbid=27997155469906530&set=a.103452993036819,,2026-08-25,#sorotan #jangkauanluas #semuaorang #viral #fyp,Indah Kurniati,2026-09-01,keyword:cacar monyet
27997155469906530,https://www.facebook.com/photo?fbid=27997155469906530&set=a.103452993036819,,2026-08-25,Lesi apa dok?,Nur Aini,2026-09-01,keyword:cacar monyet
27997155469906530,https://www.facebook.com/photo?fbid=27997155469906530&set=a.103452993036819,,2026-08-25,Nur Aini lesi artinya luka,Indah Kurniati,2026-09-01,keyword:cacar monyet
27997155469906530,https://www.facebook.com/photo?fbid=27997155469906530&set=a.103452993036819,,2026-08-25,penyakit aph ka,Robihh Cahayadii,2026-09-01,keyword:cacar monyet
27997155469906530,https://www.facebook.com/photo?fbid=27997155469906530&set=a.103452993036819,,2026-08-25,"Di liat dari luka nya ngerii sekali ya bu dokter Dulu bapak saya juga kena itu virus di usia dewasa setelah punya anak yaitu saya,alhamdulillah saya tidak tertular",Shanum Almahyra,2026-09-01,keyword:cacar monyet
27997155469906530,https://www.facebook.com/photo?fbid=27997155469906530&set=a.103452993036819,,2026-08-25,Shanum Almahyra iya bun tp skrg kasusnya uda jrang,Indah Kurniati,2026-09-01,keyword:cacar monyet
27997155469906530,https://www.facebook.com/photo?fbid=27997155469906530&set=a.103452993036819,,2026-08-26,Sukses dan sehat selalu dok,Rama Ramadhan,2026-09-01,keyword:cacar monyet
27997155469906530,https://www.facebook.com/photo?fbid=27997155469906530&set=a.103452993036819,,2026-08-25,Semoga segera sehat iya kak,Tailor Trawas,2026-09-01,keyword:cacar monyet
27997155469906530,https://www.facebook.com/photo?fbid=27997155469906530&set=a.103452993036819,,2026-08-25,,Sam Elbert,2026-09-01,keyword:cacar monyet
122201603624331388,https://www.facebook.com/photo?fbid=122201603624331388&set=a.122114725946331388,,2026-02-03,"Itu di gosok dulu pakai amplas nomor 100 bang , tipis tipis aja ngamplasnya , setelah agak rata dempul pakai Wood filer , setelah itu amplas lagi pakai amplas nomor 180 , setelah halus semprot minyak bagion ,",Zeni Kriswanto,2026-09-01,keyword:cacar monyet
122201603624331388,https://www.facebook.com/photo?fbid=122201603624331388&set=a.122114725946331388,,2026-02-03,"Zeni Kriswanto ide yg bagus itu BG,",A'haris Ritonga,2026-09-01,keyword:cacar monyet
122201603624331388,https://www.facebook.com/photo?fbid=122201603624331388&set=a.122114725946331388,,2026-02-03,Zeni Kriswanto kelamaan siapkan liang lahat berseta api,Jek Fin,2026-09-01,keyword:cacar monyet
122201603624331388,https://www.facebook.com/photo?fbid=122201603624331388&set=a.122114725946331388,,2026-02-03,Zeni Kriswanto di nuklir wae.. lgsg ilang sak nyowone,Cahaya Nur,2026-09-01,keyword:cacar monyet
122201603624331388,https://www.facebook.com/photo?fbid=122201603624331388&set=a.122114725946331388,,2026-02-03,Zeni Kriswanto,Sblcell Handphone,2026-09-01,keyword:cacar monyet
122201603624331388,https://www.facebook.com/photo?fbid=122201603624331388&set=a.122114725946331388,,2026-02-03,mandi garam sama daunsirih minum air kelapa,Mamta Ririn Mamta Ririn,2026-09-01,keyword:cacar monyet
122201603624331388,https://www.facebook.com/photo?fbid=122201603624331388&set=a.122114725946331388,,2026-02-03,"Mamta Ririn Mamta Ririn mandi garam apa mandi air garam?? Ngasih info jngan nanggung""",Gak Bahaya Tah,2026-09-01,keyword:cacar monyet
122201603624331388,https://www.facebook.com/photo?fbid=122201603624331388&set=a.122114725946331388,,2026-02-03,Mamanx Garrox lu aja yg tlol..sok keren komen belain komen org biar apa..gue udah tau tp lihat njink yg lain PDA komen ny apa,Gak Bahaya Tah,2026-09-01,keyword:cacar monyet
122201603624331388,https://www.facebook.com/photo?fbid=122201603624331388&set=a.122114725946331388,,2026-02-03,Daripada mandi air garam lby baik mandi di laut,Kevin S,2026-09-01,keyword:cacar monyet
122201603624331388,https://www.facebook.com/photo?fbid=122201603624331388&set=a.122114725946331388,,2026-02-03,Katanya orang jaman dulu mandi daun mibo kasik air panas kasik garam dikit dulu q sembuh total bakteri gatal gatal langsu hilang,Haris Kuntul Kuntul,2026-09-01,keyword:cacar monyet
122201603624331388,https://www.facebook.com/photo?fbid=122201603624331388&set=a.122114725946331388,,2026-02-03,Haris Kuntul Kuntul daun mibo apaan tuh,Om Gemoy,2026-09-01,keyword:cacar monyet
122201603624331388,https://www.facebook.com/photo?fbid=122201603624331388&set=a.122114725946331388,,2026-02-03,Haris Kuntul Kuntul Spil dong daun nya yang gimana,Cod Yu,2026-09-01,keyword:cacar monyet
122201603624331388,https://www.facebook.com/photo?fbid=122201603624331388&set=a.122114725946331388,,2026-02-03,Foto,Rohmat Fareha,2026-09-01,keyword:cacar monyet
122201603624331388,https://www.facebook.com/photo?fbid=122201603624331388&set=a.122114725946331388,,2026-02-03,Poto,Bowo Raving,2026-09-01,keyword:cacar monyet
122201603624331388,https://www.facebook.com/photo?fbid=122201603624331388&set=a.122114725946331388,,2026-02-03,Haris Kuntul Kuntul dmna cari nya bos,Lancelot Lance,2026-09-01,keyword:cacar monyet
122201603624331388,https://www.facebook.com/photo?fbid=122201603624331388&set=a.122114725946331388,,2026-02-03,Minum air kelapa muda. Panas dalam itu. Nanti sembuh sendiri,Edi Ibrahim,2026-09-01,keyword:cacar monyet
122201603624331388,https://www.facebook.com/photo?fbid=122201603624331388&set=a.122114725946331388,,2026-02-03,"Edi Ibrahim betul bang , Tamba kunyit",Alfin Musli,2026-09-01,keyword:cacar monyet
122201603624331388,https://www.facebook.com/photo?fbid=122201603624331388&set=a.122114725946331388,,2026-02-03,Kalau DRI SLT air kelapa dg kunyit di minum pagi,Alfin Musli,2026-09-01,keyword:cacar monyet
122201603624331388,https://www.facebook.com/photo?fbid=122201603624331388&set=a.122114725946331388,,2026-02-03,ini gudigen jama dulu di suntik ga sembuh ² sakitnya ank pondok pesantren ky ni .ini nular,Parsinah Ina,2026-09-01,keyword:cacar monyet
122201603624331388,https://www.facebook.com/photo?fbid=122201603624331388&set=a.122114725946331388,,2026-02-03,"Di suntik in aja mas nanti di kasih resep jangan Sampek kena angin di luar jangan kena air juga punya ku juga gitu minum buah asam itu campur gula merah klk mau tidur tapi jangan sering""",Asura Tenshi,2026-09-01,keyword:cacar monyet
122201603624331388,https://www.facebook.com/photo?fbid=122201603624331388&set=a.122114725946331388,,2026-02-03,"selama 1 minggu mandi air garam 1 genggam, tanpa sabun.kalo di sabun tambah gatal merata.pakai air hangat nya agk terasa jdi enak rasanya sampei ke tulang tulang.air garam lebih bagus jgn sampei di sabun dulu ,selamat mencoba...",Ida Ismawati,2026-09-01,keyword:cacar monyet
122201603624331388,https://www.facebook.com/photo?fbid=122201603624331388&set=a.122114725946331388,,2026-02-03,Bang apa pun omongan orang itu praduga semua mau lekas sembuh tapi maap bang makan daging ajing minum sup nya seming gu ini rutin lekas sumbuh anak ku baru seming gu ini sembuh bang,Lohot Hutapea,2026-09-01,keyword:cacar monyet
122201603624331388,https://www.facebook.com/photo?fbid=122201603624331388&set=a.122114725946331388,,2026-02-03,"Kami masyarakat Indonesia SDH cerdas, SDH tidak mudah di bodoh2i LG, SDH cukup pelajaran dari kasus Kopet 19",Rut Hutabarat,2026-09-01,keyword:cacar monyet
122201603624331388,https://www.facebook.com/photo?fbid=122201603624331388&set=a.122114725946331388,,2026-02-03,Apa hubungannya dengn masker,Nur Muhammad,2026-09-01,keyword:cacar monyet
122201603624331388,https://www.facebook.com/photo?fbid=122201603624331388&set=a.122114725946331388,,2026-02-03,Nur Muhammad virus lewat udara,Prasetyo Adhi,2026-09-01,keyword:cacar monyet
122201603624331388,https://www.facebook.com/photo?fbid=122201603624331388&set=a.122114725946331388,,2026-02-03,Baca komenan kok gua ketawa sendiri,Osiww,2026-09-01,keyword:cacar monyet
122201603624331388,https://www.facebook.com/photo?fbid=122201603624331388&set=a.122114725946331388,,2026-02-03,"Daun jambu merah juga bagus di rebus, dengan ijin Allah pasti sembuh",Bang Asep,2026-09-01,keyword:cacar monyet
122201603624331388,https://www.facebook.com/photo?fbid=122201603624331388&set=a.122114725946331388,,2026-02-03,"Tanda²akhir zaman ,berbagai penyakit bermunculan.",Pijat Pria,2026-09-01,keyword:cacar monyet
122201603624331388,https://www.facebook.com/photo?fbid=122201603624331388&set=a.122114725946331388,,2026-02-03,Heeeeee heee heee heee kasihan masyarakat sudah pada susah jangan ditambahi beban lgi,Setyawan Jody,2026-09-01,keyword:cacar monyet
122201603624331388,https://www.facebook.com/photo?fbid=122201603624331388&set=a.122114725946331388,,2026-02-03,nè hùon chi té am La nay La kiêu mang ngươi đay ca nha đibLen trương hóc xinh Hai La.ban ve chia ra nâu tam.may Lan nhe ve rua La xách roi nâu may nam mui đe xát trung đay mui ít không xát teung đau đe nuoc am roi tam tam đung đe vo mát nhe tam xong xoi Lai nuoc xách va nuoc am nhe vai ngay da keo Lai tróc day Liên,Thi Ai Huong Le,2026-09-01,keyword:cacar monyet
864064452874963,https://www.facebook.com/photo?fbid=864061466208595&set=pcb.864064452874963,,2025-12-23,Bagaimana cara menggunakannya,Wildan Frenzy,2026-09-01,keyword:cacar monyet
864064452874963,https://www.facebook.com/photo?fbid=864061466208595&set=pcb.864064452874963,,2025-12-23,Saya tahu segalanya,Mira Nurbayanti,2026-09-01,keyword:cacar monyet
864064452874963,https://www.facebook.com/photo?fbid=864061466208595&set=pcb.864064452874963,,2025-12-23,Bener pisan langka didieu MH jng daun kimanila th,Siti Nurjanah Habib,2026-09-01,keyword:cacar monyet
864064452874963,https://www.facebook.com/photo?fbid=864061466208595&set=pcb.864064452874963,,2025-12-23,Aku tidak akan kalah dengan yang terburuk,San Alder,2026-09-01,keyword:cacar monyet
864064452874963,https://www.facebook.com/photo?fbid=864061466208595&set=pcb.864064452874963,,2025-12-23,"Oh, saya tahu hanya bahwa ada obat untuk budug, ada yang disengaja ditanam untuk siswa",Rita Herawati,2026-09-01,keyword:cacar monyet
864064452874963,https://www.facebook.com/photo?fbid=864061466208595&set=pcb.864064452874963,,2025-12-23,Selamat pagi,Rosleni Dewi Maryani,2026-09-01,keyword:cacar monyet
864064452874963,https://www.facebook.com/photo?fbid=864061466208595&set=pcb.864064452874963,,2025-12-23,Naon namina,Siti Masitoh,2026-09-01,keyword:cacar monyet
122179730276907554,https://www.facebook.com/photo?fbid=122179729490907554&set=pcb.122179730276907554,,2026-09-01,"S𝐮𝐩𝐞r 𝐛a𝐠u𝐬 
𝐒𝐔𝐌𝐁𝐔𝐓𝐎𝐆𝐄𝐋",Razuu Vai,2026-09-01,keyword:โรคเอ็มพ็อกซ์
122179730276907554,https://www.facebook.com/photo?fbid=122179729490907554&set=pcb.122179730276907554,,2026-07-14,สุดยอดมากค่ะ,Piyanun Packdeebumrung,2026-09-01,keyword:โรคเอ็มพ็อกซ์
1059078002245768,https://www.facebook.com/photo?fbid=1059077852245783&set=pcb.1059078002245768,,2026-09-01,"𝙎𝙪𝙥𝙚𝙧 𝙗𝙖𝙜𝙪s 
𝐒𝐔𝐌𝐁𝐔𝐓𝐎𝐆𝐄𝐋",Junniemark Alcoseba,2026-09-01,keyword:โรคเอ็มพ็อกซ์
1059078002245768,https://www.facebook.com/photo?fbid=1059077852245783&set=pcb.1059078002245768,,2026-09-01,"𝐒𝐔𝐏𝐄𝐑 𝐁𝐀𝐆𝐔𝐒 
#𝐒𝐔𝐌𝐁𝐔𝐓𝐎𝐆𝐄𝐋
 𝐒𝐄𝐌𝐎𝐆𝐀 𝐑𝐄𝐉𝐄𝐊𝐈𝐍𝐘𝐀 𝐍𝐔𝐋𝐀𝐑 𝐁𝐎𝐒",Tina Toral,2026-09-01,keyword:โรคเอ็มพ็อกซ์
1059078002245768,https://www.facebook.com/photo?fbid=1059077852245783&set=pcb.1059078002245768,,2026-09-01,"𝕾𝖚𝖕𝖊𝖗 𝕮𝖆𝖓𝖙𝖎𝖐 
𝐒𝐔𝐌𝐁𝐔𝐓𝐎𝐆𝐄𝐋",Yna Monda Ariola,2026-09-01,keyword:โรคเอ็มพ็อกซ์
1059078002245768,https://www.facebook.com/photo?fbid=1059077852245783&set=pcb.1059078002245768,,2026-09-01,"𝑆𝑢𝑝𝔢𝑟​ 𝑏𝔞𝗴𝑢𝑠
𝗦𝗨𝗠𝗕𝗨𝗧𝗢𝗚𝗘𝗟",Nurdin Awaludin,2026-09-01,keyword:โรคเอ็มพ็อกซ์
1059078002245768,https://www.facebook.com/photo?fbid=1059077852245783&set=pcb.1059078002245768,,2026-09-01,"𝑺u𝒑𝒆𝒓 𝒃a𝒈𝒖𝒔 
𝐒𝐔𝐌𝐁𝐔𝐓𝐎𝐆𝐄𝐋",Yudi Yandi,2026-09-01,keyword:โรคเอ็มพ็อกซ์
1059078002245768,https://www.facebook.com/photo?fbid=1059077852245783&set=pcb.1059078002245768,,2026-09-01,"𝗦𝘂𝗽𝗲𝗿 bagus 
#𝐒𝐔𝐌𝐁𝐔𝐓𝐎𝐆𝐄𝐋 
SEMOGA REJEKINYA NULAR BOS",Aminu NA Malam,2026-09-01,keyword:โรคเอ็มพ็อกซ์
1059078002245768,https://www.facebook.com/photo?fbid=1059077852245783&set=pcb.1059078002245768,,2026-09-01,"𝙎𝙪𝙥𝙚𝙧 𝙗𝙖𝙜𝙪s 
𝐒𝐔𝐌𝐁𝐔𝐓𝐎𝐆𝐄𝐋",Huy Van,2026-09-01,keyword:โรคเอ็มพ็อกซ์
1059078002245768,https://www.facebook.com/photo?fbid=1059077852245783&set=pcb.1059078002245768,,2026-09-01,"สว𝐒u𝐩𝐞𝐫 𝐛𝐚𝐠𝐮𝐬 
𝐒𝐔𝐌𝐁𝐔𝐓𝐎𝐆𝐄𝐋",Ador Tabeta,2026-09-01,keyword:โรคเอ็มพ็อกซ์
1059078002245768,https://www.facebook.com/photo?fbid=1059077852245783&set=pcb.1059078002245768,,2026-09-01,"𝑺𝒖𝒑𝒆𝒓 𝑪𝒂𝒏𝒕𝒊𝒌 
𝐒𝐔𝐌𝐁𝐔𝐓𝐎𝐆𝐄𝐋",Olinad Sinfuego,2026-09-01,keyword:โรคเอ็มพ็อกซ์
1059078002245768,https://www.facebook.com/photo?fbid=1059077852245783&set=pcb.1059078002245768,,2026-09-01,"𝓢𝓾𝓹𝓮𝓻 𝓒𝓪𝓷𝓽𝓲𝓴
𝐒𝐔𝐌𝐁𝐔𝐓𝐎𝐆𝐄𝐋",Siprianus,2026-09-01,keyword:โรคเอ็มพ็อกซ์
1059078002245768,https://www.facebook.com/photo?fbid=1059077852245783&set=pcb.1059078002245768,,2024-09-01,ผมสาบานกับตัวเองไว้ตั้งแต่ปี 2020 จะฉีดวัคซีนต้องเป็นวัคซีนเชื้อตายเท่านั้น คนรู้จักหลายคนเป็นอัมพฤกษ์กับโรคหลอดเลือดกันเยอะหลังไฟเซ*ร์,Fulai Xu,2026-09-01,keyword:โรคเอ็มพ็อกซ์
1059078002245768,https://www.facebook.com/photo?fbid=1059077852245783&set=pcb.1059078002245768,,2024-09-01,โรคเกี่ยวกับเพศสัมพันธ์ใช่ไหมคับ,Yai Charoenrit,2026-09-01,keyword:โรคเอ็มพ็อกซ์
1532519542004744,https://www.facebook.com/photo?fbid=1532519542004744&set=a.769438268312879,@Page not found - CottonBaby,2026-07-14,อ่านบทความเต็มได้ที่นี่ >> https://cottonbaby.co/baby-kids/ฝีดาษลิงในเด็ก/ . อ่านบทความอื่นของ Cotton Baby ได้ที่นี่ >> https://cottonbaby.co/,CottonBaby,2026-09-01,keyword:โรคเอ็มพ็อกซ์
1215177410830593,https://www.facebook.com/photo?fbid=1215177374163930&set=pcb.1215177410830593,,2026-02-24,"Ngày 18/2, giới chức Thái Lan xác nhận có cụm lây nhiễm bệnh đậu mùa khỉ (Mpox) mới tại Trại tạm giam Thonburi ở Thủ đô Bangkok. Lực lượng chức năng đã khẩn trương truy vết, khoanh vùng và cách ly các trường hợp tiếp xúc gần, khẳng định tình hình trong tầm kiểm soát. Ông Montien Kanasawat, Cục trưởng Cục kiểm soát dịch bệnh thuộc Bộ Y tế Công cộng Thái Lan hôm qua (18/2) cho biết, ca bệnh đậu mùa khỉ đầu tiên được ghi nhận tại cơ sở tạm giam là 1 phạm nhân nam 44 tuổi, đã tử vong vào ngày 11/2. Giới chức y tế đã truy vết và xác định 49 trường hợp là phạm nhân và tình nguyện viên y tế thuộc diện có nguy cơ cao. Kết quả xét nghiệm mới đây xác nhận 2 tình nguyện viên y tế đã bị lây nhiễm bệnh. Những người này đã được khẩn trương đưa đi cách ly, điều trị và hiện sức khỏe nhìn chung ổn định với các triệu chứng nhẹ.",Kiến Thức Y Tế,2026-09-01,keyword:bệnh đậu mùa khỉ
1215177410830593,https://www.facebook.com/photo?fbid=1215177374163930&set=pcb.1215177410830593,,2026-02-24,"Mong mọi người có thể ủng hộ kinh phí để page duy trì bằng cách bấm vào liên kết dưới đây. Bạn hay bị trào ngược dạ dày vào ban đêm? Nằm xuống là ợ nóng, nghẹn họng, kết quả là ngủ không ngon, cổ họng rát, vừa khó chịu vừa ảnh hưởng công việc và chất lượng sống. Gối hỗ trợ trào ngược dạ dày chính là giải pháp đơn giản mà hiệu quả. Gối được thiết kế nâng cao phần đầu và thân trên, bên trong còn có tấm nệm và hộp lò xo giúp nâng cơ thể từ thắt lưng trở lên, tạo độ dốc chuẩn y khoa để hạn chế acid trào ngược. Ngoài ra còn có thiết kế bo tròn, chống trượt. https://s.shopee.vn/4q6bOpCBqk Chỉ cần sử dụng đúng cách, nhiều người đã giảm hẳn ợ nóng, ho đêm và ngủ sâu hơn. Đây là thiết bị hỗ trợ an toàn, không thuốc, cực kỳ phù hợp cho người bị trào ngược mạn tính.",Kiến Thức Y Tế,2026-09-01,keyword:bệnh đậu mùa khỉ
1215177410830593,https://www.facebook.com/photo?fbid=1215177374163930&set=pcb.1215177410830593,,2026-02-24,Bắt thêm 10 vụ sữa...nữa. Hết dịch luôn,Nghia Ha,2026-09-01,keyword:bệnh đậu mùa khỉ
1215177410830593,https://www.facebook.com/photo?fbid=1215177374163930&set=pcb.1215177410830593,,2026-02-24,Thuý Kim Pham,Thương Thương,2026-09-01,keyword:bệnh đậu mùa khỉ
381511570680283,https://www.facebook.com/photo?fbid=381511344013639&set=pcb.381511570680283,,2026-09-01,Heunceut,Munajat Munajat,2026-09-01,keyword:bệnh đậu mùa khỉ
381511570680283,https://www.facebook.com/photo?fbid=381511344013639&set=pcb.381511570680283,,2026-09-01,Munajat Munajat huuusss,Dadan Supriatna,2026-09-01,keyword:bệnh đậu mùa khỉ
381511570680283,https://www.facebook.com/photo?fbid=381511344013639&set=pcb.381511570680283,,2026-09-01,bisi aya nu nyarekan euyy ahh,Munajat Munajat,2026-09-01,keyword:bệnh đậu mùa khỉ
381511570680283,https://www.facebook.com/photo?fbid=381511344013639&set=pcb.381511570680283,,2022-09-02,Thanh Ngoc Nhi,An Nhiên,2026-09-01,keyword:bệnh đậu mùa khỉ
1502096038612991,https://www.facebook.com/photo?fbid=1502096038612991&set=a.641456654676938,@REPORT: Fauci Told Aide to Permanently Delete Emails About Gain-of-Function Research * The Gateway Pundit * by Ben Kew,2026-08-30,Read more: https://www.thegatewaypundit.com/.../report-fauci-told.../,Gateway Pundit,2026-09-01,keyword:avian influenza
1502096038612991,https://www.facebook.com/photo?fbid=1502096038612991&set=a.641456654676938,@REPORT: Fauci Told Aide to Permanently Delete Emails About Gain-of-Function Research * The Gateway Pundit * by Ben Kew,2026-08-31,Interesting doesn't that predate his auto pen pardon which starts 2014?!,Lisa Henderson,2026-09-01,keyword:avian influenza
1502096038612991,https://www.facebook.com/photo?fbid=1502096038612991&set=a.641456654676938,@REPORT: Fauci Told Aide to Permanently Delete Emails About Gain-of-Function Research * The Gateway Pundit * by Ben Kew,2026-09-01,Lisa Henderson Excellent question!,Michael Mendoza,2026-09-01,keyword:avian influenza
1502096038612991,https://www.facebook.com/photo?fbid=1502096038612991&set=a.641456654676938,@REPORT: Fauci Told Aide to Permanently Delete Emails About Gain-of-Function Research * The Gateway Pundit * by Ben Kew,2026-09-01,Lisa Henderson no. Biden was not prez then!!,Steven Clark,2026-09-01,keyword:avian influenza
1502096038612991,https://www.facebook.com/photo?fbid=1502096038612991&set=a.641456654676938,@REPORT: Fauci Told Aide to Permanently Delete Emails About Gain-of-Function Research * The Gateway Pundit * by Ben Kew,2026-09-01,Lisa Henderson certainly appears that way… makes his pleading the 5th make more sense,Michael Vincent Sr.,2026-09-01,keyword:avian influenza
1502096038612991,https://www.facebook.com/photo?fbid=1502096038612991&set=a.641456654676938,@REPORT: Fauci Told Aide to Permanently Delete Emails About Gain-of-Function Research * The Gateway Pundit * by Ben Kew,2026-08-30,Can you link to the documents or email where Fauci directs this and why would he when the research in question was public knowledge in the scientific world and even published in various scientific journals?,Sam Swinden,2026-09-01,keyword:avian influenza
1502096038612991,https://www.facebook.com/photo?fbid=1502096038612991&set=a.641456654676938,@REPORT: Fauci Told Aide to Permanently Delete Emails About Gain-of-Function Research * The Gateway Pundit * by Ben Kew,2026-08-30,"Sam Swinden Libtards knee jerk reaction is to always defend the crimes and cover-ups. Why, is it the promise of pedophilia if the Left can come back into power?",Farlan Huff,2026-09-01,keyword:avian influenza
1502096038612991,https://www.facebook.com/photo?fbid=1502096038612991&set=a.641456654676938,@REPORT: Fauci Told Aide to Permanently Delete Emails About Gain-of-Function Research * The Gateway Pundit * by Ben Kew,2026-08-31,"Sam Swinden fascinating how a lot of those journals deleted the information. Meanwhile, do you know the scientific method? Nahhh, why would you, right?",Dennis Shanley,2026-09-01,keyword:avian influenza
1502096038612991,https://www.facebook.com/photo?fbid=1502096038612991&set=a.641456654676938,@REPORT: Fauci Told Aide to Permanently Delete Emails About Gain-of-Function Research * The Gateway Pundit * by Ben Kew,,Dennis Shanley journals will delete something if it’s found to be inaccurate. Ir update it if new data becomes available,,2026-09-01,keyword:avian influenza
1502096038612991,https://www.facebook.com/photo?fbid=1502096038612991&set=a.641456654676938,@REPORT: Fauci Told Aide to Permanently Delete Emails About Gain-of-Function Research * The Gateway Pundit * by Ben Kew,,"Dennis Shanley wrong!! And please tell us about the scientific method, and how you know this since you claim the journals deleted the articles....",,2026-09-01,keyword:avian influenza
1502096038612991,https://www.facebook.com/photo?fbid=1502096038612991&set=a.641456654676938,@REPORT: Fauci Told Aide to Permanently Delete Emails About Gain-of-Function Research * The Gateway Pundit * by Ben Kew,2026-08-31,That would be an illegal order.,Clayton Hollister,2026-09-01,keyword:avian influenza
1502096038612991,https://www.facebook.com/photo?fbid=1502096038612991&set=a.641456654676938,@REPORT: Fauci Told Aide to Permanently Delete Emails About Gain-of-Function Research * The Gateway Pundit * by Ben Kew,2026-09-01,"Steven Clark The law would be the Freedom of Information Act, Judy 4, 1966.",Dakota Glasscock,2026-09-01,keyword:avian influenza
1502096038612991,https://www.facebook.com/photo?fbid=1502096038612991&set=a.641456654676938,@REPORT: Fauci Told Aide to Permanently Delete Emails About Gain-of-Function Research * The Gateway Pundit * by Ben Kew,2026-08-31,This guy is so guilty. It's ridiculous. I can't believe there are people that think he's a good person when he killed millions of people knowingly.,Tom Day,2026-09-01,keyword:avian influenza
1502096038612991,https://www.facebook.com/photo?fbid=1502096038612991&set=a.641456654676938,@REPORT: Fauci Told Aide to Permanently Delete Emails About Gain-of-Function Research * The Gateway Pundit * by Ben Kew,2026-08-31,Tom Day,Christine Mahoney,2026-09-01,keyword:avian influenza
1502096038612991,https://www.facebook.com/photo?fbid=1502096038612991&set=a.641456654676938,@REPORT: Fauci Told Aide to Permanently Delete Emails About Gain-of-Function Research * The Gateway Pundit * by Ben Kew,2026-08-31,Tom Day rope & tree,Michael Coogan,2026-09-01,keyword:avian influenza
1502096038612991,https://www.facebook.com/photo?fbid=1502096038612991&set=a.641456654676938,@REPORT: Fauci Told Aide to Permanently Delete Emails About Gain-of-Function Research * The Gateway Pundit * by Ben Kew,2026-08-31,Tom Day I agree with you 100%.,Rich Rosenberg,2026-09-01,keyword:avian influenza
1502096038612991,https://www.facebook.com/photo?fbid=1502096038612991&set=a.641456654676938,@REPORT: Fauci Told Aide to Permanently Delete Emails About Gain-of-Function Research * The Gateway Pundit * by Ben Kew,2026-09-01,"Tom Day please describe what crime he committed--specifically. AND just how did he kill millions? Be specific, otherwise admit you really don't know what you are talking about.",Steven Clark,2026-09-01,keyword:avian influenza
1502096038612991,https://www.facebook.com/photo?fbid=1502096038612991&set=a.641456654676938,@REPORT: Fauci Told Aide to Permanently Delete Emails About Gain-of-Function Research * The Gateway Pundit * by Ben Kew,2026-09-01,yet NO ONE describes any crime he committed or law he violated. Nice.,Steven Clark,2026-09-01,keyword:avian influenza
1502096038612991,https://www.facebook.com/photo?fbid=1502096038612991&set=a.641456654676938,@REPORT: Fauci Told Aide to Permanently Delete Emails About Gain-of-Function Research * The Gateway Pundit * by Ben Kew,2026-09-01,"Yet, still no rope swing ride.",Jeff Kirby,2026-09-01,keyword:avian influenza
1502096038612991,https://www.facebook.com/photo?fbid=1502096038612991&set=a.641456654676938,@REPORT: Fauci Told Aide to Permanently Delete Emails About Gain-of-Function Research * The Gateway Pundit * by Ben Kew,2026-09-01,Follow the science then delete it?,Fred Gliha,2026-09-01,keyword:avian influenza
1502096038612991,https://www.facebook.com/photo?fbid=1502096038612991&set=a.641456654676938,@REPORT: Fauci Told Aide to Permanently Delete Emails About Gain-of-Function Research * The Gateway Pundit * by Ben Kew,2026-08-30,Prior to his pardon. Let's watch!,Mark Maydole,2026-09-01,keyword:avian influenza
1502096038612991,https://www.facebook.com/photo?fbid=1502096038612991&set=a.641456654676938,@REPORT: Fauci Told Aide to Permanently Delete Emails About Gain-of-Function Research * The Gateway Pundit * by Ben Kew,2026-08-31,,Gary Elrod Sr.,2026-09-01,keyword:avian influenza
1502096038612991,https://www.facebook.com/photo?fbid=1502096038612991&set=a.641456654676938,@REPORT: Fauci Told Aide to Permanently Delete Emails About Gain-of-Function Research * The Gateway Pundit * by Ben Kew,2026-08-31,Gary Elrod Sr. That’s exactly what happened.,Tiger Mitchell,2026-09-01,keyword:avian influenza
1502096038612991,https://www.facebook.com/photo?fbid=1502096038612991&set=a.641456654676938,@REPORT: Fauci Told Aide to Permanently Delete Emails About Gain-of-Function Research * The Gateway Pundit * by Ben Kew,2026-08-31,Guy is very guilty!,Larry Modder,2026-09-01,keyword:avian influenza
1502096038612991,https://www.facebook.com/photo?fbid=1502096038612991&set=a.641456654676938,@REPORT: Fauci Told Aide to Permanently Delete Emails About Gain-of-Function Research * The Gateway Pundit * by Ben Kew,2026-08-31,Larry Modder of what? Name the federal or state criminal statute he violated.,Dewayne Lonas,2026-09-01,keyword:avian influenza
1502096038612991,https://www.facebook.com/photo?fbid=1502096038612991&set=a.641456654676938,@REPORT: Fauci Told Aide to Permanently Delete Emails About Gain-of-Function Research * The Gateway Pundit * by Ben Kew,2026-09-01,Wake me when he is actually getting 12 boosters…,Jerry Marindin,2026-09-01,keyword:avian influenza
1502096038612991,https://www.facebook.com/photo?fbid=1502096038612991&set=a.641456654676938,@REPORT: Fauci Told Aide to Permanently Delete Emails About Gain-of-Function Research * The Gateway Pundit * by Ben Kew,2026-08-30,No surprise here.,Melinda Stenger,2026-09-01,keyword:avian influenza
1502096038612991,https://www.facebook.com/photo?fbid=1502096038612991&set=a.641456654676938,@REPORT: Fauci Told Aide to Permanently Delete Emails About Gain-of-Function Research * The Gateway Pundit * by Ben Kew,2026-09-01,Nothing will ever happen. He is in the protected league,Randy Baldwin,2026-09-01,keyword:avian influenza
1502096038612991,https://www.facebook.com/photo?fbid=1502096038612991&set=a.641456654676938,@REPORT: Fauci Told Aide to Permanently Delete Emails About Gain-of-Function Research * The Gateway Pundit * by Ben Kew,2026-09-01,Delete the science before they see it. Science is silence.,Rod Lynn,2026-09-01,keyword:avian influenza
1502096038612991,https://www.facebook.com/photo?fbid=1502096038612991&set=a.641456654676938,@REPORT: Fauci Told Aide to Permanently Delete Emails About Gain-of-Function Research * The Gateway Pundit * by Ben Kew,2026-08-30,"I have a bridge for sale, interested?",L.J. Concannon,2026-09-01,keyword:avian influenza
1563275288794986,https://www.facebook.com/photo?fbid=1563275288794986&set=a.513939740395218,@Breaking: Suspected H5 bird flu detection in Australia,2026-06-23,FULL STORY: https://ab.co/4oFzFY2,ABC Perth,2026-09-01,keyword:avian influenza
1563275288794986,https://www.facebook.com/photo?fbid=1563275288794986&set=a.513939740395218,@Breaking: Suspected H5 bird flu detection in Australia,2026-06-23,The ignorance is almost as frightening as the consequences,Phil Gnirod,2026-09-01,keyword:avian influenza
1563275288794986,https://www.facebook.com/photo?fbid=1563275288794986&set=a.513939740395218,@Breaking: Suspected H5 bird flu detection in Australia,2026-06-23,Phil Gnirod people don’t read the whole report Most comment on a headline,LeeLee Hall,2026-09-01,keyword:avian influenza
1563275288794986,https://www.facebook.com/photo?fbid=1563275288794986&set=a.513939740395218,@Breaking: Suspected H5 bird flu detection in Australia,2026-06-23,Phil Gnirod I think it is worse!!,Tina Clifton,2026-09-01,keyword:avian influenza
1563275288794986,https://www.facebook.com/photo?fbid=1563275288794986&set=a.513939740395218,@Breaking: Suspected H5 bird flu detection in Australia,2026-06-23,Phil Gnirod agreed the comments are scary,Elizabeth Izatt,2026-09-01,keyword:avian influenza
1563275288794986,https://www.facebook.com/photo?fbid=1563275288794986&set=a.513939740395218,@Breaking: Suspected H5 bird flu detection in Australia,2026-06-23,Phil Gnirod extremely ignorant.,Sharon Jarman,2026-09-01,keyword:avian influenza
1563275288794986,https://www.facebook.com/photo?fbid=1563275288794986&set=a.513939740395218,@Breaking: Suspected H5 bird flu detection in Australia,2026-06-23,Indeed.,V.C. Jennifer Zalme,2026-09-01,keyword:avian influenza
1563275288794986,https://www.facebook.com/photo?fbid=1563275288794986&set=a.513939740395218,@Breaking: Suspected H5 bird flu detection in Australia,2026-06-23,"Phil Gnirod lol, you believe them after covid?",Paul McNally,2026-09-01,keyword:avian influenza
1563275288794986,https://www.facebook.com/photo?fbid=1563275288794986&set=a.513939740395218,@Breaking: Suspected H5 bird flu detection in Australia,2026-06-23,Phil Gnirod they're just really loud,Cameron Bonde,2026-09-01,keyword:avian influenza
1563275288794986,https://www.facebook.com/photo?fbid=1563275288794986&set=a.513939740395218,@Breaking: Suspected H5 bird flu detection in Australia,2026-06-23,Phil Gnirod and the only thing more frightening than ignorance is the lack of common sense and critical thinking skills people have today after the last 6 years even with all the evidence and studys that are out now,Ben Sands,2026-09-01,keyword:avian influenza
1563275288794986,https://www.facebook.com/photo?fbid=1563275288794986&set=a.513939740395218,@Breaking: Suspected H5 bird flu detection in Australia,2026-06-23,Phil Gnirod righto Bot Boy,Skippy Goldsmith,2026-09-01,keyword:avian influenza
1563275288794986,https://www.facebook.com/photo?fbid=1563275288794986&set=a.513939740395218,@Breaking: Suspected H5 bird flu detection in Australia,2026-06-23,Phil Gnirod Do you just believe everything the authorities tell you?,Donna Petrella,2026-09-01,keyword:avian influenza
1563275288794986,https://www.facebook.com/photo?fbid=1563275288794986&set=a.513939740395218,@Breaking: Suspected H5 bird flu detection in Australia,2026-06-23,"I've watched two live press conferences with fed and WA ag ministers. Wildlife rescuers were prepared and on the lookout for potential H5 in sick birds, especially these sub-antartic birds that dont usually come to WA unless unwell. They took precautions and contacted DPIRD, where the bird tested positive for avian flu. Now with CSIRO for confirmation of H5 - results tomorrow. A second bird found same time, same place also suspected to be infected.",Debra Edmonds,2026-09-01,keyword:avian influenza
1563275288794986,https://www.facebook.com/photo?fbid=1563275288794986&set=a.513939740395218,@Breaking: Suspected H5 bird flu detection in Australia,2026-06-23,"We’ve all been waiting for this since 2024 and the response is excellent so far. I fear all we’ll really be able to do is mitigation once it arrives, which is the really sad part.",Bree Hrndn,2026-09-01,keyword:avian influenza
1563275288794986,https://www.facebook.com/photo?fbid=1563275288794986&set=a.513939740395218,@Breaking: Suspected H5 bird flu detection in Australia,2026-06-23,Debra Edmonds what test did they use?,Jennifer Jen,2026-09-01,keyword:avian influenza
1563275288794986,https://www.facebook.com/photo?fbid=1563275288794986&set=a.513939740395218,@Breaking: Suspected H5 bird flu detection in Australia,2026-06-23,AI bots be bottin’….,Pam Moore,2026-09-01,keyword:avian influenza
1563275288794986,https://www.facebook.com/photo?fbid=1563275288794986&set=a.513939740395218,@Breaking: Suspected H5 bird flu detection in Australia,2026-06-23,Debra Edmonds I tried to find the post about the bird at Scarborough beach a month ago and seems like it was deleted. Do we know what species it was?,Marty Crackers,2026-09-01,keyword:avian influenza
1563275288794986,https://www.facebook.com/photo?fbid=1563275288794986&set=a.513939740395218,@Breaking: Suspected H5 bird flu detection in Australia,2026-06-23,Debra Edmonds birds recover well from avian flu,Hannah Midas,2026-09-01,keyword:avian influenza
1563275288794986,https://www.facebook.com/photo?fbid=1563275288794986&set=a.513939740395218,@Breaking: Suspected H5 bird flu detection in Australia,2026-06-23,Debra Edmonds So .wholesale slaughter on innocent healthy birds i presume because W.H.O. are getting desperate for their monetary handouts!!,Robz Jnr,2026-09-01,keyword:avian influenza
1563275288794986,https://www.facebook.com/photo?fbid=1563275288794986&set=a.513939740395218,@Breaking: Suspected H5 bird flu detection in Australia,2026-06-23,Debra Edmonds why would anyone be prepared and on the lookout for birds with a virus that has never touched Australian shores before? And then amazingly and coincidentally they find not one but two! They just happened to be right in the exact area that the sick birds landed in...hmmm,Jewels Mexi,2026-09-01,keyword:avian influenza
1563275288794986,https://www.facebook.com/photo?fbid=1563275288794986&set=a.513939740395218,@Breaking: Suspected H5 bird flu detection in Australia,2026-06-23,Debra Edmonds lmao,Andrew Parry,2026-09-01,keyword:avian influenza
1563275288794986,https://www.facebook.com/photo?fbid=1563275288794986&set=a.513939740395218,@Breaking: Suspected H5 bird flu detection in Australia,2026-06-23,Debra Edmonds Probably this has always been in the bird populations. Nobody cared until they started testing for it...,Donna Petrella,2026-09-01,keyword:avian influenza
1563275288794986,https://www.facebook.com/photo?fbid=1563275288794986&set=a.513939740395218,@Breaking: Suspected H5 bird flu detection in Australia,2026-06-23,Where is the snow to find the dead bird,Karyn Buller,2026-09-01,keyword:avian influenza
1563275288794986,https://www.facebook.com/photo?fbid=1563275288794986&set=a.513939740395218,@Breaking: Suspected H5 bird flu detection in Australia,2026-06-23,Karyn more likely it's seawater froth than snow ...,Steve Johnston,2026-09-01,keyword:avian influenza
1563275288794986,https://www.facebook.com/photo?fbid=1563275288794986&set=a.513939740395218,@Breaking: Suspected H5 bird flu detection in Australia,2026-06-23,Karyn Buller,Julie Hall,2026-09-01,keyword:avian influenza
1563275288794986,https://www.facebook.com/photo?fbid=1563275288794986&set=a.513939740395218,@Breaking: Suspected H5 bird flu detection in Australia,2026-06-23,Karyn Buller it’ll be a stock photo….,Reece Jerrett,2026-09-01,keyword:avian influenza
1563275288794986,https://www.facebook.com/photo?fbid=1563275288794986&set=a.513939740395218,@Breaking: Suspected H5 bird flu detection in Australia,2026-06-23,Karyn Buller don't worry. The RAT tests were tuned way higher than what they were designed for.,Brett Miller,2026-09-01,keyword:avian influenza
1563275288794986,https://www.facebook.com/photo?fbid=1563275288794986&set=a.513939740395218,@Breaking: Suspected H5 bird flu detection in Australia,2026-06-23,Karyn Buller if you read the story you would see that the photo is from a confirmed positive case in the Antarctic Peninsula in 2024.,Wendy Santana,2026-09-01,keyword:avian influenza
1563275288794986,https://www.facebook.com/photo?fbid=1563275288794986&set=a.513939740395218,@Breaking: Suspected H5 bird flu detection in Australia,2026-06-23,Antarctic peninsula,Mhel Kirtis,2026-09-01,keyword:avian influenza
1563275288794986,https://www.facebook.com/photo?fbid=1563275288794986&set=a.513939740395218,@Breaking: Suspected H5 bird flu detection in Australia,2026-06-23,Karyn Buller read the article? Bet u didn't..yet still.commented,Suzan Cadman,2026-09-01,keyword:avian influenza
122322823958033955,https://www.facebook.com/photo?fbid=122322823958033955&set=a.122100025610033955,,2026-09-01,This should bring out the nutters and the armchair experts on avian virology. There is a fair bit of overlap,Stephen Macpherson,2026-09-01,keyword:avian influenza
122322823958033955,https://www.facebook.com/photo?fbid=122322823958033955&set=a.122100025610033955,,2026-08-31,"Please explain how wild bird populations can be vaccinated? Not just once, but twice.",Tina Smart,2026-09-01,keyword:avian influenza
122322823958033955,https://www.facebook.com/photo?fbid=122322823958033955&set=a.122100025610033955,,2026-08-31,"Tina Smart certain species, particularly shorebirds and penguins, will reliably return to nesting or roost sites in known locations. There's also a heap of ways to identify individuals of a species",Matthew Elsley,2026-09-01,keyword:avian influenza
122322823958033955,https://www.facebook.com/photo?fbid=122322823958033955&set=a.122100025610033955,,2026-09-01,"Tina Smart they are beginning with birds in captivity, as stated. And yes, it's hard. Some will be impossible. Some, if they get even a few, will be enough to ensure they don't get wiped out",Sam Van,2026-09-01,keyword:avian influenza
122322823958033955,https://www.facebook.com/photo?fbid=122322823958033955&set=a.122100025610033955,,2026-09-01,Tina Smart its breeding season so the penguins are returning to their burrows everyday. They can get them easily.,Melissa Mondo,2026-09-01,keyword:avian influenza
122322823958033955,https://www.facebook.com/photo?fbid=122322823958033955&set=a.122100025610033955,,2026-09-01,"Tina Smart People are smarter than you, they do things you can't understand",Ivan Pieterse,2026-09-01,keyword:avian influenza
122322823958033955,https://www.facebook.com/photo?fbid=122322823958033955&set=a.122100025610033955,,2026-09-01,"Tina Smart Stephen Macpherson above in this thread suggests that he is the expect on Avian Virology, so maybe he has got all the answers.",Kelvin Hart,2026-09-01,keyword:avian influenza
122322823958033955,https://www.facebook.com/photo?fbid=122322823958033955&set=a.122100025610033955,,2026-09-01,"Tina Smart just look. 15 seconds on Google is all it takes. So, given the opportunity of learning or having a public whine on fb, the latter is your choice. Why?",Shaun Molloy,2026-09-01,keyword:avian influenza
122322823958033955,https://www.facebook.com/photo?fbid=122322823958033955&set=a.122100025610033955,,2026-09-01,Tina Smart try reading,Alice Crawford,2026-09-01,keyword:avian influenza
122322823958033955,https://www.facebook.com/photo?fbid=122322823958033955&set=a.122100025610033955,,2026-09-01,Tina Smart It’s saving a species from extinction,Ann Krieg,2026-09-01,keyword:avian influenza
122322823958033955,https://www.facebook.com/photo?fbid=122322823958033955&set=a.122100025610033955,,2026-09-01,Tina Smart penguins don't fly and come ashore to burrows.,Damian Cross,2026-09-01,keyword:avian influenza
122322823958033955,https://www.facebook.com/photo?fbid=122322823958033955&set=a.122100025610033955,,2026-09-01,Tina Smart easily in penguins as they return to the same burrow every night,Trav Dee,2026-09-01,keyword:avian influenza
122322823958033955,https://www.facebook.com/photo?fbid=122322823958033955&set=a.122100025610033955,,2026-08-31,Keep up the good work,Neville Hayes,2026-09-01,keyword:avian influenza
122322823958033955,https://www.facebook.com/photo?fbid=122322823958033955&set=a.122100025610033955,,2026-09-01,"So what are we doing ? Penguins ,Albatross, mutton bird ,dolphins ,seals, orcas or prawns ???",Rod Smith,2026-09-01,keyword:avian influenza
122322823958033955,https://www.facebook.com/photo?fbid=122322823958033955&set=a.122100025610033955,,2026-09-01,Great news. hope it prevents a catastrophic mass mortality event,Trav Dee,2026-09-01,keyword:avian influenza
122322823958033955,https://www.facebook.com/photo?fbid=122322823958033955&set=a.122100025610033955,,2026-09-01,"Vaccinating penguins and other wild animals against a flu in nature is one of the weirdest and, in my opinion, one of the most alarming things that dumb humans have done in my lifetime.",John Bednall,2026-09-01,keyword:avian influenza
122322823958033955,https://www.facebook.com/photo?fbid=122322823958033955&set=a.122100025610033955,,2026-09-01,John Bednall go back to school where you should have learned about viruses species to species in history & science At least now we can save lives not like the bible plagues also a zoonotic virus,Ann Krieg,2026-09-01,keyword:avian influenza
122322823958033955,https://www.facebook.com/photo?fbid=122322823958033955&set=a.122100025610033955,,2026-09-01,John Bednall do you have vaccinated pets?,Don Gorrie,2026-09-01,keyword:avian influenza
122322823958033955,https://www.facebook.com/photo?fbid=122322823958033955&set=a.122100025610033955,,2026-09-01,"John Bednall 
 ok cooker. You'd just let them die, got it.",Damian Cross,2026-09-01,keyword:avian influenza
122322823958033955,https://www.facebook.com/photo?fbid=122322823958033955&set=a.122100025610033955,,2026-09-01,John Bednall and it sits just below your comment,Ben Barnes,2026-09-01,keyword:avian influenza
122322823958033955,https://www.facebook.com/photo?fbid=122322823958033955&set=a.122100025610033955,,2026-09-01,"John Bednall we’ll wait for your review of dimmies as the local servo, if we want your professional opinion on anything, champ.",JC Molleda,2026-09-01,keyword:avian influenza
122322823958033955,https://www.facebook.com/photo?fbid=122322823958033955&set=a.122100025610033955,,2026-09-01,John Bednall lucky you aren’t in charge then.,Gabrielle Joan Molloy,2026-09-01,keyword:avian influenza
122322823958033955,https://www.facebook.com/photo?fbid=122322823958033955&set=a.122100025610033955,,2026-09-01,seriously something wrong with you people,Darren Boson,2026-09-01,keyword:avian influenza
122322823958033955,https://www.facebook.com/photo?fbid=122322823958033955&set=a.122100025610033955,,2026-09-01,Nothing is off the table...last page. https://birdflusummit.com/Bird%20Flu%20Summit%20Brochure.pdf,Steve Peterson,2026-09-01,keyword:avian influenza
122322823958033955,https://www.facebook.com/photo?fbid=122322823958033955&set=a.122100025610033955,,2026-09-01,Steve Peterson Do vaccines scare you?,John Logic,2026-09-01,keyword:avian influenza
122322823958033955,https://www.facebook.com/photo?fbid=122322823958033955&set=a.122100025610033955,,2026-09-01,"Um, now where is the bird flu coming from…. Can you connect the dots, have you more braincells than a jellyfish",Myra McMillan,2026-09-01,keyword:avian influenza
122322823958033955,https://www.facebook.com/photo?fbid=122322823958033955&set=a.122100025610033955,,2026-09-01,Cookers losing thier tiny minds in 3.2.1.,Phil Andrew,2026-09-01,keyword:avian influenza
122322823958033955,https://www.facebook.com/photo?fbid=122322823958033955&set=a.122100025610033955,,2026-09-01,So are wild birds giving informed consent to being vaccinated or is this a forced vaccinations under the emergency management act,Gerald Webb,2026-09-01,keyword:avian influenza
122322823958033955,https://www.facebook.com/photo?fbid=122322823958033955&set=a.122100025610033955,,2026-09-01,Gerald Webb We're also looking at spaying and neutering the cookers so they don't breed.,Jamie Ferguson,2026-09-01,keyword:avian influenza
122322823958033955,https://www.facebook.com/photo?fbid=122322823958033955&set=a.122100025610033955,,2026-09-01,Gerald Webb well they don't say no. They are smarter than many humans,Jomjam Wayne,2026-09-01,keyword:avian influenza
2006575410123472,https://www.facebook.com/photo?fbid=2006575410123472&set=a.1168843363896685,,2026-08-28,"In the era of nectar, Halahala—the fierce poison In the era of technology, Coronavirus—the world's poison Lord Mahavishnu protecting the nectar and providing it to the gods India protecting technology and providing it to the nations Nectar for the destruction of demons, victories for the gods Technology for the destruction of political party flags, victories for the nations Awareness is knowledge",Kola Yelladas Dish Yelladas,2026-09-01,keyword:avian influenza
2006575410123472,https://www.facebook.com/photo?fbid=2006575410123472&set=a.1168843363896685,,2026-08-27,Awesome great magnificent information. I great love it,याेगेन्द्र राना गाेर्खाली मगर,2026-09-01,keyword:avian influenza
2006575410123472,https://www.facebook.com/photo?fbid=2006575410123472&set=a.1168843363896685,,2026-08-28,याेगेन्द्र राना गाेर्खाली मगर PfizerBot.,Simon Day,2026-09-01,keyword:avian influenza
2006575410123472,https://www.facebook.com/photo?fbid=2006575410123472&set=a.1168843363896685,,2026-08-28,,Jawahir Jawahir,2026-09-01,keyword:avian influenza
2006575410123472,https://www.facebook.com/photo?fbid=2006575410123472&set=a.1168843363896685,,2026-08-28,Jawahir Jawahir bot tart,Jono Lang,2026-09-01,keyword:avian influenza
2006575410123472,https://www.facebook.com/photo?fbid=2006575410123472&set=a.1168843363896685,,2026-08-28,this is ALPHA ONE THANKS WORLD HEALTH ORGANIZATION GOD BLESSES PO.... TO SUPPORT PHILLIPINES DEPARTMENT OF HEALTH.... DOH...,Ronald Liwag,2026-09-01,keyword:avian influenza
2006575410123472,https://www.facebook.com/photo?fbid=2006575410123472&set=a.1168843363896685,,2026-08-28,Kim Osbøl: Do You Fucking STILL Believe That 'Viruses' Exist? https://rumble.com/v7bnzo8-kim-osbl-do-you-fucking-still-believe-that-viruses-exist.html?e9s=src_v1_s%2Csrc_v1_s_o&sci=dd3ca751-5f04-4712-abc2-625181688542,Rick Bridle,2026-09-01,keyword:avian influenza
2006575410123472,https://www.facebook.com/photo?fbid=2006575410123472&set=a.1168843363896685,,2026-08-29,,Mallika Lmc,2026-09-01,keyword:avian influenza
2006575410123472,https://www.facebook.com/photo?fbid=2006575410123472&set=a.1168843363896685,,2026-08-28,Murderers has cok sukn vaccine pushers,Jono Lang,2026-09-01,keyword:avian influenza
2006575410123472,https://www.facebook.com/photo?fbid=2006575410123472&set=a.1168843363896685,,2026-08-28,https://www.facebook.com/share/p/19ZEMyogFY/,Eyal Dor,2026-09-01,keyword:avian influenza
2006575410123472,https://www.facebook.com/photo?fbid=2006575410123472&set=a.1168843363896685,,2026-08-28,Funny. Fake news,Gerald Redmond,2026-09-01,keyword:avian influenza
2006575410123472,https://www.facebook.com/photo?fbid=2006575410123472&set=a.1168843363896685,,2026-08-28,Fear mongering psyop again and again...,Wiz Ferrer,2026-09-01,keyword:avian influenza
2006575410123472,https://www.facebook.com/photo?fbid=2006575410123472&set=a.1168843363896685,,2026-08-28,"Dipi Dipa “H1N1 फैल रहा है” साबित करो और ₹50 लाख पाओ! 
Dr. BRC Challenge क्या सच में H1N1 फैल रहा है? इस दावे को तथ्यों और प्रमाणों के साथ साबित करने की चुनौती स्वीकार करें जानिए इस Challenge से जुड़ी पूरी जानकारी और Dr. BRC का पूरा संदेश इस वीडियो में। https://youtu.be/ZWqWHR1Gf90?si=4n9aZTS7uxOKdA-b Challenge Date: 29th August, 2026 Time: 12:00 Noon Dr.Rakesh Helpline : +917082953471 Website : https://biswaroop.com/?partner=10899",Nitish Kumar,2026-09-01,keyword:avian influenza
2006575410123472,https://www.facebook.com/photo?fbid=2006575410123472&set=a.1168843363896685,,2026-08-28,,Parker Indabak,2026-09-01,keyword:avian influenza
2006575410123472,https://www.facebook.com/photo?fbid=2006575410123472&set=a.1168843363896685,,2026-08-30,"ETHIOPIAN POLITICS..and PESTICIDES! Guys,I remember from my high school days how our chemistry teacher thought us a revolutionary method of producing cheep fertilizer.The process was called the Haber–Bosch process and was invented by two scientists who said they could produce cheep ammonia from the air. But,I dont know whether this method is still applied by the agriculture community around the world.I know now there are documents which have been written on the negative impact of chemicals like pesticides and insecticides on our health.But I beleive before scientists invented such chemicals to improve the agricultural sector,they were used as chemical warfare in conflicts in Europe and Asia. And I beleive Ethiopian politicians and intelectuals still use these chemicals against their own people. As,I explained on stories on platforms such as Facebook and X/formerly Twitter,Ethiopian politicians have been using chemicals to asphyxiate my mother who is an illiterate lady and suffering from schizophrenia.So,I beleive Ethiopian politicians have been applying such chemicals on my mother,probably Dieldrin or cyclodiene to keep my mother neurotic,to control her interaction with the society around her,to break her fanily ties with her own son and daughters etc.I remember once my brother who was an eleventh grader and who had been allowed by Ethiopian politicians to practice abortion,used to keep chemicals, like formaldehyde and malathion,and he was fuming our house without our concent.And he even sprayed food items and used to give my mother to eat it.So,after that I tried to consult Ethiopian food and drug control and assessment authority and informed them about my brother behaviour.But,I learned how these offices,including the police were trying to protect him than solving our problem So,why do you think Ethiopian politicians have been using these neurotococ compounds on my who was already neurotic? We all know that this is a time when another revolutionary invention,the imternet,is capturing our attention because it can change all our life style,including farming? But,here jn Ethiopia,toxins like dildrrin and malarhion are more important to politicians than the agricultural community.Why? Recentely,I have been suffering from a neurological problem and I had to visit hospitals to find out the cause of my problem.I told the doctors that we have lodgers or tenants in our house who are applying such chemicals both on my mother and me to trigger inflammatory conditions.But,the physicians have been taking this as a mental disorder and been asking me whether I hear voices or not. I think this is foolishness. I beleive the scientists who invented these compounds call them neurotoxic.And I have told you how my brother had been using these chemicals on our house,fumugating it on our clothes,our food,etc.And if the researchers say some of these compounds stay in the soil for over hundred years,I think they could disable the people who live around that contaminated area. If my hypothesis is true,this is how Ethiopian politician run their social experiment on my mother, applying toxins inside her house,producing neurotic stories to feed their media,to change the culture,life style of the people. So,If some member of your family,your son or your daughter,dont know how these chemicals worked,but they are applying on you just politicians pay then,and as a result some member of your family fell a victim,what would you do? Doctors tell you smoking a cigarette may harm the passive smoker than the real smoker.But why do you think Ethiopian politicians have placed health officors,one doctor and a psychiaterist with more than six or seven nurses ,just to use chemicals,which I like to call pesticides,to asphyxiate her and dont understand the effect on her? My mother currently live in an old house which is about to crumble at any time and the roofs leaks and the flood coming into the house.But Ethiopian politicians are protecting these health officors and give them a right to stay because the house is important for their social experiment,and the house is growing bio agents like fungus and molds. This is how Ethiopian politicians chose an invitonment for my mother to live and both of us sometimes suffer from similar neurological disorders. Recentely,my mother have been away to morn the passing of my sister father,and she met my sister,her daughter,who arrived from abroad two days ego.I didnt go because I am not well,and I have pain ,no energy,and sweat a lot. But,my sister brought mother and she said she brought mother to wash her body because she smells.And my sister had this word even to me before while we walked on the road and everybody hearing.But,my sister became aggressive when I tell her that the lodgers should go because the house is crumbling,molds growing on the walls,and the lodgers are using sprays which affects both my mother and my health,and that they are destroying our house,breaking pipes inside the toilets etc. She won't hear such things,but since I know how my mother feel sometimes,I protested to rescue my mother from my sister action,and I said my mother need to rest and stay in her house.But,my sister said she want to take my mother back to her father house,just to play the role of a clown there because her unstable mind is likely to produce funny stories And when I hear the word which always show me how my sister is aggressive to my mother,the word she like to use..you will be dead soon..I feel my sister,a protestant,is more psychotic than my mother. Now,my sister dont understand my situation,or take our attitude or life style is the reflection of our religion,Orthodox Christianity,our culture and language,so all our troubles are nothing for her but something that make her superior or add value to her spritual power,or faith. So ,I beleive Ethiopuan politicians are using such peoples like the lodgers,my brother and sister,to bring a cultural change or behavuoural change to the society by keeping my mother neurotic in mourning houses,in the village,and even in her own house where politicians had asigned other social vermin like drug addicts,prostitutes,theives,criminals etc We are alone,my mother and me are alone We need your support Pls,save our lives Thank you.",Tparedo White Woody,2026-09-01,keyword:avian influenza
2006575410123472,https://www.facebook.com/photo?fbid=2006575410123472&set=a.1168843363896685,,2026-08-28,Lying cnuts.,Simon Day,2026-09-01,keyword:avian influenza
2006575410123472,https://www.facebook.com/photo?fbid=2006575410123472&set=a.1168843363896685,,2026-08-28,"God gave me a message for WHO.He told me to ask you to come clean over HIV.He told me that you have a conspiracy theory.He told me that HIV starts with untreated STI.That HIV grows on water and so it affects each and every part of the body.He told me HIV patients are used to make money because they are always sick from different sicknesses including surgeries and always buying medication.He told me that you need to come clean over HIV,confess, repent and do the right thing and He will forgive you and cleanse you from all unrighteousness but if you don't you will face His wrath.",Jacqueline Kimokoti,2026-09-01,keyword:avian influenza
2006575410123472,https://www.facebook.com/photo?fbid=2006575410123472&set=a.1168843363896685,,2026-08-28,Jacqueline Kimokoti you need to talk to a science literate God who knows how to review scientific data.,Kerry Sandford,2026-09-01,keyword:avian influenza
2006575410123472,https://www.facebook.com/photo?fbid=2006575410123472&set=a.1168843363896685,,,"Kerry Sandford God created everything science studies, plus the scientists!",,2026-09-01,keyword:avian influenza
2006575410123472,https://www.facebook.com/photo?fbid=2006575410123472&set=a.1168843363896685,,,Laurel Williams Ybarra really -- which Marvel comic did you read that in,,2026-09-01,keyword:avian influenza
2006575410123472,https://www.facebook.com/photo?fbid=2006575410123472&set=a.1168843363896685,,2026-08-28,Just stop already,Gary Rauschenbach,2026-09-01,keyword:avian influenza
2006575410123472,https://www.facebook.com/photo?fbid=2006575410123472&set=a.1168843363896685,,2026-08-28,"फर्जीवायरस फर्जी खबरें और फर्जी महामारी, फर्जी प्रोपगंडा नहीं चलेगा #वैक्सीन_नहीं_बीमारी_है #New_World_Order #Agenda2030 #Vaccine_Bio_Vapon #Vaccine_Bio_Terrorism #mRNA_Vaccine_Destroy_DNA #Chemtrails #Chemical_Cloud_Seeding #HAARP #Project_Blue_Beem #No_Digital_ID #No_Family_ID #No_APAAR_ID #Ban_4+1g #Ban_GMO",Ajay Kumar Lodhi,2026-09-01,keyword:avian influenza
2006575410123472,https://www.facebook.com/photo?fbid=2006575410123472&set=a.1168843363896685,,2026-08-29,IDIOTSSSSS,Cor Enrri,2026-09-01,keyword:avian influenza
2006575410123472,https://www.facebook.com/photo?fbid=2006575410123472&set=a.1168843363896685,,2026-08-28,Vaccines kill,Parker Indabak,2026-09-01,keyword:avian influenza
2006575410123472,https://www.facebook.com/photo?fbid=2006575410123472&set=a.1168843363896685,,2026-08-28,Parker Indabak well done on confirming your ignorance and stupidity -- go play nicely with the other kids,Kerry Sandford,2026-09-01,keyword:avian influenza
2006575410123472,https://www.facebook.com/photo?fbid=2006575410123472&set=a.1168843363896685,,2026-08-28,Using ‘Humanized Mice’ can help speed up development.,Laurel Williams Ybarra,2026-09-01,keyword:avian influenza
1603233141476956,https://www.facebook.com/photo?fbid=1603233141476956&set=a.506429257824022,,2026-08-27,Victorians are not surprised at this.,Jacquie Withers,2026-09-01,keyword:avian influenza
1603233141476956,https://www.facebook.com/photo?fbid=1603233141476956&set=a.506429257824022,,2026-08-27,Jacquie Withers it is concerning how much wildlife died overseas in the last few years due to this virus,Susan Poyner,2026-09-01,keyword:avian influenza
1603233141476956,https://www.facebook.com/photo?fbid=1603233141476956&set=a.506429257824022,,2026-08-28,South Australia is leading the way through this environmental disaster. They have a decent system for collecting dead birds and also their surveillance is very good. Victoria and other states can learn from their example.,Emily Muir,2026-09-01,keyword:avian influenza
1603233141476956,https://www.facebook.com/photo?fbid=1603233141476956&set=a.506429257824022,,2026-08-28,"The problem is our government doesn’t care
 Wildlife is very low priority, they don’t pay taxes",Trina McMillan,2026-09-01,keyword:avian influenza
1603233141476956,https://www.facebook.com/photo?fbid=1603233141476956&set=a.506429257824022,,2026-08-28,Emily Muir Nice bot you have there,Damos Russos,2026-09-01,keyword:avian influenza
1603233141476956,https://www.facebook.com/photo?fbid=1603233141476956&set=a.506429257824022,,2026-08-27,Keep calm and carry on Victoria.,Jenny Jenkins,2026-09-01,keyword:avian influenza
1603233141476956,https://www.facebook.com/photo?fbid=1603233141476956&set=a.506429257824022,,2026-08-27,It’s just an ABC thing…,Brett Hadden,2026-09-01,keyword:avian influenza
1603233141476956,https://www.facebook.com/photo?fbid=1603233141476956&set=a.506429257824022,,2026-08-27,Brett Hadden what do you mean??,Alison Welch,2026-09-01,keyword:avian influenza
1603233141476956,https://www.facebook.com/photo?fbid=1603233141476956&set=a.506429257824022,,2026-08-30,"Brett Hadden yeah, dead birds are the ABCs fault.",Christina Nina,2026-09-01,keyword:avian influenza
1603233141476956,https://www.facebook.com/photo?fbid=1603233141476956&set=a.506429257824022,,2026-08-27,"Reading these posts… there’s several things I’ve been made aware of…. There are some people who will always refuse to believe…. There are always some people who will blame a government, of any persuasion…. There are some people who will always be behind and swear they were never told about something…. There are others who will always blame the ABC…. And others who think it should be someone else’s responsibility… And most will be in any combination of the previous…. Meanwhile, I’m sitting here waiting and thinking and kinda scared….",Alison Welch,2026-09-01,keyword:avian influenza
1603233141476956,https://www.facebook.com/photo?fbid=1603233141476956&set=a.506429257824022,,2026-08-28,"Alison Welch they are all the same people, they are called cookers !! ( half baked conspiracy theories) . All dying and dead birds should be placed in their back yards, and then hopefully they will contract it",Andrew Stephens,2026-09-01,keyword:avian influenza
1603233141476956,https://www.facebook.com/photo?fbid=1603233141476956&set=a.506429257824022,,2026-08-28,"Alison Welch yep there are plenty of $h!tful people out there 
 and they have no idea how serious this is!",Mark Tizard,2026-09-01,keyword:avian influenza
1603233141476956,https://www.facebook.com/photo?fbid=1603233141476956&set=a.506429257824022,,2026-08-28,Alison Welch scared is how they want you,Pat Gaul,2026-09-01,keyword:avian influenza
1603233141476956,https://www.facebook.com/photo?fbid=1603233141476956&set=a.506429257824022,,2026-08-28,Alison Welch spot on,Donna Hall,2026-09-01,keyword:avian influenza
1603233141476956,https://www.facebook.com/photo?fbid=1603233141476956&set=a.506429257824022,,2026-08-29,"Alison Welch relax, bird flu has been around for, forever, first recorded way back early 1900s,, Mother Mature doing her thingy, a natural cull taking place,, ‘survival of the fittest’ stuff.",Greg Brecely,2026-09-01,keyword:avian influenza
1603233141476956,https://www.facebook.com/photo?fbid=1603233141476956&set=a.506429257824022,,2026-08-27,"They say that people collecting dead or dying birds result in infected birds flying away and spreading the virus. Damed if you do, damned if you don't",Ellen Linke,2026-09-01,keyword:avian influenza
1603233141476956,https://www.facebook.com/photo?fbid=1603233141476956&set=a.506429257824022,,2026-08-28,"Ellen Linke sounds like rubbish to me!! Asymptomatic carriers are likely to be highly mobile regardless of whether sick birds and corpses are picked up or not! Not much can be done to stop the spread from carriers, but picking up the dead and dying will absolutely reduce the number of sources of infection.",Cath Sewell,2026-09-01,keyword:avian influenza
1603233141476956,https://www.facebook.com/photo?fbid=1603233141476956&set=a.506429257824022,,2026-08-28,Ellen Linke picking up dead birds helps to prevent it jumping across into animals that feed on carrion.,Kim Grant,2026-09-01,keyword:avian influenza
1603233141476956,https://www.facebook.com/photo?fbid=1603233141476956&set=a.506429257824022,,2026-08-27,This is a question for the laughing deniers. What do you think is causing these bird deaths?,Kerry Reid,2026-09-01,keyword:avian influenza
1603233141476956,https://www.facebook.com/photo?fbid=1603233141476956&set=a.506429257824022,,2026-08-27,Kerry Reid just a guess and its my guess maybe botulism,Steven Beale,2026-09-01,keyword:avian influenza
1603233141476956,https://www.facebook.com/photo?fbid=1603233141476956&set=a.506429257824022,,2026-08-28,"Most rivers are toxic. If you don't believe me, go and drink from your local creek. There's plastic everywhere. Bees are dying, birds are dying. Humans spray all manner of pesticides and herbicides all over our food, while it's growing. So what happens when this washes off, It goes into the ground and a lot of it ends up in our rivers. Look at the algae forming at the Murray River mouth.. And don't get me started on emf's. Just because you can't see them doesn't mean emf's aren't impacting our health and the health of birds. I'm not perfect as I'm writing this message on my phone and contributing to the problem.",Chris Oakshott,2026-09-01,keyword:avian influenza
1603233141476956,https://www.facebook.com/photo?fbid=1603233141476956&set=a.506429257824022,,2026-08-28,"Kerry Reid they are full of woeful ignorance, or wilful ignorance 
 - and a $h!t sense of humour. They have no idea how serious this is.",Mark Tizard,2026-09-01,keyword:avian influenza
1603233141476956,https://www.facebook.com/photo?fbid=1603233141476956&set=a.506429257824022,,2026-08-28,Kerry Reid you work it out if you can . Lol,Sonja Ford,2026-09-01,keyword:avian influenza
1603233141476956,https://www.facebook.com/photo?fbid=1603233141476956&set=a.506429257824022,,2026-08-28,Kerry Reid because the birds aren't wearing their tin hats?,Donna Hall,2026-09-01,keyword:avian influenza
1603233141476956,https://www.facebook.com/photo?fbid=1603233141476956&set=a.506429257824022,,2026-08-29,Kerry Reid you are a fool it’s all fake media like COVID was proven to be,Shar Reid,2026-09-01,keyword:avian influenza
1603233141476956,https://www.facebook.com/photo?fbid=1603233141476956&set=a.506429257824022,,2026-08-29,Kerry they wouldn’t have a clue. Heads in the sand.,Katherine Banks,2026-09-01,keyword:avian influenza
1603233141476956,https://www.facebook.com/photo?fbid=1603233141476956&set=a.506429257824022,,2026-08-30,"Kerry Reid You have to prove that the H5N1 ""virus"" actually exists in the first place and that it's the causal agent of wildlife deaths. Contagious pathogenic viruses have never been proven to exist , so there's only two possibilities: (1) The entire bird flu/H5N1 narrative is another PSYOP and bald faced lie (2) If there are unusual clusters of mass wildlife deaths look for environmental POISONING.",Joseph Todisco,2026-09-01,keyword:avian influenza
1603233141476956,https://www.facebook.com/photo?fbid=1603233141476956&set=a.506429257824022,,2026-08-27,"Victoria is a joke 
 and I live in Melbourne",Andrea Moran,2026-09-01,keyword:avian influenza
1603233141476956,https://www.facebook.com/photo?fbid=1603233141476956&set=a.506429257824022,,2026-08-27,Andrea Moran Broke and a joke.,Judi Weir,2026-09-01,keyword:avian influenza
1603233141476956,https://www.facebook.com/photo?fbid=1603233141476956&set=a.506429257824022,,2026-08-27,Yes they only took action to vaccinate the fairy penguins after one became ill!,Peta Fulton,2026-09-01,keyword:avian influenza
1493674306128669,https://www.facebook.com/photo?fbid=1493674306128669&set=a.633768648785910,@Breaking: 'Psychological risk': Australian scientists to abandon remote island over bird flu fears,2026-08-28,Australia to withdraw staff from Macquarie Island due to 'psychological risk' of bird flu: https://www.abc.net.au/.../macquarie-island.../107088108,ABC Hobart,2026-09-01,keyword:avian influenza
1493674306128669,https://www.facebook.com/photo?fbid=1493674306128669&set=a.633768648785910,@Breaking: 'Psychological risk': Australian scientists to abandon remote island over bird flu fears,2026-08-28,ABC Hobart forget bird flu.. Let's talk Data Centres !!!!,Jason Henderson,2026-09-01,keyword:avian influenza
1493674306128669,https://www.facebook.com/photo?fbid=1493674306128669&set=a.633768648785910,@Breaking: 'Psychological risk': Australian scientists to abandon remote island over bird flu fears,2026-08-28,ABC Hobart,Rachel Rayne,2026-09-01,keyword:avian influenza
1493674306128669,https://www.facebook.com/photo?fbid=1493674306128669&set=a.633768648785910,@Breaking: 'Psychological risk': Australian scientists to abandon remote island over bird flu fears,2026-08-28,Once upon a time people existed without a cotton wool coating...,Nathan Burraston,2026-09-01,keyword:avian influenza
1493674306128669,https://www.facebook.com/photo?fbid=1493674306128669&set=a.633768648785910,@Breaking: 'Psychological risk': Australian scientists to abandon remote island over bird flu fears,2026-08-28,Nathan Burraston And they killed themselves or drank themselves into death. It's almost like we're able to learn.,An Rhi,2026-09-01,keyword:avian influenza
1493674306128669,https://www.facebook.com/photo?fbid=1493674306128669&set=a.633768648785910,@Breaking: 'Psychological risk': Australian scientists to abandon remote island over bird flu fears,2026-08-29,"Nathan Burraston Did you read the article? Would you like to be surrounded by a mass mortality event of seals, dolphins, birds dying? Be surrounded by dead and dying animals that you can do nothing to help?",Stacey Allerton,2026-09-01,keyword:avian influenza
1493674306128669,https://www.facebook.com/photo?fbid=1493674306128669&set=a.633768648785910,@Breaking: 'Psychological risk': Australian scientists to abandon remote island over bird flu fears,2026-08-29,Nathan Burraston says the bloke with a locked profile on Facebook,Benjamin Alldridge,2026-09-01,keyword:avian influenza
1493674306128669,https://www.facebook.com/photo?fbid=1493674306128669&set=a.633768648785910,@Breaking: 'Psychological risk': Australian scientists to abandon remote island over bird flu fears,2026-08-29,Nathan Burraston Spanish flu Bubonic plague All made up,Ben Cole,2026-09-01,keyword:avian influenza
1493674306128669,https://www.facebook.com/photo?fbid=1493674306128669&set=a.633768648785910,@Breaking: 'Psychological risk': Australian scientists to abandon remote island over bird flu fears,2026-08-29,Nathan Burraston you sound like someone who has never been traumatized by the mass eradication of animals,Stuart Notamaypole,2026-09-01,keyword:avian influenza
1493674306128669,https://www.facebook.com/photo?fbid=1493674306128669&set=a.633768648785910,@Breaking: 'Psychological risk': Australian scientists to abandon remote island over bird flu fears,2026-08-29,"Nathan Burraston tell us,would you like to be left on an island, surrounded by tens of thousands of rotting carcasses? Not only would the smell be horrific, but the disease factor from the rotting bodies would be high as well.",Elaine McAlister,2026-09-01,keyword:avian influenza
1493674306128669,https://www.facebook.com/photo?fbid=1493674306128669&set=a.633768648785910,@Breaking: 'Psychological risk': Australian scientists to abandon remote island over bird flu fears,2026-08-29,"Nathan Burraston and ppl lived with untreated PTSD, self medicated with alcohol etc etc (yes still happens but kinda nice to reduce these things when we can)",Kate Herbert,2026-09-01,keyword:avian influenza
1493674306128669,https://www.facebook.com/photo?fbid=1493674306128669&set=a.633768648785910,@Breaking: 'Psychological risk': Australian scientists to abandon remote island over bird flu fears,2026-08-28,"Seriously? 
 Shouldn’t we keep people down there to try understand and manage the situation? Mawson would be turning in his grave",Brad Watchorn,2026-09-01,keyword:avian influenza
1493674306128669,https://www.facebook.com/photo?fbid=1493674306128669&set=a.633768648785910,@Breaking: 'Psychological risk': Australian scientists to abandon remote island over bird flu fears,2026-08-28,Brad Watchorn absolutely. If we can guarantee that there won't be ongoing mental health issues. These expos live amidst large elephant seal colonies. Now imagine a large percentage of those animals dead and rotting on the beach. How would anyone justify forcing someone to live through that.,Jeff Keogh,2026-09-01,keyword:avian influenza
1493674306128669,https://www.facebook.com/photo?fbid=1493674306128669&set=a.633768648785910,@Breaking: 'Psychological risk': Australian scientists to abandon remote island over bird flu fears,2026-08-28,Brad Watchorn What...and leave potential witnesses?,Steve Peterson,2026-09-01,keyword:avian influenza
1493674306128669,https://www.facebook.com/photo?fbid=1493674306128669&set=a.633768648785910,@Breaking: 'Psychological risk': Australian scientists to abandon remote island over bird flu fears,2026-08-28,"Brad Watchorn Manage what, if the animals aren't vaccinated, they are dying. There are already mammals dying too. How long before it jumps to humans.",Amanda Stilbe,2026-09-01,keyword:avian influenza
1493674306128669,https://www.facebook.com/photo?fbid=1493674306128669&set=a.633768648785910,@Breaking: 'Psychological risk': Australian scientists to abandon remote island over bird flu fears,2026-08-28,Brad Watchorn They can’t have people down there that might tell the truth and expose their scam! They have a lot of money to launder yet.,Samuel Smith,2026-09-01,keyword:avian influenza
1493674306128669,https://www.facebook.com/photo?fbid=1493674306128669&set=a.633768648785910,@Breaking: 'Psychological risk': Australian scientists to abandon remote island over bird flu fears,2026-08-28,Brad Watchorn clearly you’re not across the issue. You’ve also clearly not worked in an extremely isolating and remote workplace for 6-12 months at a time…,Tyson Millar,2026-09-01,keyword:avian influenza
1493674306128669,https://www.facebook.com/photo?fbid=1493674306128669&set=a.633768648785910,@Breaking: 'Psychological risk': Australian scientists to abandon remote island over bird flu fears,2026-08-28,Brad Watchorn How long did you live among the carcasses of thousands of animals you monitored from birth?,An Rhi,2026-09-01,keyword:avian influenza
1493674306128669,https://www.facebook.com/photo?fbid=1493674306128669&set=a.633768648785910,@Breaking: 'Psychological risk': Australian scientists to abandon remote island over bird flu fears,2026-08-31,Brad Watchorn Duty of Care from the employer.,Sharon Greenfield,2026-09-01,keyword:avian influenza
1493674306128669,https://www.facebook.com/photo?fbid=1493674306128669&set=a.633768648785910,@Breaking: 'Psychological risk': Australian scientists to abandon remote island over bird flu fears,2026-08-28,Happy to head down in their place. It’s a natural phenomena it needs to be documented.,Clint Schipper,2026-09-01,keyword:avian influenza
1493674306128669,https://www.facebook.com/photo?fbid=1493674306128669&set=a.633768648785910,@Breaking: 'Psychological risk': Australian scientists to abandon remote island over bird flu fears,2026-08-28,Clint Schipper it’s well documented in the northern hemispheres.,Takeshi Covac,2026-09-01,keyword:avian influenza
1493674306128669,https://www.facebook.com/photo?fbid=1493674306128669&set=a.633768648785910,@Breaking: 'Psychological risk': Australian scientists to abandon remote island over bird flu fears,2026-08-28,"Clint Schipper why aren't you already in this field then?
 This isn't new",An Rhi,2026-09-01,keyword:avian influenza
1493674306128669,https://www.facebook.com/photo?fbid=1493674306128669&set=a.633768648785910,@Breaking: 'Psychological risk': Australian scientists to abandon remote island over bird flu fears,2026-08-29,"Clint Schipper 20,000 rotting seals outside your door would not be a pleasant place to live",Fiona Ellison,2026-09-01,keyword:avian influenza
1493674306128669,https://www.facebook.com/photo?fbid=1493674306128669&set=a.633768648785910,@Breaking: 'Psychological risk': Australian scientists to abandon remote island over bird flu fears,2026-08-29,"Clint Schipper I dunno if you've ever experienced the smell of a kangaroo that's been killed and rotted on the side of the road for a few months but to say the smell is unpleasant is an understatement. If that were birds and sea mammals everywhere you looked and the smell were inescapable to say that would be traumatic would be an understatement. Not to mention witnessing animals suffering as they succumb. And that's without considering the potential of the bird flu making the transition to human infection which is always some level of possibility, decaying animals compromising water supply, and saprotropic bacterial infections.",Josh Hunt,2026-09-01,keyword:avian influenza
1493674306128669,https://www.facebook.com/photo?fbid=1493674306128669&set=a.633768648785910,@Breaking: 'Psychological risk': Australian scientists to abandon remote island over bird flu fears,2026-08-28,"For the people living and working literally beside and among the beautiful wildlife on this island, to witness complete devastation as occurred on Heard Island would be incredibly distressing. Have some empathy, people.",Jane Utting,2026-09-01,keyword:avian influenza
1493674306128669,https://www.facebook.com/photo?fbid=1493674306128669&set=a.633768648785910,@Breaking: 'Psychological risk': Australian scientists to abandon remote island over bird flu fears,2026-08-29,Jane Utting many ppl lack any empathy unfortunately,Aaron Janes,2026-09-01,keyword:avian influenza
1493674306128669,https://www.facebook.com/photo?fbid=1493674306128669&set=a.633768648785910,@Breaking: 'Psychological risk': Australian scientists to abandon remote island over bird flu fears,2026-08-28,Has the AAD actually consulted with the expedition members ?,Patrick Deprez,2026-09-01,keyword:avian influenza
1493674306128669,https://www.facebook.com/photo?fbid=1493674306128669&set=a.633768648785910,@Breaking: 'Psychological risk': Australian scientists to abandon remote island over bird flu fears,2026-08-28,"Patrick Deprez the massive mortality of seals at Heard Island really upset the expeditioners on that voyage, why would you expose the Macquarie Island expeditioners when the AAD already knows what effect seeing mass mortality will have on the majority of them. They will be helpless to do anything other than watch animals they care about die in front of them.",Teresa O'Leary,2026-09-01,keyword:avian influenza
1493674306128669,https://www.facebook.com/photo?fbid=1493674306128669&set=a.633768648785910,@Breaking: 'Psychological risk': Australian scientists to abandon remote island over bird flu fears,2026-08-30,Patrick Deprez good question!,Rebecca Wright,2026-09-01,keyword:avian influenza
1493674306128669,https://www.facebook.com/photo?fbid=1493674306128669&set=a.633768648785910,@Breaking: 'Psychological risk': Australian scientists to abandon remote island over bird flu fears,2026-08-29,"Good to protect staff from predictable trauma; I feel a bit freaked out, imagining what is anticipated to happen.",Donna O'm,2026-09-01,keyword:avian influenza
1663553658663381,https://www.facebook.com/photo?fbid=1663553658663381&set=a.360651605620266,,2026-08-27,It is actually a compliment these days to be called a conspiracy theorist,Muz Field,2026-09-01,keyword:avian influenza
1663553658663381,https://www.facebook.com/photo?fbid=1663553658663381&set=a.360651605620266,,2026-08-27,"Better than the conspiracy theory that men can be women, you'd have to say.",Paul O'loughlin,2026-09-01,keyword:avian influenza
1663553658663381,https://www.facebook.com/photo?fbid=1663553658663381&set=a.360651605620266,,2026-08-27,Paul O'loughlin who is saying that? And really how is that affecting you? Having a politician spout such nonsense with the bird flu is actually dangerous and it is an absolute lie.,Tom Newham,2026-09-01,keyword:avian influenza
1663553658663381,https://www.facebook.com/photo?fbid=1663553658663381&set=a.360651605620266,,2026-08-27,Paul O'loughlin thats what loopy labour thinks...,Melissa Jane,2026-09-01,keyword:avian influenza
1663553658663381,https://www.facebook.com/photo?fbid=1663553658663381&set=a.360651605620266,,2026-08-28,Paul O'loughlin hmmm likevto see a man have a baby ??? Let alone carry one for 9 months.!!,Ronnie Garrett,2026-09-01,keyword:avian influenza
1663553658663381,https://www.facebook.com/photo?fbid=1663553658663381&set=a.360651605620266,,2026-08-28,Paul O'loughlin so what effect does that have on ordinary Australians ? I use eggs everyday. Obviously you use transgender more often than eggs ?,Les Ferguson,2026-09-01,keyword:avian influenza
1663553658663381,https://www.facebook.com/photo?fbid=1663553658663381&set=a.360651605620266,,2026-08-28,Paul O'loughlin there are lots of really good psychiatrists and counselors who can help you with your issues,Gerry Skinner,2026-09-01,keyword:avian influenza
1663553658663381,https://www.facebook.com/photo?fbid=1663553658663381&set=a.360651605620266,,2026-08-28,Paul O'loughlin Ah. Another pointless comment from a locked One Nation dud profile. What a surprise.,Colin Berry,2026-09-01,keyword:avian influenza
1663553658663381,https://www.facebook.com/photo?fbid=1663553658663381&set=a.360651605620266,,2026-08-28,Paul O'loughlin are you upset because you shagged one,Shaun Gribbin,2026-09-01,keyword:avian influenza
1663553658663381,https://www.facebook.com/photo?fbid=1663553658663381&set=a.360651605620266,,2026-08-28,Paul O'loughlin try and stay on topic looper!,Garth Vader,2026-09-01,keyword:avian influenza
1663553658663381,https://www.facebook.com/photo?fbid=1663553658663381&set=a.360651605620266,,2026-08-28,Paul O'loughlin obsessed hey,Peter Langford,2026-09-01,keyword:avian influenza
1663553658663381,https://www.facebook.com/photo?fbid=1663553658663381&set=a.360651605620266,,2026-08-28,Paul O'loughlin l often see comments like that. How does that worry or affect you. Just curious. Is something like that a big thing in your life?,Robin Archer,2026-09-01,keyword:avian influenza
1663553658663381,https://www.facebook.com/photo?fbid=1663553658663381&set=a.360651605620266,,2026-08-28,What the difference between a conspiracy theory & the truth About 6 mths,Martin Heath,2026-09-01,keyword:avian influenza
1663553658663381,https://www.facebook.com/photo?fbid=1663553658663381&set=a.360651605620266,,2026-08-28,Martin Heath name one that has eventuated,Kirsten Maria,2026-09-01,keyword:avian influenza
1663553658663381,https://www.facebook.com/photo?fbid=1663553658663381&set=a.360651605620266,,2026-08-28,Martin Heath There has never been a conspiracy theory proven right.Only in warped minds like yours.,Wayne Schmidt,2026-09-01,keyword:avian influenza
1663553658663381,https://www.facebook.com/photo?fbid=1663553658663381&set=a.360651605620266,,2026-08-28,Martin Heath what was 9/11 in your opinion.,Carmelo Menta,2026-09-01,keyword:avian influenza
1663553658663381,https://www.facebook.com/photo?fbid=1663553658663381&set=a.360651605620266,,2026-08-28,"Martin Heath yeah, thats right! Like, l know the world is flat . If it wasnt it would roll off the giant turtles back.",Robin Archer,2026-09-01,keyword:avian influenza
1663553658663381,https://www.facebook.com/photo?fbid=1663553658663381&set=a.360651605620266,,2026-08-28,"Martin Heath love it, well said",Greg Butt,2026-09-01,keyword:avian influenza
1663553658663381,https://www.facebook.com/photo?fbid=1663553658663381&set=a.360651605620266,,2026-08-28,Martin Heath this,Gabby Love,2026-09-01,keyword:avian influenza
1663553658663381,https://www.facebook.com/photo?fbid=1663553658663381&set=a.360651605620266,,2026-08-28,Martin Heath Not that long now the way the government push things is doesn’t take long . All government agencies spread their mouths for payments .,Gregory Jones,2026-09-01,keyword:avian influenza
1663553658663381,https://www.facebook.com/photo?fbid=1663553658663381&set=a.360651605620266,,2026-08-28,Martin Heath it’s really rare for a conspiracy theory to be found to be accurate. So don’t count on it.,Chris Fogarty,2026-09-01,keyword:avian influenza
1663553658663381,https://www.facebook.com/photo?fbid=1663553658663381&set=a.360651605620266,,2026-08-28,Martin Heath 100%,Terry Swift,2026-09-01,keyword:avian influenza
1663553658663381,https://www.facebook.com/photo?fbid=1663553658663381&set=a.360651605620266,,2026-08-28,"Martin Heath actually, I think it’s down to about six weeks by now!",Wayne Pernice,2026-09-01,keyword:avian influenza
1663553658663381,https://www.facebook.com/photo?fbid=1663553658663381&set=a.360651605620266,,2026-08-27,Hanson derangement syndrome is real!,Matt Grant,2026-09-01,keyword:avian influenza
1663553658663381,https://www.facebook.com/photo?fbid=1663553658663381&set=a.360651605620266,,2026-08-27,Matt Grant that comment is the big problem victorians are having i bet you are a Union worker dole bludger or gov employed,Michael Mchugh,2026-09-01,keyword:avian influenza
1663553658663381,https://www.facebook.com/photo?fbid=1663553658663381&set=a.360651605620266,,2026-08-27,Matt Grant yep she is deranged,Michelle Selbie,2026-09-01,keyword:avian influenza
1663553658663381,https://www.facebook.com/photo?fbid=1663553658663381&set=a.360651605620266,,2026-08-27,"Well, she is deranged",Artie Stevens,2026-09-01,keyword:avian influenza
1663553658663381,https://www.facebook.com/photo?fbid=1663553658663381&set=a.360651605620266,,2026-08-27,Actually correct it started in a lab in America,Dale Charleston,2026-09-01,keyword:avian influenza
1663553658663381,https://www.facebook.com/photo?fbid=1663553658663381&set=a.360651605620266,,2026-08-27,Matt Grant I blame the chemtrails,Peter G Jackson,2026-09-01,keyword:avian influenza
1663553658663381,https://www.facebook.com/photo?fbid=1663553658663381&set=a.360651605620266,,2026-08-28,Matt Grant meaning What ??,Ronnie Garrett,2026-09-01,keyword:avian influenza
1500684492103066,https://www.facebook.com/photo?fbid=1500684492103066&set=a.599801792191345,,2026-08-29,This should bring out the cookers and the armchair experts on avian virology. There is a fair bit of overlap,Stephen Macpherson,2026-09-01,keyword:avian influenza
1500684492103066,https://www.facebook.com/photo?fbid=1500684492103066&set=a.599801792191345,,2026-08-29,"You’re a bot, you make this exact same post on every story like this.",Connor Pauling,2026-09-01,keyword:avian influenza
1500684492103066,https://www.facebook.com/photo?fbid=1500684492103066&set=a.599801792191345,,2026-08-29,"Stephen Macpherson the Cookers are the ones cooking up the ""virus"", buddy. We've seen this all before!",Frans Kat,2026-09-01,keyword:avian influenza
1500684492103066,https://www.facebook.com/photo?fbid=1500684492103066&set=a.599801792191345,,2026-08-29,"Stephen Macpherson And you can go stick your needles where the sun don't shine, creep.",Frans Kat,2026-09-01,keyword:avian influenza
1500684492103066,https://www.facebook.com/photo?fbid=1500684492103066&set=a.599801792191345,,2026-08-29,Stephen Macpherson and the retard makes another cooker comment,Steve Cain,2026-09-01,keyword:avian influenza
1500684492103066,https://www.facebook.com/photo?fbid=1500684492103066&set=a.599801792191345,,2026-08-29,"Stephen Macpherson should bring out all the (gull)ible (pardon the pun), self appointed arbiters of IQ and scientists too it seems.",Tino Maiorana,2026-09-01,keyword:avian influenza
1500684492103066,https://www.facebook.com/photo?fbid=1500684492103066&set=a.599801792191345,,2026-08-29,Stephen Macpherson Paid shill alert,Russ Green,2026-09-01,keyword:avian influenza
1500684492103066,https://www.facebook.com/photo?fbid=1500684492103066&set=a.599801792191345,,2026-08-29,Stephen Macpherson,Tony Scott,2026-09-01,keyword:avian influenza
1500684492103066,https://www.facebook.com/photo?fbid=1500684492103066&set=a.599801792191345,,2026-08-29,Stephen Macpherson and what are you a tv expert .?,Micky Ricky,2026-09-01,keyword:avian influenza
1500684492103066,https://www.facebook.com/photo?fbid=1500684492103066&set=a.599801792191345,,2026-08-29,Stephen Macpherson same as the dumbfcks whom think it will work.,Michael Barron,2026-09-01,keyword:avian influenza
1500684492103066,https://www.facebook.com/photo?fbid=1500684492103066&set=a.599801792191345,,2026-08-29,Stephen Macpherson you sound heavily vaccinated,Matt Hayto,2026-09-01,keyword:avian influenza
1500684492103066,https://www.facebook.com/photo?fbid=1500684492103066&set=a.599801792191345,,2026-08-28,They didn't even get a free paddle pop,Melissa Clare,2026-09-01,keyword:avian influenza
1500684492103066,https://www.facebook.com/photo?fbid=1500684492103066&set=a.599801792191345,,2026-08-29,Melissa Clare,Katrina Puddy,2026-09-01,keyword:avian influenza
1500684492103066,https://www.facebook.com/photo?fbid=1500684492103066&set=a.599801792191345,,2026-08-30,Melissa Clare free chippie,Ryan Dann,2026-09-01,keyword:avian influenza
1500684492103066,https://www.facebook.com/photo?fbid=1500684492103066&set=a.599801792191345,,2026-08-29,Well at least the birds will get the same informed consent that the humans did.,Das Boot,2026-09-01,keyword:avian influenza
1500684492103066,https://www.facebook.com/photo?fbid=1500684492103066&set=a.599801792191345,,2026-08-29,Das Boot,Connor Holmes,2026-09-01,keyword:avian influenza
1500684492103066,https://www.facebook.com/photo?fbid=1500684492103066&set=a.599801792191345,,2026-08-30,Das Boot I guess that comment qualifies you as an idiot.,Zap Branigan,2026-09-01,keyword:avian influenza
1500684492103066,https://www.facebook.com/photo?fbid=1500684492103066&set=a.599801792191345,,2026-08-28,Do they all have to wear masks and chick in with QR codes?,Murky Mills,2026-09-01,keyword:avian influenza
1500684492103066,https://www.facebook.com/photo?fbid=1500684492103066&set=a.599801792191345,,2026-08-28,Murky Mills Thats a cheep play on words,Jay Bate,2026-09-01,keyword:avian influenza
1500684492103066,https://www.facebook.com/photo?fbid=1500684492103066&set=a.599801792191345,,2026-08-28,Murky Mills l hope so for their safety,Texx Norman,2026-09-01,keyword:avian influenza
1500684492103066,https://www.facebook.com/photo?fbid=1500684492103066&set=a.599801792191345,,2026-08-29,Idiot,Angus Gordon,2026-09-01,keyword:avian influenza
1500684492103066,https://www.facebook.com/photo?fbid=1500684492103066&set=a.599801792191345,,2026-08-29,Murky Mills they have to be 1.5 wingspans apart,Kimmi Wiggi,2026-09-01,keyword:avian influenza
1500684492103066,https://www.facebook.com/photo?fbid=1500684492103066&set=a.599801792191345,,2026-08-29,Murky Mills stick to the UK bot boofhead,Warren Cox,2026-09-01,keyword:avian influenza
1500684492103066,https://www.facebook.com/photo?fbid=1500684492103066&set=a.599801792191345,,2026-08-29,Murky Mills so there are idiots in the UK as well,David Freeston,2026-09-01,keyword:avian influenza
1500684492103066,https://www.facebook.com/photo?fbid=1500684492103066&set=a.599801792191345,,2026-08-29,"Murky Mills Nope, they’re not privileged unlike some ungrateful humans.",Lino Montuno,2026-09-01,keyword:avian influenza
1500684492103066,https://www.facebook.com/photo?fbid=1500684492103066&set=a.599801792191345,,2026-08-29,Have u tried mandating it and telling them they arnt allowed in the sky?,David William Separovicj,2026-09-01,keyword:avian influenza
1500684492103066,https://www.facebook.com/photo?fbid=1500684492103066&set=a.599801792191345,,2026-08-29,David William Separovicj no more than 5klm from home,Kim Ticehurst,2026-09-01,keyword:avian influenza
1500684492103066,https://www.facebook.com/photo?fbid=1500684492103066&set=a.599801792191345,,2026-08-29,Make sure to do essential worker penguins first,Taren Dughetti,2026-09-01,keyword:avian influenza
1500684492103066,https://www.facebook.com/photo?fbid=1500684492103066&set=a.599801792191345,,2026-08-30,Taren Dughetti a little lingering resentment there?,Mark Preston,2026-09-01,keyword:avian influenza
1500684492103066,https://www.facebook.com/photo?fbid=1500684492103066&set=a.599801792191345,,2026-08-29,And who is catching them all,Peter J Young,2026-09-01,keyword:avian influenza
1566500405490759,https://www.facebook.com/photo?fbid=1566500405490759&set=a.374610268013118,,2026-08-28,Everyone quick rush to get toilet paper,Dylan Salafia,2026-09-01,keyword:avian influenza
1566500405490759,https://www.facebook.com/photo?fbid=1566500405490759&set=a.374610268013118,,2026-08-28,Dylan Salafia I saw Big Bird take it all at Woolies other day,Paul Davidson,2026-09-01,keyword:avian influenza
1566500405490759,https://www.facebook.com/photo?fbid=1566500405490759&set=a.374610268013118,,2026-08-28,Dylan Salafia go finish some concrete.,Kevin Searle,2026-09-01,keyword:avian influenza
1566500405490759,https://www.facebook.com/photo?fbid=1566500405490759&set=a.374610268013118,,2026-08-28,Dylan Salafia and catch all the birds and vaccinate them quick,Sharon Goode,2026-09-01,keyword:avian influenza
1566500405490759,https://www.facebook.com/photo?fbid=1566500405490759&set=a.374610268013118,,2026-08-29,Dylan Salafia triggered little boy aren't you,Nola Lee Berry,2026-09-01,keyword:avian influenza
1566500405490759,https://www.facebook.com/photo?fbid=1566500405490759&set=a.374610268013118,,2026-08-31,"still got leftovers from covid days !!! lol,, always buy the bulk packs for 50yrs I do not want to check toilet paper availability every week same as washing powder etc...that is how I run my household.. clingwrap alfoil , baking paper, always have a back up, , but I still get LOOKS when I buy my pack of 45 toilet paper, on special too. they stand there with their pack of 6 rolls and I think, you will have to buy the same next week and if you forget you will be out of toilet paper ..I grew up post war so I always prepared..",Di Harvey,2026-09-01,keyword:avian influenza
1566500405490759,https://www.facebook.com/photo?fbid=1566500405490759&set=a.374610268013118,,2026-08-28,"Simple solution: If it goes into a bar , make it sit down. Standing up is highly dangerous as a means of transfer.",Sailor Sja,2026-09-01,keyword:avian influenza
1566500405490759,https://www.facebook.com/photo?fbid=1566500405490759&set=a.374610268013118,,2026-08-28,So many of the comments here show why we need to invest more in education....,Janet Langridge,2026-09-01,keyword:avian influenza
1566500405490759,https://www.facebook.com/photo?fbid=1566500405490759&set=a.374610268013118,,2026-08-29,"Janet Langridge it is because you believe in this that the penguins will be wiped out, or very close to it.",Shane Mac Mahon,2026-09-01,keyword:avian influenza
1566500405490759,https://www.facebook.com/photo?fbid=1566500405490759&set=a.374610268013118,,2026-08-29,Janet Langridge they are the grade four class clowns. I recognise them from my teaching career.,Kristin Dawson,2026-09-01,keyword:avian influenza
1566500405490759,https://www.facebook.com/photo?fbid=1566500405490759&set=a.374610268013118,,2026-08-30,"Janet Langridge yes, for the people swallowing this rubbish",Peter Hess,2026-09-01,keyword:avian influenza
1566500405490759,https://www.facebook.com/photo?fbid=1566500405490759&set=a.374610268013118,,2026-08-28,Look out get the tissues,Nicci Wynter,2026-09-01,keyword:avian influenza
1566500405490759,https://www.facebook.com/photo?fbid=1566500405490759&set=a.374610268013118,,2026-08-28,Nicci Wynter its not about humans Nicci,Phil Gnirod,2026-09-01,keyword:avian influenza
1566500405490759,https://www.facebook.com/photo?fbid=1566500405490759&set=a.374610268013118,,2026-08-29,prepare for the next lockdown,Jeannie Stevenson,2026-09-01,keyword:avian influenza
1566500405490759,https://www.facebook.com/photo?fbid=1566500405490759&set=a.374610268013118,,2026-08-29,Jeannie Stevenson can see that happening. These freaks are relentless,Grant Laing,2026-09-01,keyword:avian influenza
1566500405490759,https://www.facebook.com/photo?fbid=1566500405490759&set=a.374610268013118,,2026-08-29,Jeannie Stevenson,Gabrielle Montblanc,2026-09-01,keyword:avian influenza
1566500405490759,https://www.facebook.com/photo?fbid=1566500405490759&set=a.374610268013118,,2026-08-29,"Jeannie Stevenson oh yeh, it's all scripted. Even the rat in the sewer knows damn well what's going on !!",Vicki Meers,2026-09-01,keyword:avian influenza
1566500405490759,https://www.facebook.com/photo?fbid=1566500405490759&set=a.374610268013118,,2026-08-30,"Jeannie Stevenson why? It’s highly unlikely to be contracted by humans. Your dogs and cats and cows, however….",Isabel Robinson,2026-09-01,keyword:avian influenza
1566500405490759,https://www.facebook.com/photo?fbid=1566500405490759&set=a.374610268013118,,2026-08-29,Masked lapwings ??,Matt Dean,2026-09-01,keyword:avian influenza
1566500405490759,https://www.facebook.com/photo?fbid=1566500405490759&set=a.374610268013118,,2026-08-28,Aaron Patterson probably let Jesse know,Caitlan Rose,2026-09-01,keyword:avian influenza
1566500405490759,https://www.facebook.com/photo?fbid=1566500405490759&set=a.374610268013118,,2026-08-28,,Valentina Angelovska Vlaisavljevic,2026-09-01,keyword:avian influenza
1566500405490759,https://www.facebook.com/photo?fbid=1566500405490759&set=a.374610268013118,,2026-08-29,Valentina Angelovska Vlaisavljevic good one,Lynda McGregor,2026-09-01,keyword:avian influenza
1566500405490759,https://www.facebook.com/photo?fbid=1566500405490759&set=a.374610268013118,,2026-08-31,Valentina Angelovska Vlaisavljevic free chippies !! and humans fell for the covid hoax .. I used to give a one legged seagull more chips than the others when I went to the beach..love them,Di Harvey,2026-09-01,keyword:avian influenza
1566500405490759,https://www.facebook.com/photo?fbid=1566500405490759&set=a.374610268013118,,2026-08-30,I know it’s sad but isn’t this nature doing what nature does?,Steven Lymbery,2026-09-01,keyword:avian influenza
1566500405490759,https://www.facebook.com/photo?fbid=1566500405490759&set=a.374610268013118,,2026-08-31,Steven Lymbery nature looks after nature until it is interfered with.. remember covid ??,Di Harvey,2026-09-01,keyword:avian influenza
1566500405490759,https://www.facebook.com/photo?fbid=1566500405490759&set=a.374610268013118,,2026-08-29,"Yesterday a bird flu over me, this morning i crowed at sunrise. Please send birdseed.",Shane Mac Mahon,2026-09-01,keyword:avian influenza
1566500405490759,https://www.facebook.com/photo?fbid=1566500405490759&set=a.374610268013118,,2026-08-29,Shane Mac Mahon get ready for impending scams coming pyr way again. Agenda 2030 loading now....,Vicki Meers,2026-09-01,keyword:avian influenza
1566500405490759,https://www.facebook.com/photo?fbid=1566500405490759&set=a.374610268013118,,2026-08-28,Yes i just put that out there. Bit of a worry,Judit Fraser,2026-09-01,keyword:avian influenza
1566500405490759,https://www.facebook.com/photo?fbid=1566500405490759&set=a.374610268013118,,2026-08-29,Vaccinate the sand. Get a head of the curve.,Chris Rauhala,2026-09-01,keyword:avian influenza
1566500405490759,https://www.facebook.com/photo?fbid=1566500405490759&set=a.374610268013118,,2026-08-29,I love our birds that visit our yard.,Kaj Amm,2026-09-01,keyword:avian influenza
1636190054528925,https://www.facebook.com/photo?fbid=1636190054528925&set=a.558705422277399,,2026-08-25,The pharmaceuticals will be rubbing their hands looking at the next pot full of gold.,Phillip Boelen,2026-09-01,keyword:avian influenza
1636190054528925,https://www.facebook.com/photo?fbid=1636190054528925&set=a.558705422277399,,2026-08-25,Phillip Boelen pharmaceuticals have hands?,Ian Gilbert,2026-09-01,keyword:avian influenza
1636190054528925,https://www.facebook.com/photo?fbid=1636190054528925&set=a.558705422277399,,2026-08-25,Phillip Boelen creating their next pot of gold,David Buttsworth,2026-09-01,keyword:avian influenza
1636190054528925,https://www.facebook.com/photo?fbid=1636190054528925&set=a.558705422277399,,2026-08-25,Phillip Boelen you DO realise they get millions more treating a disease than immunisation against it? So you are actually promoting giving them more money. Never thought that out when following your script did you?,Shirley Cook,2026-09-01,keyword:avian influenza
1636190054528925,https://www.facebook.com/photo?fbid=1636190054528925&set=a.558705422277399,,2026-08-25,"Phillip Boelen this has been around for decades, why would they rub their hands when it finally reaches the least populated continent",Richard Burges,2026-09-01,keyword:avian influenza
1636190054528925,https://www.facebook.com/photo?fbid=1636190054528925&set=a.558705422277399,,2026-08-25,Who put the story together follow the money,John Elsom,2026-09-01,keyword:avian influenza
1636190054528925,https://www.facebook.com/photo?fbid=1636190054528925&set=a.558705422277399,,2026-08-25,Phillip Boelen meanwhile the wellness industry is worth more than 4 times of what the pharmaceutical industry is....,Jack Browning,2026-09-01,keyword:avian influenza
1636190054528925,https://www.facebook.com/photo?fbid=1636190054528925&set=a.558705422277399,,2026-08-25,Bird flu has been around for years. Why do you uneducated people think it’s something new and invented?,Donna Nilsen,2026-09-01,keyword:avian influenza
1636190054528925,https://www.facebook.com/photo?fbid=1636190054528925&set=a.558705422277399,,2026-08-25,Phillip Boelen get therapy,Max Columbidae,2026-09-01,keyword:avian influenza
1636190054528925,https://www.facebook.com/photo?fbid=1636190054528925&set=a.558705422277399,,2026-08-25,Phillip Boelen They are already getting it jabbing the animals. This will never end unless we the people say enough,Adam Milbrandt,2026-09-01,keyword:avian influenza
1636190054528925,https://www.facebook.com/photo?fbid=1636190054528925&set=a.558705422277399,,2026-08-25,Phillip Boelen they dont need to rub too hard. Covid is back in town. Breaking news thru the nrl bulldogs camp lol,Kynkids Kirkman,2026-09-01,keyword:avian influenza
1636190054528925,https://www.facebook.com/photo?fbid=1636190054528925&set=a.558705422277399,,2026-08-25,"Fear Sells, Until You Stop Buying It!",Teena Martin,2026-09-01,keyword:avian influenza
1636190054528925,https://www.facebook.com/photo?fbid=1636190054528925&set=a.558705422277399,,2026-08-25,Teena Martin No doubt Belle Gibson will have a cure....,Christina Nina,2026-09-01,keyword:avian influenza
1636190054528925,https://www.facebook.com/photo?fbid=1636190054528925&set=a.558705422277399,,2026-08-25,"Teena Martin being cautious isn’t living in fear …,, it’s sensible",Gavin Bourke,2026-09-01,keyword:avian influenza
1636190054528925,https://www.facebook.com/photo?fbid=1636190054528925&set=a.558705422277399,,2026-08-25,What are we buying??? Unless your a vet or work with wild birds and mammals you don’t need to do anything?? No extra toilet paper needed!!,Malcolm Cox,2026-09-01,keyword:avian influenza
1636190054528925,https://www.facebook.com/photo?fbid=1636190054528925&set=a.558705422277399,,2026-08-25,Teena Martin lol it's good to see you're letting natural selection do its job,Mary Smilie,2026-09-01,keyword:avian influenza
1636190054528925,https://www.facebook.com/photo?fbid=1636190054528925&set=a.558705422277399,,2026-08-25,"lol Bird brains getting excited about bird flu, just think of the possibilities",Du Simon,2026-09-01,keyword:avian influenza
1636190054528925,https://www.facebook.com/photo?fbid=1636190054528925&set=a.558705422277399,,2026-08-25,Du Simon the only people getting excited are the ones who are laughing at mass bird deaths.,Andy Ong,2026-09-01,keyword:avian influenza
1636190054528925,https://www.facebook.com/photo?fbid=1636190054528925&set=a.558705422277399,,2026-08-25,Du Simon DEATH WITHIN 2 DAYS IS THE POSSIBILITY!,Mary Merrington,2026-09-01,keyword:avian influenza
1636190054528925,https://www.facebook.com/photo?fbid=1636190054528925&set=a.558705422277399,,2026-08-25,Can I just plead the 5th 111 times instead.,Max Patzel,2026-09-01,keyword:avian influenza
1636190054528925,https://www.facebook.com/photo?fbid=1636190054528925&set=a.558705422277399,,2026-08-25,Max Patzel Well if you're Trump you can plead the 5th over 440 times.,John Logic,2026-09-01,keyword:avian influenza
1636190054528925,https://www.facebook.com/photo?fbid=1636190054528925&set=a.558705422277399,,2026-08-25,"Max Patzel in case you haven't noticed, Australia doesn't have the American constitution. There is no ""fifth""",Gael Mackenzie,2026-09-01,keyword:avian influenza
1636190054528925,https://www.facebook.com/photo?fbid=1636190054528925&set=a.558705422277399,,2026-08-25,Here we go … who’s going to fall for it !!!,Glen Walsh,2026-09-01,keyword:avian influenza
1636190054528925,https://www.facebook.com/photo?fbid=1636190054528925&set=a.558705422277399,,2026-08-25,Glen Walsh only people with iqs over room temperature. So nothing to concern you,Mick Kelly,2026-09-01,keyword:avian influenza
1636190054528925,https://www.facebook.com/photo?fbid=1636190054528925&set=a.558705422277399,,2026-08-25,Glen Walsh get therapy,Max Columbidae,2026-09-01,keyword:avian influenza
1636190054528925,https://www.facebook.com/photo?fbid=1636190054528925&set=a.558705422277399,,2026-08-25,"Glen Walsh the majority still, sadly",Joe Biggs,2026-09-01,keyword:avian influenza
1636190054528925,https://www.facebook.com/photo?fbid=1636190054528925&set=a.558705422277399,,2026-08-25,Glen Walsh i’ve seen science do a lot of amazing things. But one thing I’ve never seen any science do is launch a global coordinated orchestrated assault on the citizens of any country. You’re not some Wiley sharp eyed Crusade are calling out a conspiracy. You’re a numpty with bad pattern recognition.,Wayne Petherick,2026-09-01,keyword:avian influenza
1636190054528925,https://www.facebook.com/photo?fbid=1636190054528925&set=a.558705422277399,,2026-08-25,It already IS a pandemic for birds and some mammals. It's across the world. Our continent was the last two get it. 50% of humans who get it for but relatively few have got infected,Tarz Magio,2026-09-01,keyword:avian influenza
1636190054528925,https://www.facebook.com/photo?fbid=1636190054528925&set=a.558705422277399,,2026-08-25,Tarz Magio you would believe anything,Lyn Adams,2026-09-01,keyword:avian influenza
1636190054528925,https://www.facebook.com/photo?fbid=1636190054528925&set=a.558705422277399,,2026-08-25,Tarz Magio Get your mask on and lock yourself in your car with the windows shut. It is coming for you.,Frederik Kruger,2026-09-01,keyword:avian influenza
1729726812491726,https://www.facebook.com/photo?fbid=1729726812491726&set=a.722828036514947,@Bird flu reaches Tasmania’s east coast and south for the first time,2026-09-01,A tern at Acton Park is the first case found close to Hobart. More from across the community: https://pulsetasmania.com.au/.../bird-flu-reaches.../,Pulse Tasmania,2026-09-01,keyword:bird flu
1729726812491726,https://www.facebook.com/photo?fbid=1729726812491726&set=a.722828036514947,@Bird flu reaches Tasmania’s east coast and south for the first time,2026-09-01,Pulse Tasmania the first case near Hobart that the NRE have tested. Their have been several types of land birds reported at Cambridge on 2 separate properties that they didn't want to know about when reported on their hotline.,Kristy Birch,2026-09-01,keyword:bird flu
1729726812491726,https://www.facebook.com/photo?fbid=1729726812491726&set=a.722828036514947,@Bird flu reaches Tasmania’s east coast and south for the first time,2026-09-01,"Oh yes the ""cases"".....Does that ring a bell?",Richard Browne,2026-09-01,keyword:bird flu
1729726812491726,https://www.facebook.com/photo?fbid=1729726812491726&set=a.722828036514947,@Bird flu reaches Tasmania’s east coast and south for the first time,2026-09-01,using up the old unused rat tests i am assuming,Natisha Knight,2026-09-01,keyword:bird flu
1729726812491726,https://www.facebook.com/photo?fbid=1729726812491726&set=a.722828036514947,@Bird flu reaches Tasmania’s east coast and south for the first time,2026-09-01,"Natisha Knight don't be ridiculous! This is bird flu, not human Covid.",Lesley Jolly,2026-09-01,keyword:bird flu
1729726812491726,https://www.facebook.com/photo?fbid=1729726812491726&set=a.722828036514947,@Bird flu reaches Tasmania’s east coast and south for the first time,,Natisha Knight grow tf up,Judith Summers,2026-09-01,keyword:bird flu
1729726812491726,https://www.facebook.com/photo?fbid=1729726812491726&set=a.722828036514947,@Bird flu reaches Tasmania’s east coast and south for the first time,2026-09-01,Time to stop destroying forests to protect endangered species including the Swift parrots,Cate Mettam,2026-09-01,keyword:bird flu
1729726812491726,https://www.facebook.com/photo?fbid=1729726812491726&set=a.722828036514947,@Bird flu reaches Tasmania’s east coast and south for the first time,2026-09-01,Cate Mettam what has that got anything to do with bird flu.,Wayne Mcnamara,2026-09-01,keyword:bird flu
1729726812491726,https://www.facebook.com/photo?fbid=1729726812491726&set=a.722828036514947,@Bird flu reaches Tasmania’s east coast and south for the first time,2026-09-01,"Just a heads up.. The shearwaters are migrating down this way at this time of the year and many die from starvation and fatigue, they're will be alot of dead mutton birds around the beaches on this island..",Roo Raymond,2026-09-01,keyword:bird flu
1729726812491726,https://www.facebook.com/photo?fbid=1729726812491726&set=a.722828036514947,@Bird flu reaches Tasmania’s east coast and south for the first time,2026-09-01,Roo Raymond hence the testing I imagine,Jeramiah Thomas,2026-09-01,keyword:bird flu
1729726812491726,https://www.facebook.com/photo?fbid=1729726812491726&set=a.722828036514947,@Bird flu reaches Tasmania’s east coast and south for the first time,2026-09-01,Don’t birds fly north for the winter,Rex Holden,2026-09-01,keyword:bird flu
1729726812491726,https://www.facebook.com/photo?fbid=1729726812491726&set=a.722828036514947,@Bird flu reaches Tasmania’s east coast and south for the first time,2026-09-01,Rex Holden it’s Spring,Maureen Woods,2026-09-01,keyword:bird flu
1729726812491726,https://www.facebook.com/photo?fbid=1729726812491726&set=a.722828036514947,@Bird flu reaches Tasmania’s east coast and south for the first time,2026-09-01,Rex Holden they do in the southern hemisphere,Phil Duffield,2026-09-01,keyword:bird flu
1729726812491726,https://www.facebook.com/photo?fbid=1729726812491726&set=a.722828036514947,@Bird flu reaches Tasmania’s east coast and south for the first time,2026-09-01,Rex Holden how do you figure that?,Chris Ellis,2026-09-01,keyword:bird flu
1729726812491726,https://www.facebook.com/photo?fbid=1729726812491726&set=a.722828036514947,@Bird flu reaches Tasmania’s east coast and south for the first time,2026-09-01,Rex Holden first it's not winter and secondly not all birds are migratory,Monica Bailey,2026-09-01,keyword:bird flu
1729726812491726,https://www.facebook.com/photo?fbid=1729726812491726&set=a.722828036514947,@Bird flu reaches Tasmania’s east coast and south for the first time,2026-09-01,Rex Holden Tasmania is north of the SubAntarctic,Corina Paul,2026-09-01,keyword:bird flu
1729726812491726,https://www.facebook.com/photo?fbid=1729726812491726&set=a.722828036514947,@Bird flu reaches Tasmania’s east coast and south for the first time,2026-09-01,"Rex Holden ah yes well done Rex, you figured it out",Mani Baker,2026-09-01,keyword:bird flu
1729726812491726,https://www.facebook.com/photo?fbid=1729726812491726&set=a.722828036514947,@Bird flu reaches Tasmania’s east coast and south for the first time,2026-09-01,"Look out it will be the toilet roll syndrome soon, but with eggs",Maureen Woods,2026-09-01,keyword:bird flu
1729726812491726,https://www.facebook.com/photo?fbid=1729726812491726&set=a.722828036514947,@Bird flu reaches Tasmania’s east coast and south for the first time,2026-09-01,"Spreading thru the media, got no reaction with human viruses so let’s try animals.",Rob Jean,2026-09-01,keyword:bird flu
1729726812491726,https://www.facebook.com/photo?fbid=1729726812491726&set=a.722828036514947,@Bird flu reaches Tasmania’s east coast and south for the first time,2026-09-01,I wonder where the vaccine was made and if it causes infertility,Ting Macca,2026-09-01,keyword:bird flu
1729726812491726,https://www.facebook.com/photo?fbid=1729726812491726&set=a.722828036514947,@Bird flu reaches Tasmania’s east coast and south for the first time,2026-09-01,Where the photo them testing the birds ?,Emma Stacey,2026-09-01,keyword:bird flu
1729726812491726,https://www.facebook.com/photo?fbid=1729726812491726&set=a.722828036514947,@Bird flu reaches Tasmania’s east coast and south for the first time,2026-09-01,"Emma Stacey if you mean 'Where is the photo of them testing birds?' They're hardly going to post those pictures, as the work is done in a laboratory.",Lesley Jolly,2026-09-01,keyword:bird flu
1729726812491726,https://www.facebook.com/photo?fbid=1729726812491726&set=a.722828036514947,@Bird flu reaches Tasmania’s east coast and south for the first time,2026-09-01,Emma Stacey they want $200 million in government funding. Pics like that come towards the top point of public sillyness.,Daen Webb,2026-09-01,keyword:bird flu
1729726812491726,https://www.facebook.com/photo?fbid=1729726812491726&set=a.722828036514947,@Bird flu reaches Tasmania’s east coast and south for the first time,,"Emma Stacey you wouldn't believe photos, so what's the point?",Mike Bazan,2026-09-01,keyword:bird flu
1729726812491726,https://www.facebook.com/photo?fbid=1729726812491726&set=a.722828036514947,@Bird flu reaches Tasmania’s east coast and south for the first time,2026-09-01,Let me guess we need vaccines,Aram AK,2026-09-01,keyword:bird flu
1729726812491726,https://www.facebook.com/photo?fbid=1729726812491726&set=a.722828036514947,@Bird flu reaches Tasmania’s east coast and south for the first time,2026-09-01,Are they going to test the swallows now they are here,Vickie Latham,2026-09-01,keyword:bird flu
1729726812491726,https://www.facebook.com/photo?fbid=1729726812491726&set=a.722828036514947,@Bird flu reaches Tasmania’s east coast and south for the first time,2026-09-01,Just stop,Sarra Gee,2026-09-01,keyword:bird flu
1729726812491726,https://www.facebook.com/photo?fbid=1729726812491726&set=a.722828036514947,@Bird flu reaches Tasmania’s east coast and south for the first time,2026-09-01,Sarra Gee yes it would be good if they could stop the spread of this bird flu animals around the world already suffer enough,Nathan Beach,2026-09-01,keyword:bird flu
1729726812491726,https://www.facebook.com/photo?fbid=1729726812491726&set=a.722828036514947,@Bird flu reaches Tasmania’s east coast and south for the first time,2026-09-01,The way nature reduces the bird population.,Bruce Bruce,2026-09-01,keyword:bird flu
1729726812491726,https://www.facebook.com/photo?fbid=1729726812491726&set=a.722828036514947,@Bird flu reaches Tasmania’s east coast and south for the first time,2026-09-01,Holy shitballs Batman H5N1 is spreading faster than Covid-19 and it's variants did,Jus Pebbles,2026-09-01,keyword:bird flu
1618551946609090,https://www.facebook.com/photo?fbid=1618551946609090&set=a.515260693604893,,2026-08-31,Imagine laughing at science,Ashley Bee,2026-09-01,keyword:bird flu
1618551946609090,https://www.facebook.com/photo?fbid=1618551946609090&set=a.515260693604893,,2026-08-31,Ashley Bee imagine trusting the government,Jason Bardell,2026-09-01,keyword:bird flu
1618551946609090,https://www.facebook.com/photo?fbid=1618551946609090&set=a.515260693604893,,2026-08-31,Ashley Bee imagine listening to scientists being paid to talk garbage,Mario Dimauro,2026-09-01,keyword:bird flu
1618551946609090,https://www.facebook.com/photo?fbid=1618551946609090&set=a.515260693604893,,2026-08-31,"Ashley Bee ""Science"" is controlled by funding",Steve Crawford,2026-09-01,keyword:bird flu
1618551946609090,https://www.facebook.com/photo?fbid=1618551946609090&set=a.515260693604893,,2026-08-31,Ashley Bee hahahagahahahahahahahahahahahahahah… It’s not science.. it’s satanic propaganda Wake the F%ck up,Daz Cuz,2026-09-01,keyword:bird flu
1618551946609090,https://www.facebook.com/photo?fbid=1618551946609090&set=a.515260693604893,,2026-08-31,"Ashley Bee I know. ""Bird brain"" would be a compliment for them",Anne Shepherdson,2026-09-01,keyword:bird flu
1618551946609090,https://www.facebook.com/photo?fbid=1618551946609090&set=a.515260693604893,,2026-08-31,Ashley Bee $cience,Fiona Charman,2026-09-01,keyword:bird flu
1618551946609090,https://www.facebook.com/photo?fbid=1618551946609090&set=a.515260693604893,,2026-08-31,Ashley Bee they're not. They're laughing at lies.,David Stephen,2026-09-01,keyword:bird flu
1618551946609090,https://www.facebook.com/photo?fbid=1618551946609090&set=a.515260693604893,,2026-08-31,Ashley Bee Didn't it take the 5th?,Dave Ebsary,2026-09-01,keyword:bird flu
1618551946609090,https://www.facebook.com/photo?fbid=1618551946609090&set=a.515260693604893,,2026-08-31,Ashley Bee imagine still trusting the payed for science,Steve Flynn,2026-09-01,keyword:bird flu
1618551946609090,https://www.facebook.com/photo?fbid=1618551946609090&set=a.515260693604893,,2026-08-31,Ashley Bee imagine being bothered by that....,Spencer Rose,2026-09-01,keyword:bird flu
1618551946609090,https://www.facebook.com/photo?fbid=1618551946609090&set=a.515260693604893,,2026-08-31,"I’m so saddened by all the laughing emoji’s. Nature is natural of course however, science is the predictor.",Jackie McCarthy,2026-09-01,keyword:bird flu
1618551946609090,https://www.facebook.com/photo?fbid=1618551946609090&set=a.515260693604893,,2026-08-31,Jackie McCarthy they lie to get a reaction,Gayelene Lesley,2026-09-01,keyword:bird flu
1618551946609090,https://www.facebook.com/photo?fbid=1618551946609090&set=a.515260693604893,,2026-08-31,Jackie McCarthy Not when it is messed with by the so called powers that be,Tina Webb,2026-09-01,keyword:bird flu
1618551946609090,https://www.facebook.com/photo?fbid=1618551946609090&set=a.515260693604893,,2026-08-31,"Jackie McCarthy Yes they are just a bunch of idiots. Unfortunately, Facebook is a platform designed for idiots to hide behind their keyboard and be dumb and feel like they can be smart when they're not",Neville Hayes,2026-09-01,keyword:bird flu
1618551946609090,https://www.facebook.com/photo?fbid=1618551946609090&set=a.515260693604893,,2026-08-31,"Jackie McCarthy sadly it is not ' nature' it is,a super virus that evolved from intensive poultry farming",Kym Kilpatrick,2026-09-01,keyword:bird flu
1618551946609090,https://www.facebook.com/photo?fbid=1618551946609090&set=a.515260693604893,,2026-08-31,Jackie McCarthy completely agree.,Emma Barnes,2026-09-01,keyword:bird flu
1618551946609090,https://www.facebook.com/photo?fbid=1618551946609090&set=a.515260693604893,,2026-08-31,Jackie McCarthy I’m so saddened by all the all the people buying into this rubbish... did you not learn a thing during Convid???,Wayne Grayson,2026-09-01,keyword:bird flu
1618551946609090,https://www.facebook.com/photo?fbid=1618551946609090&set=a.515260693604893,,2026-08-31,Jackie McCarthy we're laughing at the people who believe these infamous liars.,Paul McNally,2026-09-01,keyword:bird flu
1618551946609090,https://www.facebook.com/photo?fbid=1618551946609090&set=a.515260693604893,,2026-08-31,Jackie McCarthy science has been wrong many times and this will be no different,Matt Brennan,2026-09-01,keyword:bird flu
1618551946609090,https://www.facebook.com/photo?fbid=1618551946609090&set=a.515260693604893,,2026-08-31,"Jackie McCarthy they are either bots or just brain dead trolls, don’t let them bother you, they are irrelevant.",DameKathryn Trass,2026-09-01,keyword:bird flu
1618551946609090,https://www.facebook.com/photo?fbid=1618551946609090&set=a.515260693604893,,2026-08-31,"Jackie McCarthy couldn’t agree with you more it’s heartbreaking. It’s sad that some people don’t understand the enormity of the situation and unfortunately lack the bandwidth to comprehend or are just generally oxygen thieves existing in this world. They will never understand, nor do they wish to and it won’t matter what anyone says or the volume or veracity of evidence that presents. Keep being an immense caring and kind support and don’t lose hope",Jacqui Blackall,2026-09-01,keyword:bird flu
1618551946609090,https://www.facebook.com/photo?fbid=1618551946609090&set=a.515260693604893,,2026-08-31,This is such a worry. Especially with migratory species.,Amanda Bull,2026-09-01,keyword:bird flu
1618551946609090,https://www.facebook.com/photo?fbid=1618551946609090&set=a.515260693604893,,2026-08-31,"Historically, many cases of flu can be traced back to birds and pigs. Once the flu crosses over to other species, that is a big warning sign to humans. The fact that people have clearly forgotten about swine flu back in 2009 is baffling.",Bek Shrodes Davies,2026-09-01,keyword:bird flu
1618551946609090,https://www.facebook.com/photo?fbid=1618551946609090&set=a.515260693604893,,2026-08-31,Bek Shrodes Davies what a load of bs,Michelle Watts,2026-09-01,keyword:bird flu
1618551946609090,https://www.facebook.com/photo?fbid=1618551946609090&set=a.515260693604893,,2026-08-31,"Bek Shrodes Davies and that bird flu has transmitted to, and killed, humans.",Emma Young,2026-09-01,keyword:bird flu
1618551946609090,https://www.facebook.com/photo?fbid=1618551946609090&set=a.515260693604893,,2026-08-31,Bek Shrodes Davies short memories,Beven Young,2026-09-01,keyword:bird flu
1618551946609090,https://www.facebook.com/photo?fbid=1618551946609090&set=a.515260693604893,,2026-08-31,Bek Shrodes Davies we had bird flu less than 12 months ago,Simon Downs,2026-09-01,keyword:bird flu
1618551946609090,https://www.facebook.com/photo?fbid=1618551946609090&set=a.515260693604893,,2026-08-31,Bek Shrodes Davies Spanish flu was also a swine flu. Killed over 100 million.,Grant Dickinson,2026-09-01,keyword:bird flu
1618551946609090,https://www.facebook.com/photo?fbid=1618551946609090&set=a.515260693604893,,2026-08-31,Bek Shrodes Davies Until you realise there's no such thing.,Wayne Grayson,2026-09-01,keyword:bird flu
1446018627558642,https://www.facebook.com/photo?fbid=1446018507558654&set=pcb.1446018627558642,,2026-08-11,"Learn what to look out for, what actions to take and common questions about H5 bird flu at https://srkr.io/6189BzbD.","Australian Department of Agriculture, Fisheries and Forestry",2026-09-01,keyword:bird flu
1446018627558642,https://www.facebook.com/photo?fbid=1446018507558654&set=pcb.1446018627558642,,2026-08-18,Should we be removing bird baths?  Serious question.  I have dogs that want to drink out of the bird bath.,Anne O'Mahony,2026-09-01,keyword:bird flu
1446018627558642,https://www.facebook.com/photo?fbid=1446018507558654&set=pcb.1446018627558642,,2026-08-29,"Mmmmm am I missing something birds have very different respiratory systems to penguins and whales who also have different respiratory systems to cats and dogs and humans, and does it appear to be able to live and spread in very deep cold ocean water",Debra Crow,2026-09-01,keyword:bird flu
1446018627558642,https://www.facebook.com/photo?fbid=1446018507558654&set=pcb.1446018627558642,,2026-08-26,The new covid. Wait for it.,Scott Connor,2026-09-01,keyword:bird flu
1446018627558642,https://www.facebook.com/photo?fbid=1446018507558654&set=pcb.1446018627558642,,2026-08-25,Are there anti-virals we can give our chooks? Will it affect eggs from our chooks? Can we be infected by the virus if our chooks are infected and we eat their eggs? Serious questions requiring answers.,Cynthia Matthews,2026-09-01,keyword:bird flu
1446018627558642,https://www.facebook.com/photo?fbid=1446018507558654&set=pcb.1446018627558642,,2026-08-18,Psittacosis. Look that up,Debra Lea,2026-09-01,keyword:bird flu
1446018627558642,https://www.facebook.com/photo?fbid=1446018507558654&set=pcb.1446018627558642,,2026-08-18,H5 is naturally occurring and isn’t H5N1. “Not my research but confirmed by a poultry breeder”,Mel-Rick Dunn,2026-09-01,keyword:bird flu
1446018627558642,https://www.facebook.com/photo?fbid=1446018507558654&set=pcb.1446018627558642,,2026-08-18,Bird flu is not a new thing Its been around for very long time as I used to have pet birds 40yrs ago & cause you need a licence to do it they would send letters to me about it,Ricky Darby,2026-09-01,keyword:bird flu
1446018627558642,https://www.facebook.com/photo?fbid=1446018507558654&set=pcb.1446018627558642,,2026-09-01,What about a feral pigeon?,Dennis Arthur Perrett,2026-09-01,keyword:bird flu
1446018627558642,https://www.facebook.com/photo?fbid=1446018507558654&set=pcb.1446018627558642,,2026-08-26,Birds can’t get flu,Marylyn Mclean,2026-09-01,keyword:bird flu
1502004741943071,https://www.facebook.com/photo?fbid=1502004741943071&set=a.368866801923543,,2026-09-01,"Who counts these birds, same person that counts the swift parrot numbers in bet",John Tacey,2026-09-01,keyword:bird flu
1502004741943071,https://www.facebook.com/photo?fbid=1502004741943071&set=a.368866801923543,,,The parrot was heard to say. I saw a puddy cat. Does that mean cat flue is next?,Terence Leake sekitar satu jam yang lalu,2026-09-01,keyword:bird flu
1502004741943071,https://www.facebook.com/photo?fbid=1502004741943071&set=a.368866801923543,,,What about the Seagulls. They are important as well.,Damien Bradley sekitar satu jam yang lalu,2026-09-01,keyword:bird flu
1502004741943071,https://www.facebook.com/photo?fbid=1502004741943071&set=a.368866801923543,,2026-09-01,Omg. Leave the birds alone,Denis Hicks,2026-09-01,keyword:bird flu
1502004741943071,https://www.facebook.com/photo?fbid=1502004741943071&set=a.368866801923543,,2026-09-01,Tasmania’s government does not race to do anything unless there’s a buck in it for mates or a bribe in it for voters. Certainly not for wildlife. Get a move on.,Irene Kirczenow,2026-09-01,keyword:bird flu
1511450901013303,https://www.facebook.com/photo?fbid=1511450901013303&set=a.650140537144348,@Bird flu is here to stay. NZ’s response must keep adapting as the virus takes hold,2026-08-28,https://theconversation.com/bird-flu-is-here-to-stay-nzs...,The Conversation Australia + NZ,2026-09-01,keyword:bird flu
1511450901013303,https://www.facebook.com/photo?fbid=1511450901013303&set=a.650140537144348,@Bird flu is here to stay. NZ’s response must keep adapting as the virus takes hold,2026-08-29,The Conversation Australia + NZ,Joseph Todisco,2026-09-01,keyword:bird flu
1511450901013303,https://www.facebook.com/photo?fbid=1511450901013303&set=a.650140537144348,@Bird flu is here to stay. NZ’s response must keep adapting as the virus takes hold,2026-08-29,Animals identifying as birds now...,Pete Exer,2026-09-01,keyword:bird flu
1511450901013303,https://www.facebook.com/photo?fbid=1511450901013303&set=a.650140537144348,@Bird flu is here to stay. NZ’s response must keep adapting as the virus takes hold,2026-08-29,"Hands up whose neighbours have dropped dead from ""bird flu"". More birds killed BECAUSE of it than ever killed FROM it.",Dave G Wallis,2026-09-01,keyword:bird flu
1511450901013303,https://www.facebook.com/photo?fbid=1511450901013303&set=a.650140537144348,@Bird flu is here to stay. NZ’s response must keep adapting as the virus takes hold,2026-08-29,Don't mess with nature,David Peters,2026-09-01,keyword:bird flu
1511450901013303,https://www.facebook.com/photo?fbid=1511450901013303&set=a.650140537144348,@Bird flu is here to stay. NZ’s response must keep adapting as the virus takes hold,2026-08-29,Only a psyop needs 24 hour saturated media hype,Travis Thompson,2026-09-01,keyword:bird flu
1511450901013303,https://www.facebook.com/photo?fbid=1511450901013303&set=a.650140537144348,@Bird flu is here to stay. NZ’s response must keep adapting as the virus takes hold,2026-08-30,The laugh reacts are Hanson supporters.,Julie Collins,2026-09-01,keyword:bird flu
1511450901013303,https://www.facebook.com/photo?fbid=1511450901013303&set=a.650140537144348,@Bird flu is here to stay. NZ’s response must keep adapting as the virus takes hold,2026-08-31,,Pat Gaul,2026-09-01,keyword:bird flu
1511450901013303,https://www.facebook.com/photo?fbid=1511450901013303&set=a.650140537144348,@Bird flu is here to stay. NZ’s response must keep adapting as the virus takes hold,2026-08-29,,Tallan Bailey,2026-09-01,keyword:bird flu
1511450901013303,https://www.facebook.com/photo?fbid=1511450901013303&set=a.650140537144348,@Bird flu is here to stay. NZ’s response must keep adapting as the virus takes hold,2026-08-29,"DO I BELIVE THERE IS A BIRD FLU?,,,,,NO I DO NOT.",אילן מלכא,2026-09-01,keyword:bird flu
1511450901013303,https://www.facebook.com/photo?fbid=1511450901013303&set=a.650140537144348,@Bird flu is here to stay. NZ’s response must keep adapting as the virus takes hold,2026-08-28,Newsletter,Rusty Russ,2026-09-01,keyword:bird flu
1511450901013303,https://www.facebook.com/photo?fbid=1511450901013303&set=a.650140537144348,@Bird flu is here to stay. NZ’s response must keep adapting as the virus takes hold,2026-08-28,Sent you a message!,The Conversation Australia + NZ,2026-09-01,keyword:bird flu
1511450901013303,https://www.facebook.com/photo?fbid=1511450901013303&set=a.650140537144348,@Bird flu is here to stay. NZ’s response must keep adapting as the virus takes hold,2026-08-29,,Joseph Todisco,2026-09-01,keyword:bird flu
1511450901013303,https://www.facebook.com/photo?fbid=1511450901013303&set=a.650140537144348,@Bird flu is here to stay. NZ’s response must keep adapting as the virus takes hold,2026-08-29,Joseph Todisco your stupidity is showing,Frank Prokop,2026-09-01,keyword:bird flu
1511450901013303,https://www.facebook.com/photo?fbid=1511450901013303&set=a.650140537144348,@Bird flu is here to stay. NZ’s response must keep adapting as the virus takes hold,2026-08-29,,Olly Foundoulis,2026-09-01,keyword:bird flu
1511450901013303,https://www.facebook.com/photo?fbid=1511450901013303&set=a.650140537144348,@Bird flu is here to stay. NZ’s response must keep adapting as the virus takes hold,2026-08-29,"Anyone who promotes the official story; who accepts the official story, who oppresses those who doubt the official story, who does not question the official story, is involved or too stupid to pat their head and chew gum at the same time.",Helen Gordon,2026-09-01,keyword:bird flu
1511450901013303,https://www.facebook.com/photo?fbid=1511450901013303&set=a.650140537144348,@Bird flu is here to stay. NZ’s response must keep adapting as the virus takes hold,2026-08-29,Helen Gordon oh no it’s a real thing and cookers are the truly stupid ones.,Frank Prokop,2026-09-01,keyword:bird flu
1511450901013303,https://www.facebook.com/photo?fbid=1511450901013303&set=a.650140537144348,@Bird flu is here to stay. NZ’s response must keep adapting as the virus takes hold,,"Frank Prokop ‘Cooker’ is the mating call of the brain-dead follower who can’t produce a fact, form an argument or think beyond whatever insult the herd taught them this week. Keep using it; every time you do, you advertise your intellectual bankruptcy.",,2026-09-01,keyword:bird flu
1511450901013303,https://www.facebook.com/photo?fbid=1511450901013303&set=a.650140537144348,@Bird flu is here to stay. NZ’s response must keep adapting as the virus takes hold,,Frank Prokop fuckwit,,2026-09-01,keyword:bird flu
1511450901013303,https://www.facebook.com/photo?fbid=1511450901013303&set=a.650140537144348,@Bird flu is here to stay. NZ’s response must keep adapting as the virus takes hold,,Helen Gordon always happy to be lectured by someone whose academic pinnacle is toilet training.,,2026-09-01,keyword:bird flu
1511450901013303,https://www.facebook.com/photo?fbid=1511450901013303&set=a.650140537144348,@Bird flu is here to stay. NZ’s response must keep adapting as the virus takes hold,2026-08-29,It's all make believe propaganda,Anthony Bone,2026-09-01,keyword:bird flu
1511450901013303,https://www.facebook.com/photo?fbid=1511450901013303&set=a.650140537144348,@Bird flu is here to stay. NZ’s response must keep adapting as the virus takes hold,2026-08-29,I call bs,Boro Kaisarevic,2026-09-01,keyword:bird flu
1511450901013303,https://www.facebook.com/photo?fbid=1511450901013303&set=a.650140537144348,@Bird flu is here to stay. NZ’s response must keep adapting as the virus takes hold,2026-08-29,,James Hamond,2026-09-01,keyword:bird flu
1511450901013303,https://www.facebook.com/photo?fbid=1511450901013303&set=a.650140537144348,@Bird flu is here to stay. NZ’s response must keep adapting as the virus takes hold,2026-08-29,,Robert Campbell,2026-09-01,keyword:bird flu
1511450901013303,https://www.facebook.com/photo?fbid=1511450901013303&set=a.650140537144348,@Bird flu is here to stay. NZ’s response must keep adapting as the virus takes hold,2026-08-29,FEAR PORN,Teresa Gypsy,2026-09-01,keyword:bird flu
1511450901013303,https://www.facebook.com/photo?fbid=1511450901013303&set=a.650140537144348,@Bird flu is here to stay. NZ’s response must keep adapting as the virus takes hold,2026-08-29,"As long as you believe this pathetic 
 it's here to stay!",Stephen Silverstein,2026-09-01,keyword:bird flu
1511450901013303,https://www.facebook.com/photo?fbid=1511450901013303&set=a.650140537144348,@Bird flu is here to stay. NZ’s response must keep adapting as the virus takes hold,2026-08-30,"Liars and paid off controlled media puppets 
 shame on you !!! Spread the fear, spread the fear....plague, pestilence, the sky is falling, aliens unleashed...on and on it goes. Tell the peasant humans, the bird flu is affecting 'mammals' and that'll get them scared sh*tless enough to beg for a 'bird flu jab' that we've got ready and waiting for them 'Safe and effective' of course!! Yes, they really do think we're all stupid out here! There is no bird flu...we know what you're trying to do and we ain't buyin' it! 1080 poison (sodium fluoroacetate), which is banned in many countries, except Australia and NZ, is being used in our National Parks.... used 'they say', to kill rabbits, foxes, and wild dogs, for the conservation of the frogs and small mammals. These frogs and small mammals...and BIRDS will also all die from the poison. It's ’s not hard to see what’s going on here and there's snouts in the 'money grant' trough everywhere. Send more money 
 send more money This 'bird flu' is a scam...it's all lies. They can cull our chickens...which then means no chicken or eggs for us the peasants. They’ll be back picking on the farting cows again next. You vill eat ze bugs, cockroaches, crickets, and Bill Gates fake lab made garbage, and shut up. Now they're trying to convince us of the BS that seals and other 'mammals' are ""dying of bird flu' so as to make you believe 'bird flu' can jump to mammals. Do you get the drift??...Humans are mammals, so they'll convince all the ones at the back of the class not paying attention, to have jabs and boosters to 'protect' them. Eyes wide open people!!!! And, what a coincidence...remember Bill Gates being here in Australia not very long ago, meeting with Albanese who then gave him a sh*tload of our taxpayer money for 'vaccines'. People have got short memories and have learnt nothing from the last 6 years. Straight from the eugenist psychopaths Gates mouth '""Vaccines are the best investment I've ever made""",Gleny Joy,2026-09-01,keyword:bird flu
1511450901013303,https://www.facebook.com/photo?fbid=1511450901013303&set=a.650140537144348,@Bird flu is here to stay. NZ’s response must keep adapting as the virus takes hold,2026-08-29,BS,Helena Mintto,2026-09-01,keyword:bird flu
1511450901013303,https://www.facebook.com/photo?fbid=1511450901013303&set=a.650140537144348,@Bird flu is here to stay. NZ’s response must keep adapting as the virus takes hold,2026-08-29,Lies,Evan Hale,2026-09-01,keyword:bird flu
1511450901013303,https://www.facebook.com/photo?fbid=1511450901013303&set=a.650140537144348,@Bird flu is here to stay. NZ’s response must keep adapting as the virus takes hold,2026-08-29,Scam for the sheep,G Roycroft,2026-09-01,keyword:bird flu
122296711046072841,https://www.facebook.com/photo?fbid=122296711046072841&set=a.122156535146072841,,2026-08-31,So keep your dolphins and sea lions inside.,Wim Vdf Vrolijk,2026-09-01,keyword:bird flu
122296711046072841,https://www.facebook.com/photo?fbid=122296711046072841&set=a.122156535146072841,,2026-08-31,Wim Vdf Vrolijk pfffttt corse! Where do you keep yours?,Matthew Kirkpatrick,2026-09-01,keyword:bird flu
122296711046072841,https://www.facebook.com/photo?fbid=122296711046072841&set=a.122156535146072841,,2026-08-31,Wim Vdf Vrolijk well aren't you a special kind of stupid,Scarlett DeMasson,2026-09-01,keyword:bird flu
122296711046072841,https://www.facebook.com/photo?fbid=122296711046072841&set=a.122156535146072841,,2026-08-31,Wim Vdf Vrolijk ok troll bot,Zoe Aitken,2026-09-01,keyword:bird flu
122296711046072841,https://www.facebook.com/photo?fbid=122296711046072841&set=a.122156535146072841,,2026-08-31,"Wim Vdf Vrolijk Yes , if only to make sure that they don't go out and empty supermarket toilet paper shelves .",Joseph Todisco,2026-09-01,keyword:bird flu
122296711046072841,https://www.facebook.com/photo?fbid=122296711046072841&set=a.122156535146072841,,2026-08-31,Wim Vdf Vrolijk why do you find dead animals a reason to try to make a joke?,Anne Shepherdson,2026-09-01,keyword:bird flu
122296711046072841,https://www.facebook.com/photo?fbid=122296711046072841&set=a.122156535146072841,,2026-08-30,First virus in history that affects all species but not snakes,Craig Neeve,2026-09-01,keyword:bird flu
122296711046072841,https://www.facebook.com/photo?fbid=122296711046072841&set=a.122156535146072841,,2026-08-30,Craig Neeve you do understand basic biology within the differences of species and blood types,Troy Dupree,2026-09-01,keyword:bird flu
122296711046072841,https://www.facebook.com/photo?fbid=122296711046072841&set=a.122156535146072841,,2026-08-31,Craig Neeve Just say you don’t understand zoonotic spillover…,Tim Hutton,2026-09-01,keyword:bird flu
122296711046072841,https://www.facebook.com/photo?fbid=122296711046072841&set=a.122156535146072841,,2026-08-31,"Craig Neeve 
 that slithered right past them",Tony Dickey,2026-09-01,keyword:bird flu
122296711046072841,https://www.facebook.com/photo?fbid=122296711046072841&set=a.122156535146072841,,2026-08-31,Craig Neeve The snakes are running the scam.,Ray Dunne,2026-09-01,keyword:bird flu
122296711046072841,https://www.facebook.com/photo?fbid=122296711046072841&set=a.122156535146072841,,2026-08-31,Craig Neeve it's just so hard to swab there mouth,Joe Biggs,2026-09-01,keyword:bird flu
122296711046072841,https://www.facebook.com/photo?fbid=122296711046072841&set=a.122156535146072841,,2026-08-31,"Craig Neeve snakes aren't warm blooded, and it isn't the first virus like that.",Elaine McAlister,2026-09-01,keyword:bird flu
122296711046072841,https://www.facebook.com/photo?fbid=122296711046072841&set=a.122156535146072841,,2026-08-31,Craig Neeve Or Goannas,Allan Burger,2026-09-01,keyword:bird flu
122296711046072841,https://www.facebook.com/photo?fbid=122296711046072841&set=a.122156535146072841,,2026-08-31,Craig Neeve give it time,Darren Hamilton,2026-09-01,keyword:bird flu
122296711046072841,https://www.facebook.com/photo?fbid=122296711046072841&set=a.122156535146072841,,2026-08-31,Craig Neeve Thank goodness otherwise who would tell us.,Thomas Macaluso,2026-09-01,keyword:bird flu
122296711046072841,https://www.facebook.com/photo?fbid=122296711046072841&set=a.122156535146072841,,2026-08-31,Craig Neeve not flying fish as well.,Kim Bennett,2026-09-01,keyword:bird flu
122296711046072841,https://www.facebook.com/photo?fbid=122296711046072841&set=a.122156535146072841,,2026-08-31,"Been there done that, got the ' I dodged the convid bullet ' Tee shirt . Look forward to donning next seasons ' scamdemic dodgers' Teeshirt",Ginger Bartlett,2026-09-01,keyword:bird flu
122296711046072841,https://www.facebook.com/photo?fbid=122296711046072841&set=a.122156535146072841,,2026-08-31,Ginger Bartlett you never passed science in school did you,John Price,2026-09-01,keyword:bird flu
122296711046072841,https://www.facebook.com/photo?fbid=122296711046072841&set=a.122156535146072841,,2026-08-31,Ginger Bartlett be sure to leave your dog outside not protected then,Kerrie Knowles,2026-09-01,keyword:bird flu
122296711046072841,https://www.facebook.com/photo?fbid=122296711046072841&set=a.122156535146072841,,2026-08-31,Ginger Bartlett,Lynne de Groot,2026-09-01,keyword:bird flu
122296711046072841,https://www.facebook.com/photo?fbid=122296711046072841&set=a.122156535146072841,,2026-09-01,"Ginger Bartlett there were pandemics before COVID, before Dr Fauci, before Gates and there will be pandemics in the future. All perfectly normal and no big conspiracy needed. Our species has been having them for eons. Not sure why you think that these are political or designed",Deb Cheers,2026-09-01,keyword:bird flu
122296711046072841,https://www.facebook.com/photo?fbid=122296711046072841&set=a.122156535146072841,,2026-08-31,This virus has a 90% mortality rate in cats. The US has had a number of cases in pets as well as dairy cows.,Kate Wamack Black,2026-09-01,keyword:bird flu
122296711046072841,https://www.facebook.com/photo?fbid=122296711046072841&set=a.122156535146072841,,2026-08-31,Kate Wamack Black please keep quiet,Quintun Eresman,2026-09-01,keyword:bird flu
122296711046072841,https://www.facebook.com/photo?fbid=122296711046072841&set=a.122156535146072841,,2026-08-31,Kate Wamack Black show me the verified data!,J.G. Woodward,2026-09-01,keyword:bird flu
122296711046072841,https://www.facebook.com/photo?fbid=122296711046072841&set=a.122156535146072841,,2026-08-31,Kate Wamack Black oh please! wth is the matter with you!???,Peggi Linder,2026-09-01,keyword:bird flu
122296711046072841,https://www.facebook.com/photo?fbid=122296711046072841&set=a.122156535146072841,,2026-08-31,Kate Wamack Black There are quite a number of uneducated people commenting here. Ignore them.,Saundra Stephenson,2026-09-01,keyword:bird flu
122296711046072841,https://www.facebook.com/photo?fbid=122296711046072841&set=a.122156535146072841,,2026-08-31,Kate Wamack Black cats we could do without,Darren Hamilton,2026-09-01,keyword:bird flu
122296711046072841,https://www.facebook.com/photo?fbid=122296711046072841&set=a.122156535146072841,,2026-08-31,"Kate Wamack Black please just block each of these pathetic flogs , , if we all do it , we will eventually win, and not have to put up with their stupidity",Linda Turner,2026-09-01,keyword:bird flu
122296711046072841,https://www.facebook.com/photo?fbid=122296711046072841&set=a.122156535146072841,,2026-08-31,Kate Wamack Black you fell for the propaganda i see,Lesley Cats,2026-09-01,keyword:bird flu
1729808022483605,https://www.facebook.com/photo?fbid=1729808022483605&set=a.722828036514947,@Tasmania begins vaccinating 350 orange-bellied parrots against bird flu,2026-09-01,The vaccinated parrots will be released at Melaleuca before autumn migration. Full story on Pulse: https://pulsetasmania.com.au/.../tasmania-begins.../,Pulse Tasmania,2026-09-01,keyword:bird flu
1729808022483605,https://www.facebook.com/photo?fbid=1729808022483605&set=a.722828036514947,@Tasmania begins vaccinating 350 orange-bellied parrots against bird flu,2026-09-01,Pulse Tasmania 350 dead parrots coming up...,Gleeso Brad,2026-09-01,keyword:bird flu
1729808022483605,https://www.facebook.com/photo?fbid=1729808022483605&set=a.722828036514947,@Tasmania begins vaccinating 350 orange-bellied parrots against bird flu,,Pulse Tasmania Squint and you can identify Baphomet here,Jason Henderson,2026-09-01,keyword:bird flu
1729808022483605,https://www.facebook.com/photo?fbid=1729808022483605&set=a.722828036514947,@Tasmania begins vaccinating 350 orange-bellied parrots against bird flu,2026-09-01,Came here for the cooker comments,Craig Parsons,2026-09-01,keyword:bird flu
1729808022483605,https://www.facebook.com/photo?fbid=1729808022483605&set=a.722828036514947,@Tasmania begins vaccinating 350 orange-bellied parrots against bird flu,2026-09-01,Craig Parsons Looks like you wouldn't have been dissappointed then,Fi Glenn,2026-09-01,keyword:bird flu
1729808022483605,https://www.facebook.com/photo?fbid=1729808022483605&set=a.722828036514947,@Tasmania begins vaccinating 350 orange-bellied parrots against bird flu,2026-09-01,Craig Parsons Being right about everything for the last 6 years doesn’t make us “Cookers”. You will address us as “Conspiracy Chef”. Are we clear!?,Rich Livingman,2026-09-01,keyword:bird flu
1729808022483605,https://www.facebook.com/photo?fbid=1729808022483605&set=a.722828036514947,@Tasmania begins vaccinating 350 orange-bellied parrots against bird flu,2026-09-01,"Have another booster, it'll settle ya down.",Stuart Greig,2026-09-01,keyword:bird flu
1729808022483605,https://www.facebook.com/photo?fbid=1729808022483605&set=a.722828036514947,@Tasmania begins vaccinating 350 orange-bellied parrots against bird flu,2026-09-01,Came here for the clotter comments,Luke Kennedy,2026-09-01,keyword:bird flu
1729808022483605,https://www.facebook.com/photo?fbid=1729808022483605&set=a.722828036514947,@Tasmania begins vaccinating 350 orange-bellied parrots against bird flu,2026-09-01,"Craig Parsons yes, it's completely normal for humans to inject wildlife with synthetic untested drugs. Nature has been surviving this way for 1000s of years. Hang on, it used to be called survival of he fitest and natural selection, and the weak and diseased animals died off leaving behind the stronger ones to bred. But, hey it''s 2026 so if you think questioning the stupidity of injecting wildlife which has never happened before and completely against the laws of nature, makes one a cooker, then yes that's what we are. If you cant see how dumb this is, then somehow i think i'm on the right side of the fence.",David Bruckner,2026-09-01,keyword:bird flu
1729808022483605,https://www.facebook.com/photo?fbid=1729808022483605&set=a.722828036514947,@Tasmania begins vaccinating 350 orange-bellied parrots against bird flu,2026-09-01,Craig Parsons here's your validation cookie,Jon Geoghegan,2026-09-01,keyword:bird flu
1729808022483605,https://www.facebook.com/photo?fbid=1729808022483605&set=a.722828036514947,@Tasmania begins vaccinating 350 orange-bellied parrots against bird flu,,Craig Parsons I'd rather be a cooker than cooked,Janina Kaitinis,2026-09-01,keyword:bird flu
1729808022483605,https://www.facebook.com/photo?fbid=1729808022483605&set=a.722828036514947,@Tasmania begins vaccinating 350 orange-bellied parrots against bird flu,,"Craig Parsons the cookers are the ones catching wild birds and injecting them with fk knows what, double cookers are the ones who think fking with nature is a good idea",Joe Biggs,2026-09-01,keyword:bird flu
1729808022483605,https://www.facebook.com/photo?fbid=1729808022483605&set=a.722828036514947,@Tasmania begins vaccinating 350 orange-bellied parrots against bird flu,2026-09-01,Craig Parsons I came here for the fried comments and just found it,Rick Howard,2026-09-01,keyword:bird flu
1729808022483605,https://www.facebook.com/photo?fbid=1729808022483605&set=a.722828036514947,@Tasmania begins vaccinating 350 orange-bellied parrots against bird flu,2026-09-01,A supposedly endangered species and they are being experimented on ?,Nick Tetley,2026-09-01,keyword:bird flu
1729808022483605,https://www.facebook.com/photo?fbid=1729808022483605&set=a.722828036514947,@Tasmania begins vaccinating 350 orange-bellied parrots against bird flu,2026-09-01,Did the birds consent?,Ad Leonard,2026-09-01,keyword:bird flu
1729808022483605,https://www.facebook.com/photo?fbid=1729808022483605&set=a.722828036514947,@Tasmania begins vaccinating 350 orange-bellied parrots against bird flu,2026-09-01,Ad Leonard they were told by a Parrot its safe and effective so they consent.,Alan Graham Dolan,2026-09-01,keyword:bird flu
1729808022483605,https://www.facebook.com/photo?fbid=1729808022483605&set=a.722828036514947,@Tasmania begins vaccinating 350 orange-bellied parrots against bird flu,2026-09-01,Free donuts,Luke Kennedy,2026-09-01,keyword:bird flu
1729808022483605,https://www.facebook.com/photo?fbid=1729808022483605&set=a.722828036514947,@Tasmania begins vaccinating 350 orange-bellied parrots against bird flu,2026-09-01,Ad Leonard no they did not,Wendy Anna,2026-09-01,keyword:bird flu
1729808022483605,https://www.facebook.com/photo?fbid=1729808022483605&set=a.722828036514947,@Tasmania begins vaccinating 350 orange-bellied parrots against bird flu,2026-09-01,Let me guess- ‘Safe and effective’ ????,Phillip Partington,2026-09-01,keyword:bird flu
1729808022483605,https://www.facebook.com/photo?fbid=1729808022483605&set=a.722828036514947,@Tasmania begins vaccinating 350 orange-bellied parrots against bird flu,2026-09-01,Safer than no protection at all.,Andrew Smith,2026-09-01,keyword:bird flu
1729808022483605,https://www.facebook.com/photo?fbid=1729808022483605&set=a.722828036514947,@Tasmania begins vaccinating 350 orange-bellied parrots against bird flu,,Do you think that all the vets involved are risking endangered birds based on nothing?,Matthew Dobeli,2026-09-01,keyword:bird flu
1729808022483605,https://www.facebook.com/photo?fbid=1729808022483605&set=a.722828036514947,@Tasmania begins vaccinating 350 orange-bellied parrots against bird flu,2026-09-01,Just imagine the size of the little toilet rolls they are stockpiling..,Phil Adams,2026-09-01,keyword:bird flu
1729808022483605,https://www.facebook.com/photo?fbid=1729808022483605&set=a.722828036514947,@Tasmania begins vaccinating 350 orange-bellied parrots against bird flu,2026-09-01,"Phil Adams that’s funny, you idiot",Ross F Saunders,2026-09-01,keyword:bird flu
1729808022483605,https://www.facebook.com/photo?fbid=1729808022483605&set=a.722828036514947,@Tasmania begins vaccinating 350 orange-bellied parrots against bird flu,2026-09-01,That's them extinct,James Hankey,2026-09-01,keyword:bird flu
1729808022483605,https://www.facebook.com/photo?fbid=1729808022483605&set=a.722828036514947,@Tasmania begins vaccinating 350 orange-bellied parrots against bird flu,2026-09-01,James Hankey do you have a better idea? Have you seen the amount of dead birds in Portland over the last month?,Sue Blake,2026-09-01,keyword:bird flu
1729808022483605,https://www.facebook.com/photo?fbid=1729808022483605&set=a.722828036514947,@Tasmania begins vaccinating 350 orange-bellied parrots against bird flu,2026-09-01,James Hankey vaccinations cause extinction? Since when?,Derek Hawes,2026-09-01,keyword:bird flu
1729808022483605,https://www.facebook.com/photo?fbid=1729808022483605&set=a.722828036514947,@Tasmania begins vaccinating 350 orange-bellied parrots against bird flu,2026-09-01,"Article next week... ""350 orange parrots dead from bird flu, scientists baffled""",Tony Dickey,2026-09-01,keyword:bird flu
1729808022483605,https://www.facebook.com/photo?fbid=1729808022483605&set=a.722828036514947,@Tasmania begins vaccinating 350 orange-bellied parrots against bird flu,2026-09-01,Tony Dickey Exactly,Trish Wilcox,2026-09-01,keyword:bird flu
1729808022483605,https://www.facebook.com/photo?fbid=1729808022483605&set=a.722828036514947,@Tasmania begins vaccinating 350 orange-bellied parrots against bird flu,2026-09-01,Tony Dickey and turbo cancer and myocarditis increased in bird populations and the scientists are all baffled stupid,Violet Mc,2026-09-01,keyword:bird flu
1729808022483605,https://www.facebook.com/photo?fbid=1729808022483605&set=a.722828036514947,@Tasmania begins vaccinating 350 orange-bellied parrots against bird flu,2026-09-01,Tony Dickey sad but a possibility,Gypsy Rose Middleton,2026-09-01,keyword:bird flu
1476287034531945,https://www.facebook.com/photo?fbid=1476287034531945&set=a.481123617381630,,2026-09-01,"Are they sure it isn't ""33"" species? (When you know, you know...)",Iama Freedomlover,2026-09-01,keyword:bird flu
1476287034531945,https://www.facebook.com/photo?fbid=1476287034531945&set=a.481123617381630,,2026-09-01,Keep off the beaches! But if you do go down to the beach change your shoes when you come off the beach and disinfect those shoes spray them give them a good wash when you get home. This is a procedure I used to do when I worked on Granite Island with The Fairy Penguins before it was closed down. This is never a chore.,Norma Osborne,2026-09-01,keyword:bird flu
1476287034531945,https://www.facebook.com/photo?fbid=1476287034531945&set=a.481123617381630,,2026-09-01,Seal didn’t have bird flu,Vickie Latham,2026-09-01,keyword:bird flu
1476287034531945,https://www.facebook.com/photo?fbid=1476287034531945&set=a.481123617381630,,2026-09-01,Vickie Latham ok imbecile,Ivan Pieterse,2026-09-01,keyword:bird flu
1476287034531945,https://www.facebook.com/photo?fbid=1476287034531945&set=a.481123617381630,,2026-09-01,Vickie Latham some seals did as did the Dolphin.,Fay White,2026-09-01,keyword:bird flu
1476287034531945,https://www.facebook.com/photo?fbid=1476287034531945&set=a.481123617381630,,2026-09-01,If the fox is invasive then that’s a good thing yeah,Iva Gutache,2026-09-01,keyword:bird flu
1476287034531945,https://www.facebook.com/photo?fbid=1476287034531945&set=a.481123617381630,,2026-09-01,Iva Gutache the trouble is that foxes are scavengers and hence they are vectors for spreading the disease to more inland mammal and bird species. That's the concern.,Nicola Booth,2026-09-01,keyword:bird flu
1476287034531945,https://www.facebook.com/photo?fbid=1476287034531945&set=a.481123617381630,,2026-09-01,"Iva Gutache No , because some other animal or bird could eat that carcass and spread the disease further.",Beverly Kibble,2026-09-01,keyword:bird flu
1476287034531945,https://www.facebook.com/photo?fbid=1476287034531945&set=a.481123617381630,,2026-09-01,"Iva Gutache yeah, if you dont count the native animals it could spread it to!",Rebecca Wright,2026-09-01,keyword:bird flu
1476287034531945,https://www.facebook.com/photo?fbid=1476287034531945&set=a.481123617381630,,2026-09-01,"Watch how it will miraculously spread to fish, cows, sheep and everything else we rely on eating.",Wally Aoa,2026-09-01,keyword:bird flu
1476287034531945,https://www.facebook.com/photo?fbid=1476287034531945&set=a.481123617381630,,2026-09-01,Wally Aoa why would that be miraculous?,Robyn Green,2026-09-01,keyword:bird flu
1476287034531945,https://www.facebook.com/photo?fbid=1476287034531945&set=a.481123617381630,,2026-09-01,Wally Aoa fool,Peter Ian Shelton,2026-09-01,keyword:bird flu
1476287034531945,https://www.facebook.com/photo?fbid=1476287034531945&set=a.481123617381630,,2026-09-01,Wally Aoa you may wonder agriculture departments are leading the response teams before you sneer.,Shaun Molloy,2026-09-01,keyword:bird flu
1476287034531945,https://www.facebook.com/photo?fbid=1476287034531945&set=a.481123617381630,,2026-09-01,"Wally Aoa “Miraculously”? Cross-species transmission is biology, Wally, not a magic trick.",Tracey Clark,2026-09-01,keyword:bird flu
1476287034531945,https://www.facebook.com/photo?fbid=1476287034531945&set=a.481123617381630,,,"So many landmark posts to adorn your FB domain. Thoughtful, judicious, well-presented. So well-informed and so expert in argument. Tristan Strange’s penetrating contribution, particularly, is a model for the rest of us. I’d be proud to have such friends and followers.",Roger Virtue sekitar satu jam yang lalu,2026-09-01,keyword:bird flu
1476287034531945,https://www.facebook.com/photo?fbid=1476287034531945&set=a.481123617381630,,2026-09-01,Birds are not mammals....,Brad McNaughton,2026-09-01,keyword:bird flu
1476287034531945,https://www.facebook.com/photo?fbid=1476287034531945&set=a.481123617381630,,2026-09-01,"Brad McNaughton wow, an Einstein!",Jane Parkhill Harvey,2026-09-01,keyword:bird flu
1476287034531945,https://www.facebook.com/photo?fbid=1476287034531945&set=a.481123617381630,,2026-09-01,"Brad McNaughton did you just figure that out? Want a round of applause Sherlock? Now that you are on an intellectual role, you should enrol in a course on epidemiology, majoring in virology and then you will understand why your observation does not mean anything. If you don’t want to study, (and I have not studied either of these subjects) I suggest that getting a grasp of what those who have knowledge of these things have said might be a good idea.",Christopher George,2026-09-01,keyword:bird flu
1476287034531945,https://www.facebook.com/photo?fbid=1476287034531945&set=a.481123617381630,,2026-09-01,"Brad McNaughton nope, they're dinosaurs. And your point is?",Shaun Molloy,2026-09-01,keyword:bird flu
1476287034531945,https://www.facebook.com/photo?fbid=1476287034531945&set=a.481123617381630,,2026-09-01,"Someone tested a rock the other day, it tested positive.. make of that what you will",Mark Hempy Rayner,2026-09-01,keyword:bird flu
1476287034531945,https://www.facebook.com/photo?fbid=1476287034531945&set=a.481123617381630,,2026-09-01,Please don't forget the whales so many washing up,Helen Dodds,2026-09-01,keyword:bird flu
1476287034531945,https://www.facebook.com/photo?fbid=1476287034531945&set=a.481123617381630,,2026-09-01,Helen Dodds so now whales don't beach themselves they die from a bird flu,Fiona Thauer,2026-09-01,keyword:bird flu
1476287034531945,https://www.facebook.com/photo?fbid=1476287034531945&set=a.481123617381630,,2026-09-01,they are mammals,Helen Dodds,2026-09-01,keyword:bird flu
1476287034531945,https://www.facebook.com/photo?fbid=1476287034531945&set=a.481123617381630,,2026-08-31,"There is a vacine. Why didn't the Gov in the great preparedness it has boasted about, vaccinate our endangered seals as well as the Penguin colonies they are rushing to do now... can't they spend money where it can do some good. Just how Australia has not sunk already is a mystery...well while they can sell bits of it amd borrow borrow borrow, I guess they can keep their heads above water.",Azara D'Dogue,2026-09-01,keyword:bird flu
1476287034531945,https://www.facebook.com/photo?fbid=1476287034531945&set=a.481123617381630,,2026-08-31,Azara D'Dogue there is no vaccine for mammals. It begs the question if we have had 5 years warning could we have developed one in that time.,Karen Palmer,2026-09-01,keyword:bird flu
1476287034531945,https://www.facebook.com/photo?fbid=1476287034531945&set=a.481123617381630,,2026-09-01,"Azara D'Dogue firstly, the vaccine is one that was developed for use on chickens, it won't work on mammals. Second, do you know how many birds are on this planet???",Gill Meema Moxham,2026-09-01,keyword:bird flu
1476287034531945,https://www.facebook.com/photo?fbid=1476287034531945&set=a.481123617381630,,2026-08-31,Have they been drinking the algal bloom water?,Ria Harvison,2026-09-01,keyword:bird flu
1476287034531945,https://www.facebook.com/photo?fbid=1476287034531945&set=a.481123617381630,,2026-09-01,Ria Harvison algal bloom and other pollution (eg aluminium smelter),Chloe Jungwirth,2026-09-01,keyword:bird flu
1476287034531945,https://www.facebook.com/photo?fbid=1476287034531945&set=a.481123617381630,,2026-08-31,"If only EAD Hotline, PIRSA & Biosecurity could take reports properly, communicate amongst each other accurately, and operate promptly to assess, euthanise, collect, bag and tag, otherwise, come 7am ish, finds/reported birds are removed/binned by locals and walkers, etc......",Jo Squirrell,2026-09-01,keyword:bird flu
1476287034531945,https://www.facebook.com/photo?fbid=1476287034531945&set=a.481123617381630,,2026-09-01,snake oil salesmen are alive and well,Terry Church,2026-09-01,keyword:bird flu
1518245850329821,https://www.facebook.com/photo?fbid=1518245850329821&set=a.149461913874895,,2026-09-01,"Jess, Raelene, Janet, Clare although I know you have probably already seen the news, but just in case.",Bella Vuljanić,2026-09-01,keyword:bird flu
1518245850329821,https://www.facebook.com/photo?fbid=1518245850329821&set=a.149461913874895,,2026-09-01,"Bella Vuljanić Yes had learned of it, but thank you!",Janet Davill,2026-09-01,keyword:bird flu
1518245850329821,https://www.facebook.com/photo?fbid=1518245850329821&set=a.149461913874895,,2026-09-01,Why does south australia have such a huge number of deaths compared to other states?,Margaret Gourley,2026-09-01,keyword:bird flu
1518245850329821,https://www.facebook.com/photo?fbid=1518245850329821&set=a.149461913874895,,2026-09-01,Please turn commenting off before the inevitable rantings of the cookers starts... Please!,Karyn Steer,2026-09-01,keyword:bird flu
1518245850329821,https://www.facebook.com/photo?fbid=1518245850329821&set=a.149461913874895,,2026-09-01,Where in Mount Barker?,Lucas Head,2026-09-01,keyword:bird flu
1518245850329821,https://www.facebook.com/photo?fbid=1518245850329821&set=a.149461913874895,,2026-09-01,Amir Daou,Ali Louise,2026-09-01,keyword:bird flu
1518245850329821,https://www.facebook.com/photo?fbid=1518245850329821&set=a.149461913874895,,2026-09-01,,Misha Grace,2026-09-01,keyword:bird flu
1635821395214711,https://www.facebook.com/photo?fbid=1635821395214711&set=gm.26886125134400499,,2026-07-07,"Ada yg coba netasin di kardus tpi pke air dan ditutup tpi tidak rapat, coba cek d yt info detail nya",Wahyudin Al Gipari,2026-09-01,keyword:flu burung
1635821395214711,https://www.facebook.com/photo?fbid=1635821395214711&set=gm.26886125134400499,,2026-07-07,Wahyudin Al Gipari ouh gitu oke kak nanti liat tutornya di yt,Nursaadah1814,2026-09-01,keyword:flu burung
1635821395214711,https://www.facebook.com/photo?fbid=1635821395214711&set=gm.26886125134400499,,2026-07-07,𝗔𝗹𝗮𝘀𝗻𝘆𝗮 𝗽𝗮𝘀𝗶𝗿 𝗮𝗷𝗮 𝗯𝗮𝗻𝗴.. 𝗨𝗻𝘁𝘂𝗸 𝗺𝗲𝗻𝗷𝗮𝗴𝗮 𝗸𝗲𝗹𝗲𝗺𝗯𝗮𝗽𝗮𝗻𝗻𝘆𝗮.. 𝗗𝗮𝗻 𝗶𝘁𝘂 𝗮𝘁𝗮𝘀𝗻𝘆𝗮 𝘁𝘂𝘁𝘂𝗽 𝟯/𝟰..,Andra Mulya,2026-09-01,keyword:flu burung
1635821395214711,https://www.facebook.com/photo?fbid=1635821395214711&set=gm.26886125134400499,,2026-07-07,Andra Mulya ouh gitu makasih infonya kk,Nursaadah1814,2026-09-01,keyword:flu burung
1635821395214711,https://www.facebook.com/photo?fbid=1635821395214711&set=gm.26886125134400499,,2026-07-07,"Tidak cukup pemanas aja, karena butuh lembab juga",Syaikhur Rohman,2026-09-01,keyword:flu burung
1635821395214711,https://www.facebook.com/photo?fbid=1635821395214711&set=gm.26886125134400499,,2026-07-07,Syaikhur Rohman iya kah kak aku ga tau,Nursaadah1814,2026-09-01,keyword:flu burung
1635821395214711,https://www.facebook.com/photo?fbid=1635821395214711&set=gm.26886125134400499,,2026-07-07,berapa induk tu ? rata kena semua ?,Kikskiks,2026-09-01,keyword:flu burung
1635821395214711,https://www.facebook.com/photo?fbid=1635821395214711&set=gm.26886125134400499,,2026-07-07,"Kikskiks 3 induk kak posisi lagi ngerem semua ,ngga kak ada yg masih hidup indukannya",Nursaadah1814,2026-09-01,keyword:flu burung
1635821395214711,https://www.facebook.com/photo?fbid=1635821395214711&set=gm.26886125134400499,,2026-07-07,Jarak lampu ke permukaan telur 15 cm,Pedro Acosta,2026-09-01,keyword:flu burung
1635821395214711,https://www.facebook.com/photo?fbid=1635821395214711&set=gm.26886125134400499,,2026-07-07,Pedro Acosta ok kak,Nursaadah1814,2026-09-01,keyword:flu burung
1635821395214711,https://www.facebook.com/photo?fbid=1635821395214711&set=gm.26886125134400499,,2026-07-07,Posisi tepat dibawah lampu harusnya toples sosis isi air. Telur tata sekelilingnya. Beli termo kayu unyuk menentukan suhunya.(37 - 38°©\100°F),Suin Jaya Barata,2026-09-01,keyword:flu burung
1635821395214711,https://www.facebook.com/photo?fbid=1635821395214711&set=gm.26886125134400499,,2026-07-07,Suin Jaya Barata berarti harus di kasih air di tengahnya ya kak,Nursaadah1814,2026-09-01,keyword:flu burung
1635821395214711,https://www.facebook.com/photo?fbid=1635821395214711&set=gm.26886125134400499,,2026-07-07,Coba cari yg nerima penitipan telur di metas di area sekitar. Biasa tarifnya 3000/butir. Kadang kalo orgnya baik bayar yg netes aja bang,Dedeh Hidayah,2026-09-01,keyword:flu burung
1635821395214711,https://www.facebook.com/photo?fbid=1635821395214711&set=gm.26886125134400499,,2026-07-07,"Dedeh Hidayah g ada kak d sini,",Nursaadah1814,2026-09-01,keyword:flu burung
1635821395214711,https://www.facebook.com/photo?fbid=1635821395214711&set=gm.26886125134400499,,2026-07-07,Dedeh Hidayah ribet,Nasrul Donk,2026-09-01,keyword:flu burung
1635821395214711,https://www.facebook.com/photo?fbid=1635821395214711&set=gm.26886125134400499,,2026-07-07,"Duuhh . Kasihan .. sayang jauh, dekat bisa nitip saya, gratis",Thea Sharasvati,2026-09-01,keyword:flu burung
1635821395214711,https://www.facebook.com/photo?fbid=1635821395214711&set=gm.26886125134400499,,2026-07-07,Thea Sharasvati lok mna kak,Nursaadah1814,2026-09-01,keyword:flu burung
1635821395214711,https://www.facebook.com/photo?fbid=1635821395214711&set=gm.26886125134400499,,2026-07-07,"Nyimak bolo...saya juga blm paham betul,.. salam satu hobi",Yant Sant,2026-09-01,keyword:flu burung
1635821395214711,https://www.facebook.com/photo?fbid=1635821395214711&set=gm.26886125134400499,,2026-07-07,Kurang rapat kurang lampu juga..,Suharti,2026-09-01,keyword:flu burung
1635821395214711,https://www.facebook.com/photo?fbid=1635821395214711&set=gm.26886125134400499,,2026-07-07,Suharti tapi itu udah panas banget kak itu pun kadang ku matikan lampunya karena kepanasan,Nursaadah1814,2026-09-01,keyword:flu burung
1635821395214711,https://www.facebook.com/photo?fbid=1635821395214711&set=gm.26886125134400499,,2026-07-07,cm pke kardus alhamdulillah sampe netas,Kang Hadro,2026-09-01,keyword:flu burung
1635821395214711,https://www.facebook.com/photo?fbid=1635821395214711&set=gm.26886125134400499,,2026-07-07,Daerah mana bun,Dewi Juliana Purba,2026-09-01,keyword:flu burung
1635821395214711,https://www.facebook.com/photo?fbid=1635821395214711&set=gm.26886125134400499,,2026-07-07,Dewi Juliana Purba karawang rengasdengklok,Nursaadah1814,2026-09-01,keyword:flu burung
1635821395214711,https://www.facebook.com/photo?fbid=1635821395214711&set=gm.26886125134400499,,2026-07-07,Itu telur ayam Petelur yg di jual di warung2 kenapa Pada Percaya,Eko Harianto,2026-09-01,keyword:flu burung
1635821395214711,https://www.facebook.com/photo?fbid=1635821395214711&set=gm.26886125134400499,,2026-07-07,Kasih air yaroh gelas,Wahyu Wijaksono,2026-09-01,keyword:flu burung
1635821395214711,https://www.facebook.com/photo?fbid=1635821395214711&set=gm.26886125134400499,,2026-07-07,Sebeah kasih air dalam wadah buat netralin suhu yg lebih..,A'an Cahyo Putra Wilujeng,2026-09-01,keyword:flu burung
1635821395214711,https://www.facebook.com/photo?fbid=1635821395214711&set=gm.26886125134400499,,2026-07-07,A'an Cahyo Putra Wilujeng taro di tengah apa di samping kak,Nursaadah1814,2026-09-01,keyword:flu burung
1635821395214711,https://www.facebook.com/photo?fbid=1635821395214711&set=gm.26886125134400499,,2026-07-07,Nursaadah1814 bagusan ditengah..pokok jgn sampai penuh biar ga gampang tumpah .,A'an Cahyo Putra Wilujeng,2026-09-01,keyword:flu burung
1635821395214711,https://www.facebook.com/photo?fbid=1635821395214711&set=gm.26886125134400499,,2026-07-07,Kayak terlalu dekat..bisa mati kering.. Jika induknya mengeram 15 hari mendingan agak jauh lampunya kalau g punya termometer...,Rofie Doank,2026-09-01,keyword:flu burung
1635821395214711,https://www.facebook.com/photo?fbid=1635821395214711&set=gm.26886125134400499,,2026-07-07,Rofie Doank ok kak makasih infonya,Nursaadah1814,2026-09-01,keyword:flu burung
1065869702906152,https://www.facebook.com/photo?fbid=1065869702906152&set=a.149743084518823,,2026-09-01,Terserah kalian aja,Nanang Haryanto R,2026-09-01,keyword:flu burung
1065869702906152,https://www.facebook.com/photo?fbid=1065869702906152&set=a.149743084518823,,2026-09-01,"Kasian yang bawa . Udah bayar sana-sini malah di mintak orang
 itu pun kalau burung mahal gak bakal di lepas liatkan 100%di piara yang nyita.",Riky Nov,2026-09-01,keyword:flu burung
1065869702906152,https://www.facebook.com/photo?fbid=1065869702906152&set=a.149743084518823,,2026-09-01,GK nduwe nmer wa seng nyekel ta Wkwkwkwkwkwk Paling seminggu ngkas NK pasar petek an ketok e,Al Alifudin Chan Peak,2026-09-01,keyword:flu burung
1065869702906152,https://www.facebook.com/photo?fbid=1065869702906152&set=a.149743084518823,,2026-09-01,Ada itu berita beli monyet 75jt per.ekor boleh ...,Mas Enjang Rabit,2026-09-01,keyword:flu burung
1065869702906152,https://www.facebook.com/photo?fbid=1065869702906152&set=a.149743084518823,,,"burung digagalkan, pembakaran hutan diloloskan",Masteran Kacau sekitar satu jam yang lalu,2026-09-01,keyword:flu burung
1065869702906152,https://www.facebook.com/photo?fbid=1065869702906152&set=a.149743084518823,,2026-09-01,Itu saja yang terlihat,Jumah,2026-09-01,keyword:flu burung
1065869702906152,https://www.facebook.com/photo?fbid=1065869702906152&set=a.149743084518823,,2026-09-01,"Embel embel dokumen lagi
. Bilang aja ngk ada angpaunya ..emng konaha mah...KLO ngk ada angpau...tengkap",Siti Aisyah,2026-09-01,keyword:flu burung
1065869702906152,https://www.facebook.com/photo?fbid=1065869702906152&set=a.149743084518823,,2026-09-01,Siti Aisyah lalu solusinya apa dong om,Ucox Ginting,2026-09-01,keyword:flu burung
1065869702906152,https://www.facebook.com/photo?fbid=1065869702906152&set=a.149743084518823,,,"Ucox Ginting solusinya biar ngk punah....tiada kan pasar burung ,dan tiada kan kicau mania ...alias bikin peraturan dilarang melihara burung .....,seperti di Australia,burung Kaka tua dilarang dipelihara",,2026-09-01,keyword:flu burung
1065869702906152,https://www.facebook.com/photo?fbid=1065869702906152&set=a.149743084518823,,,Siti Aisyah solusi bagi masalah yg besar bgini harus dari pemerintah. Bagi individu bagaimana tuh,,2026-09-01,keyword:flu burung
1065869702906152,https://www.facebook.com/photo?fbid=1065869702906152&set=a.149743084518823,,2026-09-01,Kalau nyampek kota besar biasanya sih di jual ulang sama yang nangkep,Kunam Joss,2026-09-01,keyword:flu burung
1065869702906152,https://www.facebook.com/photo?fbid=1065869702906152&set=a.149743084518823,,2026-09-01,Dilepas dialam,Wawan Darmawan,2026-09-01,keyword:flu burung
1065869702906152,https://www.facebook.com/photo?fbid=1065869702906152&set=a.149743084518823,,2026-09-01,Alam e sudah gak aman mas lebih baik di lestaarikan sendiri,Joko Perso,2026-09-01,keyword:flu burung
1065869702906152,https://www.facebook.com/photo?fbid=1065869702906152&set=a.149743084518823,,2026-09-01,Mereka nangkap ini gunakan jala dan lem,Indahnya Indahnya,2026-09-01,keyword:flu burung
1065869702906152,https://www.facebook.com/photo?fbid=1065869702906152&set=a.149743084518823,,2026-09-01,Jos petugase....,Fram Rush Zetsu,2026-09-01,keyword:flu burung
1065869702906152,https://www.facebook.com/photo?fbid=1065869702906152&set=a.149743084518823,,2026-09-01,Yg ketangkep 200 yg lolos 500 ekor,Anwar Kaspul,2026-09-01,keyword:flu burung
1065869702906152,https://www.facebook.com/photo?fbid=1065869702906152&set=a.149743084518823,,2026-09-01,Paling setelah itu jdi cuan berjamaah,Mawar Berduri,2026-09-01,keyword:flu burung
1065869702906152,https://www.facebook.com/photo?fbid=1065869702906152&set=a.149743084518823,,2026-09-01,Baru jga pesan pulut buat mikat,Heriansyah Ry,2026-09-01,keyword:flu burung
1065869702906152,https://www.facebook.com/photo?fbid=1065869702906152&set=a.149743084518823,,2026-09-01,saben ndino isine wong maruk,Kamar Kecilproduktif,2026-09-01,keyword:flu burung
1065869702906152,https://www.facebook.com/photo?fbid=1065869702906152&set=a.149743084518823,,2026-09-01,Giliran hutannya TDK BS di ggl kan di saat ada pembalakn liar apa kbrkn.,Chamunk Walingi,2026-09-01,keyword:flu burung
1065869702906152,https://www.facebook.com/photo?fbid=1065869702906152&set=a.149743084518823,,2026-09-01,Dokumen=uang Selama ada uang semua aman,W'e Be Wait,2026-09-01,keyword:flu burung
1065869702906152,https://www.facebook.com/photo?fbid=1065869702906152&set=a.149743084518823,,2026-09-01,,Ksatria Bf,2026-09-01,keyword:flu burung
1065869702906152,https://www.facebook.com/photo?fbid=1065869702906152&set=a.149743084518823,,2026-09-01,Tetep aja masuk kandang,N'dy Kusnadi Hamansyah,2026-09-01,keyword:flu burung
829968766727536,https://www.facebook.com/photo?fbid=829968766727536&set=gm.1710009299979015,,2026-02-10,flu ayam,Ikky Rustandi,2026-09-01,keyword:flu burung
829968766727536,https://www.facebook.com/photo?fbid=829968766727536&set=gm.1710009299979015,,2026-02-10,Alhamdulillah aman semoga ad ganti ny bang,Joni,2026-09-01,keyword:flu burung
2087406175503420,https://www.facebook.com/photo?fbid=2087406175503420&set=a.119745972269460,@Berlangganan Hany Alzahriah,2026-07-07,"STOP KOMEN STIKER Komentar lah sesuai isi postingan, Sesuaikan dgn caption,foto/video, oke Terimakasih atas dukungan nya. https://www.facebook.com/hany.shopbiak/subscribenow...",Hany Alzahriah,2026-09-01,keyword:flu burung
2087406175503420,https://www.facebook.com/photo?fbid=2087406175503420&set=a.119745972269460,@Berlangganan Hany Alzahriah,2026-07-07,"Milih tdk lanjut imunisasi yg bkn demam. Suntik yg gak demam aja bayiku demam,1 tahun baru dpt 1, stop lanjut ke dpt 2. Slain imun bayiku rentan ada rwyt kejang juga. Bapak sma nenk nya gak kasih ijin,malah kalau aku maksa mrka bilang kalau ada apa2 aku yg dslhn.. jd galau sbgai ibu,tapi jka lanjut aku pun trouma wkt bayiku usia 1 tahun udh kejang drwt smnggu,pas dpt 1 jga smpe d rwat. Mutusin gak lanjut smga kptsn se org ibu tdk mmbuat mslh kdpn nya",Fitri Indriani,2026-09-01,keyword:flu burung
2087406175503420,https://www.facebook.com/photo?fbid=2087406175503420&set=a.119745972269460,@Berlangganan Hany Alzahriah,2026-08-04,"Lebih nyeri dan ganar mana antara dpt 1,2 dan 3...karna bulan depan dah vaksin dpt 3",Aisyah Jua,2026-09-01,keyword:flu burung
2087406175503420,https://www.facebook.com/photo?fbid=2087406175503420&set=a.119745972269460,@Berlangganan Hany Alzahriah,2026-07-07,yg saya heran kenapa anaku klo habis imunisasi bb jadi menurun dari anak pertama sampai anak ketiga yg tadinya gemoy jadi kurus,Ecy Chiechieliea,2026-09-01,keyword:flu burung
2087406175503420,https://www.facebook.com/photo?fbid=2087406175503420&set=a.119745972269460,@Berlangganan Hany Alzahriah,2026-07-07,"Ecy Chiechieliea coba tanyakan ke bidan atau dokter khusus anak bunda ,imunisasinya di puskesmas kah atau ??",Hany Alzahriah,2026-09-01,keyword:flu burung
2087406175503420,https://www.facebook.com/photo?fbid=2087406175503420&set=a.119745972269460,@Berlangganan Hany Alzahriah,,Hany Alzahriah iya di puskesmas,,2026-09-01,keyword:flu burung
2087406175503420,https://www.facebook.com/photo?fbid=2087406175503420&set=a.119745972269460,@Berlangganan Hany Alzahriah,2026-07-14,"Bagaimana caranya,,jika anak telat jadwal imunisasi DPT nya ya contoh di karna kn sakit,,,ngk tepat bulan nya apakah,,,ada efek samping nya,,bundaaa,,,",Efy Ocktafia,2026-09-01,keyword:flu burung
2087406175503420,https://www.facebook.com/photo?fbid=2087406175503420&set=a.119745972269460,@Berlangganan Hany Alzahriah,2026-07-28,Efy Ocktafia anak saya jg telat sekarang mau 3 thn baru dpt ulang yg ke 3 ini. Dulu dpt 1 pas 7bln kejang berhenti dan lanjut alhamdulillah bln inj baru dpt 2 gpp panas cmn 3hr sja Bln dpn dpt 3 bismillah semoga tdk panas,Suci Purwanti,2026-09-01,keyword:flu burung
2087406175503420,https://www.facebook.com/photo?fbid=2087406175503420&set=a.119745972269460,@Berlangganan Hany Alzahriah,2026-07-07,"Anak knapa klau habis imunisasi jdi buang2 air besar, malas nyusu, smpai bdan turun, trus blm lgi drama demam dan rewel nya, smpai tdk bisa tdur, paksu smpai ngelarang untk lanjut dpt 3",Chindy Claudia Iskana,2026-09-01,keyword:flu burung
2087406175503420,https://www.facebook.com/photo?fbid=2087406175503420&set=a.119745972269460,@Berlangganan Hany Alzahriah,2026-07-07,Kk nanggung ihh lnjut,Riris Emes,2026-09-01,keyword:flu burung
2087406175503420,https://www.facebook.com/photo?fbid=2087406175503420&set=a.119745972269460,@Berlangganan Hany Alzahriah,2026-07-14,"Dpt 2,umur anak harus 3 bulan ya bun,",Soniya Safitri,2026-09-01,keyword:flu burung
2087406175503420,https://www.facebook.com/photo?fbid=2087406175503420&set=a.119745972269460,@Berlangganan Hany Alzahriah,2026-07-07,"Bulan ini anakku Dpt 2 , semoga ga rewel",Karlinna,2026-09-01,keyword:flu burung
2087406175503420,https://www.facebook.com/photo?fbid=2087406175503420&set=a.119745972269460,@Berlangganan Hany Alzahriah,2026-07-07,"Karlinna amin bunda ,siapkan alat2 tempurnya",Hany Alzahriah,2026-09-01,keyword:flu burung
2087406175503420,https://www.facebook.com/photo?fbid=2087406175503420&set=a.119745972269460,@Berlangganan Hany Alzahriah,2026-07-07,Hany Alzahriah hehe iya,Karlinna,2026-09-01,keyword:flu burung
2087406175503420,https://www.facebook.com/photo?fbid=2087406175503420&set=a.119745972269460,@Berlangganan Hany Alzahriah,2026-07-07,Anaki 8 bln baru dpt 1 apa masih bisa lnjut ya?,Kriwil,2026-09-01,keyword:flu burung
2087406175503420,https://www.facebook.com/photo?fbid=2087406175503420&set=a.119745972269460,@Berlangganan Hany Alzahriah,2026-07-07,Kriwil 9 bulan campak dulu baru bulan berikutnya lanjutin dpt,Muin Mboke,2026-09-01,keyword:flu burung
2087406175503420,https://www.facebook.com/photo?fbid=2087406175503420&set=a.119745972269460,@Berlangganan Hany Alzahriah,2026-07-14,Aku bru kmren dpt 1 puanasaa pas malam nya tmbh pas sore ga mau nyusu nangis kejet ampe pucet jadi panik sendiri:(,Rahmah Jamilah,2026-09-01,keyword:flu burung
2087406175503420,https://www.facebook.com/photo?fbid=2087406175503420&set=a.119745972269460,@Berlangganan Hany Alzahriah,2026-07-07,aku baru selesi DPT 3 ternyta ad dpt lanjutan ya,Nor Lela Nella,2026-09-01,keyword:flu burung
2087406175503420,https://www.facebook.com/photo?fbid=2087406175503420&set=a.119745972269460,@Berlangganan Hany Alzahriah,2026-07-07,Nor Lela Nella iya bunda masih ada,Hany Alzahriah,2026-09-01,keyword:flu burung
2087406175503420,https://www.facebook.com/photo?fbid=2087406175503420&set=a.119745972269460,@Berlangganan Hany Alzahriah,2026-07-07,Izin pakai caption ya Bun,Murni Mudrika,2026-09-01,keyword:flu burung
2087406175503420,https://www.facebook.com/photo?fbid=2087406175503420&set=a.119745972269460,@Berlangganan Hany Alzahriah,2026-07-07,"Murni Mudrika siap ,silakan",Hany Alzahriah,2026-09-01,keyword:flu burung
2087406175503420,https://www.facebook.com/photo?fbid=2087406175503420&set=a.119745972269460,@Berlangganan Hany Alzahriah,2026-07-07,"Terimakasih ilmunya kak beb 
. Sehat selalu untuk dedek bayi",Raudlatul Jannah,2026-09-01,keyword:flu burung
2087406175503420,https://www.facebook.com/photo?fbid=2087406175503420&set=a.119745972269460,@Berlangganan Hany Alzahriah,2026-07-07,Raudlatul Jannah amin ya Allah terimakasih Bu guru yg smart,Hany Alzahriah,2026-09-01,keyword:flu burung
2087406175503420,https://www.facebook.com/photo?fbid=2087406175503420&set=a.119745972269460,@Berlangganan Hany Alzahriah,2026-07-07,"zolim, nyakitin anak",Zay Saja,2026-09-01,keyword:flu burung
2087406175503420,https://www.facebook.com/photo?fbid=2087406175503420&set=a.119745972269460,@Berlangganan Hany Alzahriah,2026-07-07,Zay Saja apasieh lu lebih sakit kena virus,Hany Alzahriah,2026-09-01,keyword:flu burung
2087406175503420,https://www.facebook.com/photo?fbid=2087406175503420&set=a.119745972269460,@Berlangganan Hany Alzahriah,2026-07-07,Zay Saja pemikiran yg dangkal,Evy Damayanti,2026-09-01,keyword:flu burung
2087406175503420,https://www.facebook.com/photo?fbid=2087406175503420&set=a.119745972269460,@Berlangganan Hany Alzahriah,2026-07-07,"Anak saya akan segera mendapatkan DPT 1, sedikit gugup",Suhada Rahayu,2026-09-01,keyword:flu burung
2087406175503420,https://www.facebook.com/photo?fbid=2087406175503420&set=a.119745972269460,@Berlangganan Hany Alzahriah,2026-07-07,Insyallah aman bunda bismillah saja lebih sakit ngk dpt,Hany Alzahriah,2026-09-01,keyword:flu burung
2087406175503420,https://www.facebook.com/photo?fbid=2087406175503420&set=a.119745972269460,@Berlangganan Hany Alzahriah,2026-07-07,"Kebanyakan dari mereka yang demam, sis",Syafrudin Udeng,2026-09-01,keyword:flu burung
2087406175503420,https://www.facebook.com/photo?fbid=2087406175503420&set=a.119745972269460,@Berlangganan Hany Alzahriah,2026-07-07,Syafrudin Udeng benar bang itulah reaksinya begitu,Hany Alzahriah,2026-09-01,keyword:flu burung
1184526635824916,https://www.facebook.com/photo?fbid=1184526605824919&set=pcb.1184526635824916,,2026-09-01,"S𝐮𝐩𝐞r 𝐛a𝐠u𝐬 
𝐒𝐔𝐌𝐁𝐔𝐓𝐎𝐆𝐄𝐋",Razuu Vai,2026-09-01,keyword:flu burung
1184526635824916,https://www.facebook.com/photo?fbid=1184526605824919&set=pcb.1184526635824916,,2026-09-01,"สว𝐒u𝐩𝐞𝐫 𝐛𝐚𝐠𝐮𝐬 
𝐒𝐔𝐌𝐁𝐔𝐓𝐎𝐆𝐄𝐋",SLsurjo Roy,2026-09-01,keyword:flu burung
1184526635824916,https://www.facebook.com/photo?fbid=1184526605824919&set=pcb.1184526635824916,,2026-09-01,"𝕊𝕦𝕡𝕖𝕣 𝕓𝕒𝕘𝕦𝕤 
𝐒𝐔𝐌𝐁𝐔𝐓𝐎𝐆𝐄𝐋",Floren Enriquez,2026-09-01,keyword:flu burung
1184526635824916,https://www.facebook.com/photo?fbid=1184526605824919&set=pcb.1184526635824916,,2026-09-01,"𝙎𝙪𝙥𝙚𝙧 𝘾𝙖𝙣𝙩𝙞𝙠 
𝐒𝐔𝐌𝐁𝐔𝐓𝐎𝐆𝐄𝐋",Quach Kỳ,2026-09-01,keyword:flu burung
1184526635824916,https://www.facebook.com/photo?fbid=1184526605824919&set=pcb.1184526635824916,,2026-09-01,"𝕾𝖚𝖕𝖊𝖗 𝕮𝖆𝖓𝖙𝖎𝖐 
𝐒𝐔𝐌𝐁𝐔𝐓𝐎𝐆𝐄𝐋",الموالي الصغير,2026-09-01,keyword:flu burung
1184526635824916,https://www.facebook.com/photo?fbid=1184526605824919&set=pcb.1184526635824916,,2026-09-01,"𝓢𝓾𝓹𝓮𝓻 𝓒𝓪𝓷𝓽𝓲𝓴
𝐒𝐔𝐌𝐁𝐔𝐓𝐎𝐆𝐄𝐋",Muhammad Mohiuddin,2026-09-01,keyword:flu burung
1184526635824916,https://www.facebook.com/photo?fbid=1184526605824919&set=pcb.1184526635824916,,2026-09-01,"𝙎𝙪𝙥𝙚𝙧 𝘾𝙖𝙣𝙩𝙞𝙠 
𝐒𝐔𝐌𝐁𝐔𝐓𝐎𝐆𝐄𝐋",Marine Pennec,2026-09-01,keyword:flu burung
1184526635824916,https://www.facebook.com/photo?fbid=1184526605824919&set=pcb.1184526635824916,,2026-09-01,"𝑆𝑢𝑝𝑒𝑟 𝑏𝑎𝑔𝑢s
𝐒𝐔𝐌𝐁𝐔𝐓𝐎𝐆𝐄𝐋",Faniriantsoa Fah,2026-09-01,keyword:flu burung
1184526635824916,https://www.facebook.com/photo?fbid=1184526605824919&set=pcb.1184526635824916,,2026-09-01,"𝕊𝕦𝕡𝕖𝕣 𝕓𝕒𝕘𝕦𝕤
𝐒𝐔𝐌𝐁𝐔𝐓𝐎𝐆𝐄𝐋",মন পাখি,2026-09-01,keyword:flu burung
1184526635824916,https://www.facebook.com/photo?fbid=1184526605824919&set=pcb.1184526635824916,,2026-09-01,"𝚂𝚞𝐩𝐞𝐫 𝐛𝐚𝐠𝐮𝐬 
𝐒𝐔𝐌𝐁𝐔𝐓𝐎𝐆𝐄𝐋",May Lay,2026-09-01,keyword:flu burung
1184526635824916,https://www.facebook.com/photo?fbid=1184526605824919&set=pcb.1184526635824916,,2023-09-02,Min klo daerah Padasuka kapan iya min?,Elly Harliah,2026-09-01,keyword:flu burung
1618146219980675,https://www.facebook.com/photo?fbid=1618146219980675&set=a.544489607346347,,2026-07-28,Listrik malang macet takutnya sama Bernadus sudarmanta,HSoegito,2026-09-01,keyword:flu burung
1618146219980675,https://www.facebook.com/photo?fbid=1618146219980675&set=a.544489607346347,,2026-07-28,"Flu burung takutnya sama Bu Siti Fadilah ya Nanik Zakiah Rohani , hoax aja kayaknya",Jemmy Kosasih,2026-09-01,keyword:flu burung
1618146219980675,https://www.facebook.com/photo?fbid=1618146219980675&set=a.544489607346347,,2026-07-28,Kan ayamnua bisa di vaksin ND IB AI dulu,Kala Gondang,2026-09-01,keyword:flu burung
1618146219980675,https://www.facebook.com/photo?fbid=1618146219980675&set=a.544489607346347,,2026-07-28,Hoax hoax elite global mau jualan flaksin....,Yayad Yadi,2026-09-01,keyword:flu burung
2265910000880829,https://www.facebook.com/photo?fbid=2265909540880875&set=pcb.2265910000880829,,2026-04-21,Topik apa yang ingin dibahas ? https://www.facebook.com/brucywaini.waini/subscribenow...,Nanik Zakiah Rohani,2026-09-01,keyword:flu burung
2265910000880829,https://www.facebook.com/photo?fbid=2265909540880875&set=pcb.2265910000880829,,2026-04-21,"semoga budhe dan pakdhe selalu berada dalam lindungan Allah swt,,ngeri juga para haters fitnahannya,,sampai merendahkan personal,yang lebih miris mereka yang hate adalah orang dengan gelar yang luar biasa,,tapi kenapa adab mereka nol",Imam AL Azam,2026-09-01,keyword:flu burung
2265910000880829,https://www.facebook.com/photo?fbid=2265909540880875&set=pcb.2265910000880829,,2026-04-21,,Hesty Manan,2026-09-01,keyword:flu burung
2265910000880829,https://www.facebook.com/photo?fbid=2265909540880875&set=pcb.2265910000880829,,2026-04-21,Semangat terus menjadi orang baik yang melakukan kebajikan sesuai kebenaran terima kasih pakdhe,Eko Sulaksono,2026-09-01,keyword:flu burung
2265910000880829,https://www.facebook.com/photo?fbid=2265909540880875&set=pcb.2265910000880829,,2026-04-21,,Tan Kur,2026-09-01,keyword:flu burung
2265910000880829,https://www.facebook.com/photo?fbid=2265909540880875&set=pcb.2265910000880829,,2026-04-21,,Synerid,2026-09-01,keyword:flu burung
2265910000880829,https://www.facebook.com/photo?fbid=2265909540880875&set=pcb.2265910000880829,,2026-04-21,"Saya tau Pakdhe dari suami. Karena dulu penggemar ayam. Suka beternak. Terus dia sibuk gak terurus lagi tuh ayam. Karena saya merasa sayang kalau kandang gak dipake. Saya terusin lah ternak ayam. Jenisnya ayam kampung tapi udah blasteran pelung jadi besar2 ayamnya. Ilmu dari pakdhe tentang virus, maupun penyakit ayam itu sangat bermanfaat untuk saya. Tambah lagi sekarang belajar tentang virus2 planddemi. Alhamdulillah mendapatkan pengetahuan jadi gak mudah panik.",Belfa Sukmafidelita,2026-09-01,keyword:flu burung
2265910000880829,https://www.facebook.com/photo?fbid=2265909540880875&set=pcb.2265910000880829,,2026-04-21,"Kemarin bnyak yg julet tentang gelarr pk de,,,,,tk jawab ilmu yg tinggi itu orngnya suka menunduk tidak mlh di papang./alias dangak",Yani Pengen Cari JatiDiri,2026-09-01,keyword:flu burung
2265910000880829,https://www.facebook.com/photo?fbid=2265909540880875&set=pcb.2265910000880829,,2026-04-21,"Top, Pakdhe Indro.",Zulfan Hasibuan,2026-09-01,keyword:flu burung
2265910000880829,https://www.facebook.com/photo?fbid=2265909540880875&set=pcb.2265910000880829,,2026-04-21,"Jelas sebagian besar mereka kalah pengalaman, apalagi ilmu.",Sally Nur Fatima,2026-09-01,keyword:flu burung
1382848480691915,https://www.facebook.com/photo?fbid=1382848480691915&set=a.116095714033871,,2026-09-01,"Merugi merugi, jual aja telur-telurnya?",Adil Aza,2026-09-01,keyword:flu burung
1382848480691915,https://www.facebook.com/photo?fbid=1382848480691915&set=a.116095714033871,,2026-08-31,Enduk sayang nian hu,Sapril Hadi Sapril Hadi,2026-09-01,keyword:flu burung
1382848480691915,https://www.facebook.com/photo?fbid=1382848480691915&set=a.116095714033871,,2026-08-30,Itu yang mau di bawa bukan bang,Raditya II,2026-09-01,keyword:flu burung
1382848480691915,https://www.facebook.com/photo?fbid=1382848480691915&set=a.116095714033871,,2026-08-30,Raditya II hehe iya udah meninggoi,Fadhli Text,2026-09-01,keyword:flu burung
1382848480691915,https://www.facebook.com/photo?fbid=1382848480691915&set=a.116095714033871,,2026-08-30,Aturan lmak di kicapi,M Eka P,2026-09-01,keyword:flu burung
1382848480691915,https://www.facebook.com/photo?fbid=1382848480691915&set=a.116095714033871,,2026-08-30,M Eka P au kak aturannye mantap,Fadhli Text,2026-09-01,keyword:flu burung
1382848480691915,https://www.facebook.com/photo?fbid=1382848480691915&set=a.116095714033871,,2026-08-30,Rugi pule,Dini Antoni,2026-09-01,keyword:flu burung
1382848480691915,https://www.facebook.com/photo?fbid=1382848480691915&set=a.116095714033871,,2026-08-30,Loh kok ngape biso mati mang keno lehernye ape racik kte?,Via Pratiwi,2026-09-01,keyword:flu burung
1382848480691915,https://www.facebook.com/photo?fbid=1382848480691915&set=a.116095714033871,,2026-08-30,Via Pratiwi ternak sendiri kak..mane f1 kirim keaku ouy hi,Fadhli Text,2026-09-01,keyword:flu burung
1382848480691915,https://www.facebook.com/photo?fbid=1382848480691915&set=a.116095714033871,,2026-08-30,Belikah vaksin ngak obat2nye jok,Tri Supriyono,2026-09-01,keyword:flu burung
1382848480691915,https://www.facebook.com/photo?fbid=1382848480691915&set=a.116095714033871,,2026-08-30,Tri Supriyono lah kehas jok,Fadhli Text,2026-09-01,keyword:flu burung
1382848480691915,https://www.facebook.com/photo?fbid=1382848480691915&set=a.116095714033871,,2026-08-30,dok sayang pule,Ahmad Riyansa Iyan,2026-09-01,keyword:flu burung
1382848480691915,https://www.facebook.com/photo?fbid=1382848480691915&set=a.116095714033871,,2026-08-30,Ahmad Riyansa Iyan au jok cakar lagi,Fadhli Text,2026-09-01,keyword:flu burung
1382848480691915,https://www.facebook.com/photo?fbid=1382848480691915&set=a.116095714033871,,2026-08-31,Nak taqzia dikde li,AryAn Syah,2026-09-01,keyword:flu burung
2158278001791591,https://www.facebook.com/photo?fbid=2158278001791591&set=gm.1976350863063916,,2026-08-18,Area mna bos?,Sams Sams,2026-09-01,keyword:flu burung
2158278001791591,https://www.facebook.com/photo?fbid=2158278001791591&set=gm.1976350863063916,,2026-08-18,Sams Sams cisoka,Sugiarto Jabbar,2026-09-01,keyword:flu burung
2158278001791591,https://www.facebook.com/photo?fbid=2158278001791591&set=gm.1976350863063916,,2026-08-18,Up,Muhammad Ramadhan,2026-09-01,keyword:flu burung
2158278001791591,https://www.facebook.com/photo?fbid=2158278001791591&set=gm.1976350863063916,,2026-08-18,Newcastle Disease,Putra Perdana M,2026-09-01,keyword:flu burung
2158278001791591,https://www.facebook.com/photo?fbid=2158278001791591&set=gm.1976350863063916,,2026-08-18,Sama ayam ku juga pada mati setiap hari. 3 4 setiap hari,Renho Bagas Koro,2026-09-01,keyword:flu burung
2158278001791591,https://www.facebook.com/photo?fbid=2158278001791591&set=gm.1976350863063916,,2026-08-18,Vaksin pas terkena sakit atau sebelum?,Nurseto Giri,2026-09-01,keyword:flu burung
2158278001791591,https://www.facebook.com/photo?fbid=2158278001791591&set=gm.1976350863063916,,2026-08-18,All daerah mana ni mas bro,Bang Reg,2026-09-01,keyword:flu burung
2158278001791591,https://www.facebook.com/photo?fbid=2158278001791591&set=gm.1976350863063916,,2026-08-18,"All kalau saya biasanya maksimal 2 bulan harus di vaksin lagi..dan pakan selalu saya campur sama jamu bubuk yg beli di toko Oren.. pakai air panas diaduk baru campur sama pakan.. sekiranya ada ayam yg makannya kurang lahap dan sedikit lesu langsung pisah kasih obat..sembuh Alhamdulillah kalaupun lewat ya gapapa, setidaknya memperkecil angka kematian pada ayam..",Winy'Maniz Dapp Routth,2026-09-01,keyword:flu burung
2158278001791591,https://www.facebook.com/photo?fbid=2158278001791591&set=gm.1976350863063916,,2026-08-18,Nurseto Giri sebelumnya sudah divaksin tpi dah 4 bln yg lalu eh sekarang kena penyakit langsung divaksin yg ayam sehat2 aja,Sugiarto Jabbar,2026-09-01,keyword:flu burung
2158278001791591,https://www.facebook.com/photo?fbid=2158278001791591&set=gm.1976350863063916,,2026-08-18,Pakai vaksin apa?,Nurseto Giri,2026-09-01,keyword:flu burung
2158278001791591,https://www.facebook.com/photo?fbid=2158278001791591&set=gm.1976350863063916,,2026-08-18,Nurseto Giri nd ai,Sugiarto Jabbar,2026-09-01,keyword:flu burung
2158278001791591,https://www.facebook.com/photo?fbid=2158278001791591&set=gm.1976350863063916,,2026-08-18,Pagi loloh cacahan bawang putih + cefadroxyl syrup mix pimtracol syrup jadikan satu tanpa penambahan air putih ( pimtracol syrup masukkan ke cefadroxyl syrup kocok jadi satu dosis pemberian 2x3ml) .. Menu utama 511 kering,T Dodi P,2026-09-01,keyword:flu burung
2158278001791591,https://www.facebook.com/photo?fbid=2158278001791591&set=gm.1976350863063916,,2026-08-18,T Dodi P ok siap dicoba,Sugiarto Jabbar,2026-09-01,keyword:flu burung
2158278001791591,https://www.facebook.com/photo?fbid=2158278001791591&set=gm.1976350863063916,,2026-08-18,"Kandang di sterilkan, pisah yang masih hidup, kandang di asap pakai tepes kelapa!!!",Muh Mukhlisin,2026-09-01,keyword:flu burung
2158278001791591,https://www.facebook.com/photo?fbid=2158278001791591&set=gm.1976350863063916,,2026-08-18,"Muh Mukhlisin udh om, pke blarak pisang dan pke wipol",Sugiarto Jabbar,2026-09-01,keyword:flu burung
2158278001791591,https://www.facebook.com/photo?fbid=2158278001791591&set=gm.1976350863063916,,2026-08-18,Flu burung tidak ada obatnya!!! Klo ayam sakit sembelih aja,Muh Mukhlisin,2026-09-01,keyword:flu burung
2158278001791591,https://www.facebook.com/photo?fbid=2158278001791591&set=gm.1976350863063916,,2026-08-18,Muh Mukhlisin ya om itu juga yg sakit pda dipotong langsung di dlm tanah,Sugiarto Jabbar,2026-09-01,keyword:flu burung
2158278001791591,https://www.facebook.com/photo?fbid=2158278001791591&set=gm.1976350863063916,,2026-08-18,Tidak bisa di obat,Anto Sayur Lombok,2026-09-01,keyword:flu burung
2158278001791591,https://www.facebook.com/photo?fbid=2158278001791591&set=gm.1976350863063916,,2026-08-18,Ayam saya jga habis bang tinggal yang kecil2,Paramita Ardya,2026-09-01,keyword:flu burung
2158278001791591,https://www.facebook.com/photo?fbid=2158278001791591&set=gm.1976350863063916,,2026-08-18,"Paramita Ardya ya om pusing klo dah pda mati gnh, dah hbs pur saya mna trah bagus2",Sugiarto Jabbar,2026-09-01,keyword:flu burung
2158278001791591,https://www.facebook.com/photo?fbid=2158278001791591&set=gm.1976350863063916,,2026-08-18,Terserang fluburung,Salshabila Dhienda,2026-09-01,keyword:flu burung
2158278001791591,https://www.facebook.com/photo?fbid=2158278001791591&set=gm.1976350863063916,,2026-08-18,Salshabila Dhienda ya bang,Sugiarto Jabbar,2026-09-01,keyword:flu burung
2158278001791591,https://www.facebook.com/photo?fbid=2158278001791591&set=gm.1976350863063916,,2026-08-18,"Husahakan kita peternak jangan sampai kosong stok obat herbal ( jamu) , ayam saya sudah lumpu lemas sudah tidak ada harapan lagi setelah saya kasih jamu buat sendiri, Alhamdulillah masih bisa di selamatkan, tampah mengandalkan obat kemasan , ada kok video reels nya",Ulang Ulang,2026-09-01,keyword:flu burung
2158278001791591,https://www.facebook.com/photo?fbid=2158278001791591&set=gm.1976350863063916,,2026-08-18,Ulang Ulang boleh spilkan jamu nya mas,Sugiarto Jabbar,2026-09-01,keyword:flu burung
2158278001791591,https://www.facebook.com/photo?fbid=2158278001791591&set=gm.1976350863063916,,2026-08-18,"Pencegahan lbh baik ,tp kalo sudah terlanjur kena minimal lbh pokus pada yg msh sehat kasih premix (suplemen ) dan gula (aren lbh baik) yg sakit kalo d potong darah dan air cucian nya akan jd media penyebaran yg sangat cepat",Tati Umiati,2026-09-01,keyword:flu burung
2158278001791591,https://www.facebook.com/photo?fbid=2158278001791591&set=gm.1976350863063916,,2026-08-18,sintik tysinol mkan nya pisang masak selain itu obat paramex 1 biji bagi 5 paracetamol bgtu juga kasih pagi sore minum los,Rama,2026-09-01,keyword:flu burung
2158278001791591,https://www.facebook.com/photo?fbid=2158278001791591&set=gm.1976350863063916,,2026-08-18,Rama siap makasih arahannya tak coba nanti,Sugiarto Jabbar,2026-09-01,keyword:flu burung
2158278001791591,https://www.facebook.com/photo?fbid=2158278001791591&set=gm.1976350863063916,,2026-08-18,"Coba ini"" Pernah Coba Obat yang Tidak Semestinya tapi Sehat"" Kandang Rutin Semprot1-3X deminggu (aku Biasa Pakai WIPOL 1 sacet Harga 10K X air 1 ember/timba)",Dimas Aya,2026-09-01,keyword:flu burung
2158278001791591,https://www.facebook.com/photo?fbid=2158278001791591&set=gm.1976350863063916,,2026-08-18,Dimas Aya siap dicoba nanti,Sugiarto Jabbar,2026-09-01,keyword:flu burung
2158278001791591,https://www.facebook.com/photo?fbid=2158278001791591&set=gm.1976350863063916,,2026-08-18,Wipol digmnain,Adi Sulaiman,2026-09-01,keyword:flu burung
877536005181274,https://www.facebook.com/photo?fbid=877536005181274&set=a.365814579686755,@Konten ini tidak tersedia saat ini,2026-01-20,terimakasih atas supportnya salam SKSD https://www.facebook.com/sumedang.grape.../subscribenow...,Dedi Hidayat,2026-09-01,keyword:flu burung
877536005181274,https://www.facebook.com/photo?fbid=877536005181274&set=a.365814579686755,@Konten ini tidak tersedia saat ini,2026-01-20,virus ini pernah viral bang,Kang Paket,2026-09-01,keyword:flu burung
877536005181274,https://www.facebook.com/photo?fbid=877536005181274&set=a.365814579686755,@Konten ini tidak tersedia saat ini,2026-01-20,Slm sehobi,Bang Yoss,2026-09-01,keyword:flu burung
877536005181274,https://www.facebook.com/photo?fbid=877536005181274&set=a.365814579686755,@Konten ini tidak tersedia saat ini,2026-01-20,Selamat sore,Arjun Je,2026-09-01,keyword:flu burung
877536005181274,https://www.facebook.com/photo?fbid=877536005181274&set=a.365814579686755,@Konten ini tidak tersedia saat ini,2026-01-20,Wabah paling di takuti peternak,Jenz Poetrasullung,2026-09-01,keyword:flu burung
877536005181274,https://www.facebook.com/photo?fbid=877536005181274&set=a.365814579686755,@Konten ini tidak tersedia saat ini,2026-01-20,Makasi edukasinya,Wenx Junior Junior,2026-09-01,keyword:flu burung
877536005181274,https://www.facebook.com/photo?fbid=877536005181274&set=a.365814579686755,@Konten ini tidak tersedia saat ini,2026-01-20,Selamat sore om,Irman Beka Pakhoy,2026-09-01,keyword:flu burung
877536005181274,https://www.facebook.com/photo?fbid=877536005181274&set=a.365814579686755,@Konten ini tidak tersedia saat ini,2026-01-20,Joss bossqu,Idris Fram,2026-09-01,keyword:flu burung
877536005181274,https://www.facebook.com/photo?fbid=877536005181274&set=a.365814579686755,@Konten ini tidak tersedia saat ini,2026-01-20,"Selamat sore abang ku, terimakasih penjelasan nya",Risdianto An,2026-09-01,keyword:flu burung
877536005181274,https://www.facebook.com/photo?fbid=877536005181274&set=a.365814579686755,@Konten ini tidak tersedia saat ini,2026-01-20,mang,Mulyadi Mul,2026-09-01,keyword:flu burung
877536005181274,https://www.facebook.com/photo?fbid=877536005181274&set=a.365814579686755,@Konten ini tidak tersedia saat ini,2026-01-20,Mantap om bos,Mawar Biru Rooster,2026-09-01,keyword:flu burung
877536005181274,https://www.facebook.com/photo?fbid=877536005181274&set=a.365814579686755,@Konten ini tidak tersedia saat ini,2026-01-20,semoga semuanya terhindar dari flu burung,Kandang DL Nanggulan,2026-09-01,keyword:flu burung
877536005181274,https://www.facebook.com/photo?fbid=877536005181274&set=a.365814579686755,@Konten ini tidak tersedia saat ini,2026-01-20,Rekomendasi bosku,Ar'rayan Gnk,2026-09-01,keyword:flu burung
877536005181274,https://www.facebook.com/photo?fbid=877536005181274&set=a.365814579686755,@Konten ini tidak tersedia saat ini,2026-01-20,Semangatt bosku,Buedii Divenu,2026-09-01,keyword:flu burung
877536005181274,https://www.facebook.com/photo?fbid=877536005181274&set=a.365814579686755,@Konten ini tidak tersedia saat ini,2026-01-20,Selamat malam abgku,Sendal Jepit,2026-09-01,keyword:flu burung
877536005181274,https://www.facebook.com/photo?fbid=877536005181274&set=a.365814579686755,@Konten ini tidak tersedia saat ini,2026-01-20,Ilmu yang bermanfaat,Kandang Kroya,2026-09-01,keyword:flu burung
877536005181274,https://www.facebook.com/photo?fbid=877536005181274&set=a.365814579686755,@Konten ini tidak tersedia saat ini,2026-01-20,Itu yang paling ditakuti peternak,Rusly Sada,2026-09-01,keyword:flu burung
877536005181274,https://www.facebook.com/photo?fbid=877536005181274&set=a.365814579686755,@Konten ini tidak tersedia saat ini,2026-01-20,lagi musim baang cuaca dingin,KinG's Rooster,2026-09-01,keyword:flu burung
877536005181274,https://www.facebook.com/photo?fbid=877536005181274&set=a.365814579686755,@Konten ini tidak tersedia saat ini,2026-01-20,Menyimak,Zasa Ucil,2026-09-01,keyword:flu burung
877536005181274,https://www.facebook.com/photo?fbid=877536005181274&set=a.365814579686755,@Konten ini tidak tersedia saat ini,2026-01-20,Tipsnya donk bang biar gag kena flue burung,Berkebun Buah,2026-09-01,keyword:flu burung
877536005181274,https://www.facebook.com/photo?fbid=877536005181274&set=a.365814579686755,@Konten ini tidak tersedia saat ini,2026-01-20,Semoga sehat terus ternaknya ms,Sunu Harimarta,2026-09-01,keyword:flu burung
877536005181274,https://www.facebook.com/photo?fbid=877536005181274&set=a.365814579686755,@Konten ini tidak tersedia saat ini,2026-01-20,Mantapp paman,Kandang Nakemusa Probolinggo,2026-09-01,keyword:flu burung
877536005181274,https://www.facebook.com/photo?fbid=877536005181274&set=a.365814579686755,@Konten ini tidak tersedia saat ini,2026-01-20,Manfaat boski,Rian Tgf,2026-09-01,keyword:flu burung
877536005181274,https://www.facebook.com/photo?fbid=877536005181274&set=a.365814579686755,@Konten ini tidak tersedia saat ini,2026-01-20,Mewah ketua,Kandang Doser Jr.,2026-09-01,keyword:flu burung
877536005181274,https://www.facebook.com/photo?fbid=877536005181274&set=a.365814579686755,@Konten ini tidak tersedia saat ini,2026-01-20,Waduh,Kokok.30,2026-09-01,keyword:flu burung
877536005181274,https://www.facebook.com/photo?fbid=877536005181274&set=a.365814579686755,@Konten ini tidak tersedia saat ini,2026-01-20,Mantap tiap hari mendapat ilmu mengenai mengatasi penyakit Ayam. Semoga ada manfaatnya.,Dade Dadu,2026-09-01,keyword:flu burung
877536005181274,https://www.facebook.com/photo?fbid=877536005181274&set=a.365814579686755,@Konten ini tidak tersedia saat ini,2026-01-20,Kalo udah kena auto habis ya ketua,Bang Ter,2026-09-01,keyword:flu burung
877536005181274,https://www.facebook.com/photo?fbid=877536005181274&set=a.365814579686755,@Konten ini tidak tersedia saat ini,2026-01-20,Hadir,Ledeng Ledeng,2026-09-01,keyword:flu burung
877536005181274,https://www.facebook.com/photo?fbid=877536005181274&set=a.365814579686755,@Konten ini tidak tersedia saat ini,2026-01-20,Tetap semangat kawanku,Pranakan Cisalak,2026-09-01,keyword:flu burung
877536005181274,https://www.facebook.com/photo?fbid=877536005181274&set=a.365814579686755,@Konten ini tidak tersedia saat ini,2026-01-20,Selamat mlm om,Irman Pakhoy,2026-09-01,keyword:flu burung
122212590662516943,https://www.facebook.com/photo?fbid=122212590662516943&set=a.122093389178516943,,2026-08-25,,Kittipong Arjwichian,2026-09-01,keyword:ไข้หวัดนก
122212590662516943,https://www.facebook.com/photo?fbid=122212590662516943&set=a.122093389178516943,,2026-08-25,,อนุชิต ตุ้มผลา,2026-09-01,keyword:ไข้หวัดนก
1421511756676310,https://www.facebook.com/photo?fbid=1421511756676310&set=a.309744491186381,,2026-04-21,ขอบคุณค่ะ,สุชีลา พูลเจริญ,2026-09-01,keyword:ไข้หวัดนก
1390997219711148,https://www.facebook.com/photo?fbid=1390997219711148&set=a.445839427560270,@ป้องกันนก ไล่นกพิราบ - Bird Proof (เบิร์ดพรูฟ),2026-05-19,"#งานติดตั้งตาข่ายกันนก กันนกได้ผล
% ขอบพระคุณลูกค้าที่ไว้วางใจครับ • “เบิร์ดพรูฟ” ให้บริการงานป้องกันนก ตาข่ายกันนก หนามกันนก พร้อมทำความสะอาดมูลนกก่อนและหลังติดตั้งอุปกรณ์ ยินดีให้คำปรึกษาครับ สอบถามเพิ่มเติม l contact us website : https://www.birdproofcompany.com inbox fb : m.me/Birdproofป้องกันนกไล่นกพิราบ instagram : instagram.com/birdproofcompany line official : https://lin.ee/bhqX2Nj : 0804584566 #เบิร์ดพรูฟ #งานป้องกันนก #รับติดตั้งงานกันนก #ตาข่ายกันนก #หนามกันนก #ตาข่ายคอนโด #ปัญหานกพิราบ #ไล่นกพิราบ #วิธีไล่นก #อันตรายจากมูลนก #ภัยจากนกพิราบ #ไข้หวัดนก",Bird Proof ป้องกันนก ไล่นกพิราบ,2026-09-01,keyword:ไข้หวัดนก
1390997219711148,https://www.facebook.com/photo?fbid=1390997219711148&set=a.445839427560270,@ป้องกันนก ไล่นกพิราบ - Bird Proof (เบิร์ดพรูฟ),2026-05-19,,Bird Proof ป้องกันนก ไล่นกพิราบ,2026-09-01,keyword:ไข้หวัดนก
1390997219711148,https://www.facebook.com/photo?fbid=1390997219711148&set=a.445839427560270,@ป้องกันนก ไล่นกพิราบ - Bird Proof (เบิร์ดพรูฟ),2026-08-28,สอยถามราคา,Saichol Prongchan,2026-09-01,keyword:ไข้หวัดนก
2876740332690208,https://www.facebook.com/photo?fbid=2876739222690319&set=pcb.2876740332690208,,2026-08-25,มีขายมั้ยคับ. ชื้อทีไหนคับ,วันชัย จันโสดา,2026-09-01,keyword:ไข้หวัดนก
2876740332690208,https://www.facebook.com/photo?fbid=2876739222690319&set=pcb.2876740332690208,,2026-08-25,วันชัย จันโสดา มีครับ,อู๋ ซุ้ม พรสวรรค์,2026-09-01,keyword:ไข้หวัดนก
2876740332690208,https://www.facebook.com/photo?fbid=2876739222690319&set=pcb.2876740332690208,,,อู๋ ซุ้ม พรสวรรค์ ขอเบอร์ติดต่อหน่อยคับ. สนใจจะสั่งคับ,,2026-09-01,keyword:ไข้หวัดนก
2876740332690208,https://www.facebook.com/photo?fbid=2876739222690319&set=pcb.2876740332690208,,2026-08-25,,จักริน ตันติประภา,2026-09-01,keyword:ไข้หวัดนก
2876740332690208,https://www.facebook.com/photo?fbid=2876739222690319&set=pcb.2876740332690208,,2026-08-25,,ทศพล บัวตะคุ,2026-09-01,keyword:ไข้หวัดนก
2876740332690208,https://www.facebook.com/photo?fbid=2876739222690319&set=pcb.2876740332690208,,2026-08-25,,นอย โคราช จิรเดช,2026-09-01,keyword:ไข้หวัดนก
2876740332690208,https://www.facebook.com/photo?fbid=2876739222690319&set=pcb.2876740332690208,,2026-08-25,,สกุลลักษณ์ นาแก้า,2026-09-01,keyword:ไข้หวัดนก
1326737336333761,https://www.facebook.com/photo?fbid=1326737336333761&set=a.557818169892352,,2026-05-26,,กรมศุลกากร : The Customs Department,2026-09-01,keyword:ไข้หวัดนก
1326737336333761,https://www.facebook.com/photo?fbid=1326737336333761&set=a.557818169892352,,2026-05-26,แล้วมีมาตรการอย่างไรกับผู้นำเข้าแต่ละเคสที่จับได้บ้าง ขยายผลยังไง น่าจะนำมาลงให้ทราบด้วยน๊ะครับ,Daanthrai Twewuttichanont,2026-09-01,keyword:ไข้หวัดนก
4556528084633527,https://www.facebook.com/photo?fbid=4556528084633527&set=a.1403221726630861,,2026-04-14,เคย ตาย,ยศวีร์ รักใคร่,2026-09-01,keyword:ไข้หวัดนก
4556528084633527,https://www.facebook.com/photo?fbid=4556528084633527&set=a.1403221726630861,,2026-04-14,แยกตัวดี ออก ไปขังที่อื่น ให้กิน แอนตี้ไวรัส ละลายนํ้ากรอกปาก,ยศวีร์ รักใคร่,2026-09-01,keyword:ไข้หวัดนก
4556528084633527,https://www.facebook.com/photo?fbid=4556528084633527&set=a.1403221726630861,,2026-04-14,ไก่ป่วยตายรึครับพีหมอ,นิติศาสตร์ ศิริโชค,2026-09-01,keyword:ไข้หวัดนก
4556528084633527,https://www.facebook.com/photo?fbid=4556528084633527&set=a.1403221726630861,,2026-04-14,นิติศาสตร์ ศิริโชค รูปเก่า,ยศวีร์ รักใคร่,2026-09-01,keyword:ไข้หวัดนก
4556528084633527,https://www.facebook.com/photo?fbid=4556528084633527&set=a.1403221726630861,,2026-04-14,ของผมก็ตายเป็น10ครับพี่พรุ่งนี้ก็น่าจะตายเพิ่มอีก,นุชา พ่อบักหำน้อย  เอ็มเจ,2026-09-01,keyword:ไข้หวัดนก
122119482603179740,https://www.facebook.com/photo?fbid=122119482525179740&set=pcb.122119482603179740,,2026-08-25,,Worawit Khongkhawari,2026-09-01,keyword:ไข้หวัดนก
122119482603179740,https://www.facebook.com/photo?fbid=122119482525179740&set=pcb.122119482603179740,,2026-08-25,,โยธกาฟาร์ม,2026-09-01,keyword:ไข้หวัดนก
122119482603179740,https://www.facebook.com/photo?fbid=122119482525179740&set=pcb.122119482603179740,,2026-08-25,ซื้อจากไหนครับ อยากได้บ้างคับ,ตื่นเที่ยง เลี้ยงไก่,2026-09-01,keyword:ไข้หวัดนก
122119482603179740,https://www.facebook.com/photo?fbid=122119482525179740&set=pcb.122119482603179740,,2026-08-27,คนนี้ครับ,โยธกาฟาร์ม,2026-09-01,keyword:ไข้หวัดนก
122119482603179740,https://www.facebook.com/photo?fbid=122119482525179740&set=pcb.122119482603179740,,2026-08-26,วัคซีนไข้หวัดนกชุดเท่าไหร่ครับ,Jkp Farm,2026-09-01,keyword:ไข้หวัดนก
122119482603179740,https://www.facebook.com/photo?fbid=122119482525179740&set=pcb.122119482603179740,,2026-08-27,Jkp Farm คนนี้ครับ,โยธกาฟาร์ม,2026-09-01,keyword:ไข้หวัดนก
28699719716307911,https://www.facebook.com/photo?fbid=28699708009642415&set=pcb.28699719716307911,,2026-08-27,"S𝐮𝐩𝐞r b𝐚𝐠u𝐬 
𝐒𝐔𝐌𝐁𝐔𝐓𝐎𝐆𝐄𝐋",Apon Chowdhury,2026-09-01,keyword:ไข้หวัดนก
28699719716307911,https://www.facebook.com/photo?fbid=28699708009642415&set=pcb.28699719716307911,,2026-09-01,"PROMO TERBARU — BONUS SLOT 100% 
 𝑺 𝑳 𝑶 𝑻 𝑮 𝑨 𝑪 𝑶 𝑹 𝐌 𝐀 𝐇 𝐀 𝐒 𝐏 𝐈 𝐍",swan.7665706546,2026-09-01,keyword:ไข้หวัดนก
28699719716307911,https://www.facebook.com/photo?fbid=28699708009642415&set=pcb.28699719716307911,,2026-09-01,"𝐌 𝐀 𝐇 𝐀 𝐒 𝐏 𝐈 𝐍 
 PROMO SPESIAL — BONUS SLOT 100%",nina._bliss75,2026-09-01,keyword:ไข้หวัดนก
28699719716307911,https://www.facebook.com/photo?fbid=28699708009642415&set=pcb.28699719716307911,,2026-08-27,"สวยงามมาก
 
 𝐝𝐢𝐤𝐚𝐬𝐢𝐡 𝐭𝐞𝐫𝐮𝐬 𝐤𝐞𝐫𝐞𝐧 𝐬𝐞𝐤𝐚𝐥𝐢 𝐉𝐚𝐲𝐚 𝐬𝐞𝐥𝐚𝐥𝐮 . #𝐒𝐔𝐌𝐁𝐔𝐓𝐎𝐆𝐄𝐋",Júlio César,2026-09-01,keyword:ไข้หวัดนก
28699719716307911,https://www.facebook.com/photo?fbid=28699708009642415&set=pcb.28699719716307911,,2026-08-27,"𝐒𝐮𝐩𝐞𝐫 𝐛𝐚𝐠𝐮𝐬 
𝐒𝐔𝐌𝐁𝐔𝐓𝐎𝐆𝐄𝐋",Mitzi Hernandez,2026-09-01,keyword:ไข้หวัดนก
28699719716307911,https://www.facebook.com/photo?fbid=28699708009642415&set=pcb.28699719716307911,,2026-08-27,"𝐒𝐔𝐏𝐄𝐑 𝐁𝐀𝐆𝐔𝐒 
#𝐒𝐔𝐌𝐁𝐔𝐓𝐎𝐆𝐄𝐋
 𝐒𝐄𝐌𝐎𝐆𝐀 𝐑𝐄𝐉𝐄𝐊𝐈𝐍𝐘𝐀 𝐍𝐔𝐋𝐀𝐑 𝐁𝐎𝐒",Rodolfo De Lara,2026-09-01,keyword:ไข้หวัดนก
28699719716307911,https://www.facebook.com/photo?fbid=28699708009642415&set=pcb.28699719716307911,,2026-08-27,"𝙎𝙪𝙥𝙚𝙧 𝘾𝙖𝙣𝙩𝙞𝙠 
𝐒𝐔𝐌𝐁𝐔𝐓𝐎𝐆𝐄𝐋",Anuyarul Haque,2026-09-01,keyword:ไข้หวัดนก
28699719716307911,https://www.facebook.com/photo?fbid=28699708009642415&set=pcb.28699719716307911,,2026-08-27,"𝙎𝙪𝙥𝙚𝙧 𝙗𝙖𝙜𝙪𝙨 
𝐒𝐔𝐌𝐁𝐔𝐓𝐎𝐆𝐄𝐋",Israel Olvera,2026-09-01,keyword:ไข้หวัดนก
28699719716307911,https://www.facebook.com/photo?fbid=28699708009642415&set=pcb.28699719716307911,,2026-08-27,"𝗦𝘂𝗽𝗲𝗿 𝗯𝗮𝗴𝘂𝘀 
𝗦𝗨𝗠𝗕𝗨𝗧𝗢𝗚𝗘𝗟",Samara Enaldo,2026-09-01,keyword:ไข้หวัดนก
28699719716307911,https://www.facebook.com/photo?fbid=28699708009642415&set=pcb.28699719716307911,,2026-08-27,"𝕊𝕦𝕡𝕖𝕣 𝕓𝕒𝕘𝕦𝕤
𝐒𝐔𝐌𝐁𝐔𝐓𝐎𝐆𝐄𝐋",Daniela Soria,2026-09-01,keyword:ไข้หวัดนก
28699719716307911,https://www.facebook.com/photo?fbid=28699708009642415&set=pcb.28699719716307911,,2026-08-27,"𝔖𝐮𝐩𝐞𝐫 𝐛𝐚𝐠𝐮𝐬 
𝐒𝐔𝐌𝐁𝐔𝐓𝐎𝐆𝐄𝐋",Inam Khan Swabi,2026-09-01,keyword:ไข้หวัดนก
28699719716307911,https://www.facebook.com/photo?fbid=28699708009642415&set=pcb.28699719716307911,,2026-08-27,"S𝐮𝐩𝐞r 𝐛a𝐠𝐮s
𝐒𝐔𝐌𝐁𝐔𝐓𝐎𝐆𝐄𝐋",Mun's Mun,2026-09-01,keyword:ไข้หวัดนก
1367078528938220,https://www.facebook.com/photo?fbid=1367078528938220&set=a.130428332603252,,2026-08-18,ห่าลงครับแนวนี้,Nut Noi,2026-09-01,keyword:ไข้หวัดนก
1367078528938220,https://www.facebook.com/photo?fbid=1367078528938220&set=a.130428332603252,,2026-08-18,Nut Noi ครับผม,ควายไทย ไก่เก่ง,2026-09-01,keyword:ไข้หวัดนก
1367078528938220,https://www.facebook.com/photo?fbid=1367078528938220&set=a.130428332603252,,2026-08-18,ห่าคักๆ,เพชรบ้านนา นักล่าเดิมพัน,2026-09-01,keyword:ไข้หวัดนก
1367078528938220,https://www.facebook.com/photo?fbid=1367078528938220&set=a.130428332603252,,2026-08-18,เพชรบ้านนา นักล่าเดิมพัน คนล่ะอย่างพ่อ,ควายไทย ไก่เก่ง,2026-09-01,keyword:ไข้หวัดนก
1367078528938220,https://www.facebook.com/photo?fbid=1367078528938220&set=a.130428332603252,,,ควายไทย ไก่เก่ง จ้า,,2026-09-01,keyword:ไข้หวัดนก
1367078528938220,https://www.facebook.com/photo?fbid=1367078528938220&set=a.130428332603252,,2026-08-18,คือกลับมาเป็นอีกครับพี่,คนธรรมดา ไม่ใช่ผู้วิเศษ,2026-09-01,keyword:ไข้หวัดนก
1367078528938220,https://www.facebook.com/photo?fbid=1367078528938220&set=a.130428332603252,,2026-08-18,คนธรรมดา ไม่ใช่ผู้วิเศษ เห็นในเนตครับ เลยเอามาลงเป็นความรู้ให้กับมือใหม่ครับ,ควายไทย ไก่เก่ง,2026-09-01,keyword:ไข้หวัดนก
1367078528938220,https://www.facebook.com/photo?fbid=1367078528938220&set=a.130428332603252,,,อ่อครับผม,,2026-09-01,keyword:ไข้หวัดนก
1367078528938220,https://www.facebook.com/photo?fbid=1367078528938220&set=a.130428332603252,,2026-08-18,ของผมกะเปนแบบนีัครับ ตุยระหง่อนดำหน้า ดำกะเพาะย่อยบ่หมดสองคืน,Thanachai Kaewsalee,2026-09-01,keyword:ไข้หวัดนก
1367078528938220,https://www.facebook.com/photo?fbid=1367078528938220&set=a.130428332603252,,2026-08-18,Thanachai Kaewsalee หน้าบวมเลือดไหลออกครับชัดเลย,ควายไทย ไก่เก่ง,2026-09-01,keyword:ไข้หวัดนก
1367078528938220,https://www.facebook.com/photo?fbid=1367078528938220&set=a.130428332603252,,,ของผมบ้ทันไหลครับตอนตาย หง่อนดำ หน้าดำ,,2026-09-01,keyword:ไข้หวัดนก
1367078528938220,https://www.facebook.com/photo?fbid=1367078528938220&set=a.130428332603252,,,Thanachai Kaewsalee ครับผม,,2026-09-01,keyword:ไข้หวัดนก
122109820167333679,https://www.facebook.com/photo?fbid=122109820167333679&set=gm.4320105571584904,,2026-07-28,Bao nhiêu tiền vậy shop,Tuong Dao,2026-09-01,keyword:cúm gia cầm
122109820167333679,https://www.facebook.com/photo?fbid=122109820167333679&set=gm.4320105571584904,,2026-07-28,Tuong Dao dạ bác check ib e nhé,Hệ thống thuốc thú y Lam Lực,2026-09-01,keyword:cúm gia cầm
122109820167333679,https://www.facebook.com/photo?fbid=122109820167333679&set=gm.4320105571584904,,2026-07-28,Tuong Dao 530k/chai 500ml ạ 300k / chai 250mh ạ,Hệ thống thuốc thú y Lam Lực,2026-09-01,keyword:cúm gia cầm
122109820167333679,https://www.facebook.com/photo?fbid=122109820167333679&set=gm.4320105571584904,,2026-07-28,Có sip xa ko,Phuong Phuong,2026-09-01,keyword:cúm gia cầm
122109820167333679,https://www.facebook.com/photo?fbid=122109820167333679&set=gm.4320105571584904,,2026-07-28,c ở đâu vậy c,Hệ thống thuốc thú y Lam Lực,2026-09-01,keyword:cúm gia cầm
122109820167333679,https://www.facebook.com/photo?fbid=122109820167333679&set=gm.4320105571584904,,2026-07-28,Shop ở đâu ạ,An Nhiên,2026-09-01,keyword:cúm gia cầm
122109820167333679,https://www.facebook.com/photo?fbid=122109820167333679&set=gm.4320105571584904,,2026-07-28,Da bên e co 2 cửa hàng Cs1 : Thôn Giang -Ứng Thien - Hà Nội Cs2 : Đức Nhuận-Việt Vương- Hưng Yên ạ Chị ở đâu vậy ạ . bên e co giao hàng tận nơi c nhé. c quan tâm ib e tư vấn cụ thể,Hệ thống thuốc thú y Lam Lực,2026-09-01,keyword:cúm gia cầm
122109820167333679,https://www.facebook.com/photo?fbid=122109820167333679&set=gm.4320105571584904,,2026-07-28,Hệ thống thuốc thú y Lam Lực m Ở thái nguyên,,2026-09-01,keyword:cúm gia cầm
122109820167333679,https://www.facebook.com/photo?fbid=122109820167333679&set=gm.4320105571584904,,2026-07-28,Cơ sở 1 gủi m Địa chỉ,An Nhiên,2026-09-01,keyword:cúm gia cầm
122109820167333679,https://www.facebook.com/photo?fbid=122109820167333679&set=gm.4320105571584904,,2026-07-28,c ib e nhe,,2026-09-01,keyword:cúm gia cầm
122132819499148965,https://www.facebook.com/photo?fbid=122132818635148965&set=pcb.122132819499148965,,2026-08-04,https://tamhop.nghean.gov.vn/.../huong-dan-phong-chong...,Trung Tâm Cung Ứng Dịch Vụ Công Xã Tam Hợp,2026-09-01,keyword:cúm gia cầm
122132819499148965,https://www.facebook.com/photo?fbid=122132818635148965&set=pcb.122132819499148965,,2026-08-04,,Phuong Anh,2026-09-01,keyword:cúm gia cầm
122132819499148965,https://www.facebook.com/photo?fbid=122132818635148965&set=pcb.122132819499148965,,2026-08-04,,Minh Nguyệt,2026-09-01,keyword:cúm gia cầm
122132819499148965,https://www.facebook.com/photo?fbid=122132818635148965&set=pcb.122132819499148965,,2026-08-04,,Dvc Tam Hợp,2026-09-01,keyword:cúm gia cầm
1542825191088444,https://www.facebook.com/photo?fbid=1542825191088444&set=a.486701226700851,,2026-07-07,,Phuongphuong Le,2026-09-01,keyword:cúm gia cầm
1502952165203423,https://www.facebook.com/photo?fbid=1502952101870096&set=pcb.1502952165203423,,2026-08-30,Milo Thuyhang nè,Angela Nguyen,2026-09-01,keyword:cúm gia cầm
1502952165203423,https://www.facebook.com/photo?fbid=1502952101870096&set=pcb.1502952165203423,,2026-08-30,"Angela Nguyen dạ, nhờ vậy chị em mình bén duyên nhau",Milo Thuyhang,2026-09-01,keyword:cúm gia cầm
1502952165203423,https://www.facebook.com/photo?fbid=1502952101870096&set=pcb.1502952165203423,,,Milo Thuyhang,,2026-09-01,keyword:cúm gia cầm
4478949088987969,https://www.facebook.com/photo?fbid=4478949088987969&set=gm.1555984629544355,,2026-08-18,Lưu ý tái đàn sau cúm.,Trọng Vũ Huy,2026-09-01,keyword:cúm gia cầm
1014076504824908,https://www.facebook.com/photo?fbid=1014078444824714&set=pcb.1014076504824908,,2026-09-01,"𝕊𝕦𝕡𝕖𝕣 𝕓𝕒𝕘𝕦𝕤 
𝐒𝐔𝐌𝐁𝐔𝐓𝐎𝐆𝐄𝐋",Floren Enriquez,2026-09-01,keyword:cúm gia cầm
1014076504824908,https://www.facebook.com/photo?fbid=1014078444824714&set=pcb.1014076504824908,,2026-09-01,"สว𝐒u𝐩𝐞𝐫 𝐛𝐚𝐠𝐮𝐬 
𝐒𝐔𝐌𝐁𝐔𝐓𝐎𝐆𝐄𝐋",SLsurjo Roy,2026-09-01,keyword:cúm gia cầm
1014076504824908,https://www.facebook.com/photo?fbid=1014078444824714&set=pcb.1014076504824908,,2026-09-01,"𝙎𝙪𝙥𝙚𝙧 𝘾𝙖𝙣𝙩𝙞𝙠 
𝐒𝐔𝐌𝐁𝐔𝐓𝐎𝐆𝐄𝐋",Quach Kỳ,2026-09-01,keyword:cúm gia cầm
1014076504824908,https://www.facebook.com/photo?fbid=1014078444824714&set=pcb.1014076504824908,,2026-09-01,"𝕾𝖚𝖕𝖊𝖗 𝕮𝖆𝖓𝖙𝖎𝖐 
𝐒𝐔𝐌𝐁𝐔𝐓𝐎𝐆𝐄𝐋",الموالي الصغير,2026-09-01,keyword:cúm gia cầm
1014076504824908,https://www.facebook.com/photo?fbid=1014078444824714&set=pcb.1014076504824908,,2026-09-01,"𝓢𝓾𝓹𝓮𝓻 𝓒𝓪𝓷𝓽𝓲𝓴
𝐒𝐔𝐌𝐁𝐔𝐓𝐎𝐆𝐄𝐋",Muhammad Mohiuddin,2026-09-01,keyword:cúm gia cầm
1014076504824908,https://www.facebook.com/photo?fbid=1014078444824714&set=pcb.1014076504824908,,2026-09-01,"𝙎𝙪𝙥𝙚𝙧 𝘾𝙖𝙣𝙩𝙞𝙠 
𝐒𝐔𝐌𝐁𝐔𝐓𝐎𝐆𝐄𝐋",Marine Pennec,2026-09-01,keyword:cúm gia cầm
1014076504824908,https://www.facebook.com/photo?fbid=1014078444824714&set=pcb.1014076504824908,,2026-09-01,"𝑆𝑢𝑝𝑒𝑟 𝑏𝑎𝑔𝑢s
𝐒𝐔𝐌𝐁𝐔𝐓𝐎𝐆𝐄𝐋",Faniriantsoa Fah,2026-09-01,keyword:cúm gia cầm
1014076504824908,https://www.facebook.com/photo?fbid=1014078444824714&set=pcb.1014076504824908,,2026-09-01,"𝕊𝕦𝕡𝕖𝕣 𝕓𝕒𝕘𝕦𝕤
𝐒𝐔𝐌𝐁𝐔𝐓𝐎𝐆𝐄𝐋",মন পাখি,2026-09-01,keyword:cúm gia cầm
1014076504824908,https://www.facebook.com/photo?fbid=1014078444824714&set=pcb.1014076504824908,,2026-09-01,"S𝐮𝐩𝐞r 𝐛a𝐠u𝐬 
𝐒𝐔𝐌𝐁𝐔𝐓𝐎𝐆𝐄𝐋",Razuu Vai,2026-09-01,keyword:cúm gia cầm
1014076504824908,https://www.facebook.com/photo?fbid=1014078444824714&set=pcb.1014076504824908,,2026-09-01,"𝚂𝚞𝐩𝐞𝐫 𝐛𝐚𝐠𝐮𝐬 
𝐒𝐔𝐌𝐁𝐔𝐓𝐎𝐆𝐄𝐋",May Lay,2026-09-01,keyword:cúm gia cầm
1014076504824908,https://www.facebook.com/photo?fbid=1014078444824714&set=pcb.1014076504824908,,2026-07-21,https://sonnmt.tuyenquang.gov.vn/.../tang-cuong-giam-sat...,Trung tâm Khuyến nông Tỉnh Tuyên Quang,2026-09-01,keyword:cúm gia cầm
122174925518954544,https://www.facebook.com/photo?fbid=122174925356954544&set=pcb.122174925518954544,,2026-09-01,"𝕊𝕦𝕡𝕖𝕣 𝕓𝕒𝕘𝕦𝕤 
𝐒𝐔𝐌𝐁𝐔𝐓𝐎𝐆𝐄𝐋",Floren Enriquez,2026-09-01,keyword:cúm gia cầm
122174925518954544,https://www.facebook.com/photo?fbid=122174925356954544&set=pcb.122174925518954544,,2026-09-01,"สว𝐒u𝐩𝐞𝐫 𝐛𝐚𝐠𝐮𝐬 
𝐒𝐔𝐌𝐁𝐔𝐓𝐎𝐆𝐄𝐋",SLsurjo Roy,2026-09-01,keyword:cúm gia cầm
122174925518954544,https://www.facebook.com/photo?fbid=122174925356954544&set=pcb.122174925518954544,,2026-09-01,"𝙎𝙪𝙥𝙚𝙧 𝘾𝙖𝙣𝙩𝙞𝙠 
𝐒𝐔𝐌𝐁𝐔𝐓𝐎𝐆𝐄𝐋",Quach Kỳ,2026-09-01,keyword:cúm gia cầm
122174925518954544,https://www.facebook.com/photo?fbid=122174925356954544&set=pcb.122174925518954544,,2026-09-01,"𝕾𝖚𝖕𝖊𝖗 𝕮𝖆𝖓𝖙𝖎𝖐 
𝐒𝐔𝐌𝐁𝐔𝐓𝐎𝐆𝐄𝐋",الموالي الصغير,2026-09-01,keyword:cúm gia cầm
122174925518954544,https://www.facebook.com/photo?fbid=122174925356954544&set=pcb.122174925518954544,,2026-09-01,"𝓢𝓾𝓹𝓮𝓻 𝓒𝓪𝓷𝓽𝓲𝓴
𝐒𝐔𝐌𝐁𝐔𝐓𝐎𝐆𝐄𝐋",Muhammad Mohiuddin,2026-09-01,keyword:cúm gia cầm
122174925518954544,https://www.facebook.com/photo?fbid=122174925356954544&set=pcb.122174925518954544,,2026-09-01,"𝙎𝙪𝙥𝙚𝙧 𝘾𝙖𝙣𝙩𝙞𝙠 
𝐒𝐔𝐌𝐁𝐔𝐓𝐎𝐆𝐄𝐋",Marine Pennec,2026-09-01,keyword:cúm gia cầm
122174925518954544,https://www.facebook.com/photo?fbid=122174925356954544&set=pcb.122174925518954544,,2026-09-01,"𝑆𝑢𝑝𝑒𝑟 𝑏𝑎𝑔𝑢s
𝐒𝐔𝐌𝐁𝐔𝐓𝐎𝐆𝐄𝐋",Faniriantsoa Fah,2026-09-01,keyword:cúm gia cầm
122174925518954544,https://www.facebook.com/photo?fbid=122174925356954544&set=pcb.122174925518954544,,2026-09-01,"𝕊𝕦𝕡𝕖𝕣 𝕓𝕒𝕘𝕦𝕤
𝐒𝐔𝐌𝐁𝐔𝐓𝐎𝐆𝐄𝐋",মন পাখি,2026-09-01,keyword:cúm gia cầm
122174925518954544,https://www.facebook.com/photo?fbid=122174925356954544&set=pcb.122174925518954544,,2026-09-01,"S𝐮𝐩𝐞r 𝐛a𝐠u𝐬 
𝐒𝐔𝐌𝐁𝐔𝐓𝐎𝐆𝐄𝐋",Razuu Vai,2026-09-01,keyword:cúm gia cầm
122174925518954544,https://www.facebook.com/photo?fbid=122174925356954544&set=pcb.122174925518954544,,2026-09-01,"𝚂𝚞𝐩𝐞𝐫 𝐛𝐚𝐠𝐮𝐬 
𝐒𝐔𝐌𝐁𝐔𝐓𝐎𝐆𝐄𝐋",May Lay,2026-09-01,keyword:cúm gia cầm
122174925518954544,https://www.facebook.com/photo?fbid=122174925356954544&set=pcb.122174925518954544,,2026-07-21,"Trước diễn biến phức tạp của dịch Cúm gia cầm H5N1, trên địa bàn xã đã ghi nhận thiệt hại khoảng 18.000 con gia cầm chết và phải tiêu hủy theo quy định nhằm khống chế, ngăn chặn dịch bệnh lây lan. Trước tình hình đó, UBND xã Hùng Châu đã khẩn trương chỉ đạo các ban, ngành, đoàn thể, các xóm và lực lượng thú y cơ sở triển khai đồng bộ, quyết liệt các biện pháp cấp bách phòng, chống dịch theo quy định của Luật Thú y và các văn bản chỉ đạo của cấp trên. https://hungchau.nghean.gov.vn/.../xa-hung-chau-khan...","Hanvet - Giải pháp chăn nuôi gà, vịt hiệu quả",2026-09-01,keyword:cúm gia cầm
122174925518954544,https://www.facebook.com/photo?fbid=122174925356954544&set=pcb.122174925518954544,,2026-07-21,"Tiêu huỷ 2.000 con vịt tại trại vịt nhà ông Chu Văn Triều, xóm Quyết Thắng, xã Hùng Châu","Hanvet - Giải pháp chăn nuôi gà, vịt hiệu quả",2026-09-01,keyword:cúm gia cầm
122174925518954544,https://www.facebook.com/photo?fbid=122174925356954544&set=pcb.122174925518954544,,2026-07-21,Đội nuôi vịt rất lơ là vấn đề tiêm vacine,Sơn Nguyễn,2026-09-01,keyword:cúm gia cầm
122174925518954544,https://www.facebook.com/photo?fbid=122174925356954544&set=pcb.122174925518954544,,2026-07-21,Tin này lên thì đời của vịt lại xuống dốc rồi,Đồng Bá Đỗ,2026-09-01,keyword:cúm gia cầm
122174925518954544,https://www.facebook.com/photo?fbid=122174925356954544&set=pcb.122174925518954544,,2026-07-21,Thật không vậy mn,Trọng Linh Máy Múc,2026-09-01,keyword:cúm gia cầm
122174925518954544,https://www.facebook.com/photo?fbid=122174925356954544&set=pcb.122174925518954544,,2026-07-21,"Chuyên mua và bán các tinh phia bắc ,công nhận bị dịch nhiều @nêu bật",Đại Tá,2026-09-01,keyword:cúm gia cầm
122174925518954544,https://www.facebook.com/photo?fbid=122174925356954544&set=pcb.122174925518954544,,2026-07-21,Ở xã Quỳnh Sơn báo mà ko tiêu hủy,Trung Đức,2026-09-01,keyword:cúm gia cầm
122174925518954544,https://www.facebook.com/photo?fbid=122174925356954544&set=pcb.122174925518954544,,2026-07-21,Vịt bây giờ toàn bị cúm thôi ￼￼,Bùi Trường,2026-09-01,keyword:cúm gia cầm
122174925518954544,https://www.facebook.com/photo?fbid=122174925356954544&set=pcb.122174925518954544,,2026-07-21,Bảo sao chỗ mình bán vịt 85k/1con thịt sẵn,Hương Mid,2026-09-01,keyword:cúm gia cầm
122174925518954544,https://www.facebook.com/photo?fbid=122174925356954544&set=pcb.122174925518954544,,2026-07-21,Tin vịt cách đây thế kỷ,Đoan Trinh Van,2026-09-01,keyword:cúm gia cầm
1441597748017455,https://www.facebook.com/photo?fbid=1441597428017487&set=pcb.1441597748017455,,2026-07-21,https://baonghean.vn/khan-truong-khoanh-vung-dap-dich-cum...,Truyền hình Nghệ An,2026-09-01,keyword:cúm gia cầm
1441597748017455,https://www.facebook.com/photo?fbid=1441597428017487&set=pcb.1441597748017455,,2026-07-21,Berbahaya,Thúy Hường,2026-09-01,keyword:cúm gia cầm
1441597748017455,https://www.facebook.com/photo?fbid=1441597428017487&set=pcb.1441597748017455,,2026-07-21,Aku takut,Bảo Diệp Chi,2026-09-01,keyword:cúm gia cầm
1441597748017455,https://www.facebook.com/photo?fbid=1441597428017487&set=pcb.1441597748017455,,2026-07-21,.,Xu Ka,2026-09-01,keyword:cúm gia cầm
1441597748017455,https://www.facebook.com/photo?fbid=1441597428017487&set=pcb.1441597748017455,,2026-07-21,cơ cực.,Yến Nguyễn,2026-09-01,keyword:cúm gia cầm
1441597748017455,https://www.facebook.com/photo?fbid=1441597428017487&set=pcb.1441597748017455,,2026-07-21,Nhọc rồi,Tham Nguyen,2026-09-01,keyword:cúm gia cầm
28095941760015159,https://www.facebook.com/photo?fbid=28095939980015337&set=pcb.28095941760015159,,2026-08-30,"Lên bia , rồi tiếp tục truyền đạt.",Lâm Thành Được,2026-09-01,keyword:cúm gia cầm
28095941760015159,https://www.facebook.com/photo?fbid=28095939980015337&set=pcb.28095941760015159,,2026-09-01,Có gà  đẹp nuôi bán tết không cháu,Quý Vũ,2026-09-01,keyword:cúm gia cầm
28095941760015159,https://www.facebook.com/photo?fbid=28095939980015337&set=pcb.28095941760015159,,2026-09-01,E thấy có chén bát là vui rồi kk,Nguyễn Việt Đình,2026-09-01,keyword:cúm gia cầm
28095941760015159,https://www.facebook.com/photo?fbid=28095939980015337&set=pcb.28095941760015159,,2026-08-30,Anh Hoàn làm hội thảo ah. K có đệ tự làm ghê thiệc,Phạm Quang,2026-09-01,keyword:cúm gia cầm
28095941760015159,https://www.facebook.com/photo?fbid=28095939980015337&set=pcb.28095941760015159,,2026-08-30,Tuyệt vời luôn anh,Nguyen Huy,2026-09-01,keyword:cúm gia cầm
28095941760015159,https://www.facebook.com/photo?fbid=28095939980015337&set=pcb.28095941760015159,,2026-08-30,A Hoàn giản à a,Tiến Tuổi Thân,2026-09-01,keyword:cúm gia cầm
28095941760015159,https://www.facebook.com/photo?fbid=28095939980015337&set=pcb.28095941760015159,,2026-08-31,Rất cần thiết,Thế Thành,2026-09-01,keyword:cúm gia cầm
28095941760015159,https://www.facebook.com/photo?fbid=28095939980015337&set=pcb.28095941760015159,,2026-08-31,,Tâm Nguyễn,2026-09-01,keyword:cúm gia cầm
1374821711500138,https://www.facebook.com/photo?fbid=1374821711500138&set=a.230613979254256,,2026-08-29,Atleast you are talking about it,Farm Girl Ke,2026-09-01,keyword:cholera
122190715850795537,https://www.facebook.com/photo?fbid=122190715850795537&set=a.122144521124795537,,,"Vibero is a great start! The full answer is Vibrio cholerae, which causes cholera by producing toxins that lead to diarrhea and dehydration. Great job!",Muhammad Mualim Sadeeqi sekitar satu jam yang lalu,2026-09-01,keyword:cholera
122190715850795537,https://www.facebook.com/photo?fbid=122190715850795537&set=a.122144521124795537,,2026-09-01,The answer is in the answer...,Jessie Jessie,2026-09-01,keyword:cholera
122190715850795537,https://www.facebook.com/photo?fbid=122190715850795537&set=a.122144521124795537,,,MACJOLLY A,Adele Macjolly sekitar satu jam yang lalu,2026-09-01,keyword:cholera
122190715850795537,https://www.facebook.com/photo?fbid=122190715850795537&set=a.122144521124795537,,2026-09-01,A vibro cholera,Yibie Maru,2026-09-01,keyword:cholera
122190715850795537,https://www.facebook.com/photo?fbid=122190715850795537&set=a.122144521124795537,,2026-09-01,Vibrio cholerae,Bin Idrees Abubakar,2026-09-01,keyword:cholera
122190715850795537,https://www.facebook.com/photo?fbid=122190715850795537&set=a.122144521124795537,,2026-09-01,b,Ashenafi Alemayehu Darota,2026-09-01,keyword:cholera
122190715850795537,https://www.facebook.com/photo?fbid=122190715850795537&set=a.122144521124795537,,2026-09-01,A,تسابيح محمد,2026-09-01,keyword:cholera
122190715850795537,https://www.facebook.com/photo?fbid=122190715850795537&set=a.122144521124795537,,2026-09-01,Vibro cholerae,Sarvy Mwanamusiya,2026-09-01,keyword:cholera
122190715850795537,https://www.facebook.com/photo?fbid=122190715850795537&set=a.122144521124795537,,2026-09-01,Okay,Avi Nice,2026-09-01,keyword:cholera
122190715850795537,https://www.facebook.com/photo?fbid=122190715850795537&set=a.122144521124795537,,2026-09-01,A,Abeer Abubaker,2026-09-01,keyword:cholera
122190715850795537,https://www.facebook.com/photo?fbid=122190715850795537&set=a.122144521124795537,,2026-09-01,A,Lamri Love,2026-09-01,keyword:cholera
122190715850795537,https://www.facebook.com/photo?fbid=122190715850795537&set=a.122144521124795537,,2026-09-01,A,Edwin Chafa,2026-09-01,keyword:cholera
122190715850795537,https://www.facebook.com/photo?fbid=122190715850795537&set=a.122144521124795537,,2026-09-01,A,Elizabeth Abraham,2026-09-01,keyword:cholera
122190715850795537,https://www.facebook.com/photo?fbid=122190715850795537&set=a.122144521124795537,,2026-09-01,A,Husaina Ahmad Muhammad,2026-09-01,keyword:cholera
122190715850795537,https://www.facebook.com/photo?fbid=122190715850795537&set=a.122144521124795537,,2026-09-01,Vibrio cholerae,Vikash Kumar,2026-09-01,keyword:cholera
122190715850795537,https://www.facebook.com/photo?fbid=122190715850795537&set=a.122144521124795537,,,A,Yonas Baffa sekitar satu jam yang lalu,2026-09-01,keyword:cholera
122190715850795537,https://www.facebook.com/photo?fbid=122190715850795537&set=a.122144521124795537,,,A,Lema Geleta sekitar satu jam yang lalu,2026-09-01,keyword:cholera
122190715850795537,https://www.facebook.com/photo?fbid=122190715850795537&set=a.122144521124795537,,,A,Dave Nixon sekitar satu jam yang lalu,2026-09-01,keyword:cholera
122190715850795537,https://www.facebook.com/photo?fbid=122190715850795537&set=a.122144521124795537,,,B,Letay Mehari sekitar satu jam yang lalu,2026-09-01,keyword:cholera
122190715850795537,https://www.facebook.com/photo?fbid=122190715850795537&set=a.122144521124795537,,,A,Zine Alamayo sekitar satu jam yang lalu,2026-09-01,keyword:cholera
122190715850795537,https://www.facebook.com/photo?fbid=122190715850795537&set=a.122144521124795537,,2026-09-01,A,Muhammad Zahid,2026-09-01,keyword:cholera
122190715850795537,https://www.facebook.com/photo?fbid=122190715850795537&set=a.122144521124795537,,2026-09-01,A,Getu Akawak,2026-09-01,keyword:cholera
122190715850795537,https://www.facebook.com/photo?fbid=122190715850795537&set=a.122144521124795537,,2026-09-01,A,Ajelero Babatunde,2026-09-01,keyword:cholera
122190715850795537,https://www.facebook.com/photo?fbid=122190715850795537&set=a.122144521124795537,,2026-09-01,A,عبذلاء إبن محمد,2026-09-01,keyword:cholera
122190715850795537,https://www.facebook.com/photo?fbid=122190715850795537&set=a.122144521124795537,,2026-09-01,A,Jitendra Rajawat,2026-09-01,keyword:cholera
122190715850795537,https://www.facebook.com/photo?fbid=122190715850795537&set=a.122144521124795537,,2026-09-01,B,አስኔደ አየ,2026-09-01,keyword:cholera
122190715850795537,https://www.facebook.com/photo?fbid=122190715850795537&set=a.122144521124795537,,2026-09-01,A,Muhammab Rabiu Umar Musa,2026-09-01,keyword:cholera
122190715850795537,https://www.facebook.com/photo?fbid=122190715850795537&set=a.122144521124795537,,2026-09-01,A,Monyroor Monyjok Lem,2026-09-01,keyword:cholera
122190715850795537,https://www.facebook.com/photo?fbid=122190715850795537&set=a.122144521124795537,,2026-09-01,Vibrio cholera.,SirDr Uneeb Ahmed Sheikh,2026-09-01,keyword:cholera
122190715850795537,https://www.facebook.com/photo?fbid=122190715850795537&set=a.122144521124795537,,2026-09-01,A,Lulu Hei,2026-09-01,keyword:cholera
1508581931316536,https://www.facebook.com/photo?fbid=1508581931316536&set=a.374275834747157,@Govt launches cholera vaccination drive in 14 high-risk areas,2026-08-25,https://www.tbsnews.net/.../govt-launches-cholera...,The Business Standard,2026-09-01,keyword:cholera
1508581931316536,https://www.facebook.com/photo?fbid=1508581931316536&set=a.374275834747157,@Govt launches cholera vaccination drive in 14 high-risk areas,2026-08-25,ডক্টর ইউনুসের আরেকটি সাফল্য আলহামদুলিল্লাহ,Kazi Nizam Porosh,2026-09-01,keyword:cholera
1508581931316536,https://www.facebook.com/photo?fbid=1508581931316536&set=a.374275834747157,@Govt launches cholera vaccination drive in 14 high-risk areas,2026-08-25,,Sayma Chowdhury Mayvin,2026-09-01,keyword:cholera
122123399066642305,https://www.facebook.com/photo?fbid=122123399066642305&set=a.122098226150642305,,2026-09-01,"The reading most historians now accept is that local people, faced with an outbreak among a camp of foreign Catholic labourers nobody wanted near them, prevented the men from leaving, and that some were killed in the course of it. The railroad knew about the site, kept a private file on it, and quietly maintained a low stone wall around the spot for generations without ever making the burials public. Remains recovered so far have been identified where possible through the ship manifest of the John Stamp out of Derry, through dental evidence and through isotope analysis, and several have been returned to Ireland for burial in their home counties. One of them, a teenager from Donegal named John Ruddy, was identified partly through a rare inherited dental trait that still appears in Ruddy families in that county today. Did your family have someone who went out to work on the American railroads and simply stopped writing home?",Born of Ireland,2026-09-01,keyword:cholera
122123399066642305,https://www.facebook.com/photo?fbid=122123399066642305&set=a.122098226150642305,,2026-09-01,Born of Ireland Not the first Irish to be brutally harmed by the company that hired them...especially the railroads ! They hid all the murders !!,Kevin JP O'Reilly,2026-09-01,keyword:cholera
122123399066642305,https://www.facebook.com/photo?fbid=122123399066642305&set=a.122098226150642305,,2026-09-01,Born of Ireland my mother’s family name is Ruddy. What is the rare inherited dental trait that still appears to Ruddy families?,Kathleen Richardson Robinson,2026-09-01,keyword:cholera
122123399066642305,https://www.facebook.com/photo?fbid=122123399066642305&set=a.122098226150642305,,2026-09-01,"Born of Ireland The PBS documentary covering this event is titled ""Death on the Railroad"", which originally aired as an episode of the PBS series Secrets of the Dead (Season 12, Episode 3)",Paul Daukas Jr.,2026-09-01,keyword:cholera
122123399066642305,https://www.facebook.com/photo?fbid=122123399066642305&set=a.122098226150642305,,,Born of Ireland i don't know what happened. Seems the first generation lucked into something. That sometimes happened. There's an opening someone can't fill and it's an easier job and you're there. They were born during the famine and wouldn't have written home. But a second generation Lyons married a new arrival also Lyons and they settled down to a comfortable life in Philadelphia. I don't have family stories of poverty and hardship on arrival. The original Lyons lived in Vermont. Perhaps he found opportunity that wasn't to be had elsewhere.,Ed Lyons III,2026-09-01,keyword:cholera
122123399066642305,https://www.facebook.com/photo?fbid=122123399066642305&set=a.122098226150642305,,2026-09-01,"My Great Great Grandparent's immigrated around 1848-49 and went to Mt. Savage Maryland to build the railroad. They disappeared in 1850 leaving behind 3 children, ages 3, 2 and 6 months. Patrick and Ellen Conley.",Janette Strawser Lewis,2026-09-01,keyword:cholera
122123399066642305,https://www.facebook.com/photo?fbid=122123399066642305&set=a.122098226150642305,,2026-09-01,Janette Strawser Lewis sad,Eugene Murphy,2026-09-01,keyword:cholera
122123399066642305,https://www.facebook.com/photo?fbid=122123399066642305&set=a.122098226150642305,,2026-09-01,Janette Strawser Lewis,Mary Kealey,2026-09-01,keyword:cholera
122123399066642305,https://www.facebook.com/photo?fbid=122123399066642305&set=a.122098226150642305,,2026-09-01,Janette Strawser Lewis near Savage Mill?,Katherine Sigismondi,2026-09-01,keyword:cholera
122123399066642305,https://www.facebook.com/photo?fbid=122123399066642305&set=a.122098226150642305,,2026-09-01,Philip Duffy? Could also be Irish!!,Ned Spillane,2026-09-01,keyword:cholera
122123399066642305,https://www.facebook.com/photo?fbid=122123399066642305&set=a.122098226150642305,,2026-09-01,"Ned Spillane yes , he was born in Ireland , that made him easily trusted by the new-comers , I learned very quickly after landing in Boston to keep away from Irish contractors , I've worked very very little with them ,",Mike Finnegan,2026-09-01,keyword:cholera
122123399066642305,https://www.facebook.com/photo?fbid=122123399066642305&set=a.122098226150642305,,2026-09-01,"Duffys cut, there was a team investigating and uncovering the truth! Well done to them. Numerous songs were wrote about the tragedy including by Christy Moore and the Dropkick Murphy’s",Catherine Hegarty,2026-09-01,keyword:cholera
122123399066642305,https://www.facebook.com/photo?fbid=122123399066642305&set=a.122098226150642305,,2026-09-01,"If you take the hop on bus in New York, the guide will tell you about all the different immigrants that arrived in New York in the hope of making a living. Each nationality worried like navvies until another country of dreamers arrived. It was endless, Irish, Italian , Chinese,Eastern Europeans and more. Yes, the Irish arrived and found manual work and scrimped and saved until they could move out of the slums. The next group of immigrants arrived and followed in their footsteps. That’s how it worked. Life was very tough back then for everyone but in today’s world in USA, most Irish are respected, professional people. Their fore bearers slogged so that they could leave a legacy. The same goes for the Italian immigrants , they slogged to make enough to move forward, Chinese, all of them. Now today in Ireland, many people don’t want to work and we’re told that times are tough! Tough was back in the dark ages. We wouldn’t recognise tough if we met it face to face. We are fed and clothed and most of us have travelled all over the world. Our fore bearers worked hard to give us the opportunity.",Rosemary McCrindle,2026-09-01,keyword:cholera
122123399066642305,https://www.facebook.com/photo?fbid=122123399066642305&set=a.122098226150642305,,2026-09-01,Rosemary McCrindle and now we don't want t to help people who come here in the same circumstances..,Sheila Legear,2026-09-01,keyword:cholera
122123399066642305,https://www.facebook.com/photo?fbid=122123399066642305&set=a.122098226150642305,,2026-09-01,Was it not known as duffys cut ?,Libby Cullen,2026-09-01,keyword:cholera
122123399066642305,https://www.facebook.com/photo?fbid=122123399066642305&set=a.122098226150642305,,2026-09-01,Libby Cullen yes,Gabe J McTuile,2026-09-01,keyword:cholera
122123399066642305,https://www.facebook.com/photo?fbid=122123399066642305&set=a.122098226150642305,,2026-09-01,I grew up just across the tracks in the '60s. We used to play in that area without a clue what had happened there.,Bill Speer,2026-09-01,keyword:cholera
122123399066642305,https://www.facebook.com/photo?fbid=122123399066642305&set=a.122098226150642305,,2026-09-01,I thought that their employer killed them because he didn't want to pay them??,Vincent O Connor,2026-09-01,keyword:cholera
122123399066642305,https://www.facebook.com/photo?fbid=122123399066642305&set=a.122098226150642305,,2026-09-01,"Vincent O Connor That would be the most likely answer. Why pay wages to fifty plus workers, when you could pocket it,? Maybe the Railroad company or one of the sub contractors, concocted an illness to scare the locals into murdering the workers.",Danny Neill,2026-09-01,keyword:cholera
122123399066642305,https://www.facebook.com/photo?fbid=122123399066642305&set=a.122098226150642305,,2026-09-01,"A similar mass grave site is in Funks Grove, Il. near Bloomington Il. 50 Irish workers fell to Cholera while building Chicago & Alton RR.",Thomas Sullivan,2026-09-01,keyword:cholera
122123399066642305,https://www.facebook.com/photo?fbid=122123399066642305&set=a.122098226150642305,,2026-09-01,Mickey Coleman wrote a song about it called Duffys cut.A great song very well written.,Alan Vaughan,2026-09-01,keyword:cholera
122123399066642305,https://www.facebook.com/photo?fbid=122123399066642305&set=a.122098226150642305,,2026-09-01,A ship in Pennsylvania? Say what!! It's land locked!!,Mary Healy-Fitzgerald,2026-09-01,keyword:cholera
122123399066642305,https://www.facebook.com/photo?fbid=122123399066642305&set=a.122098226150642305,,2026-09-01,Mary Healy-Fitzgerald you clearly read the article,Colin Geary,2026-09-01,keyword:cholera
122123399066642305,https://www.facebook.com/photo?fbid=122123399066642305&set=a.122098226150642305,,2026-09-01,"Mary Healy-Fitzgerald They came into Pennsylvania via Philadelphia, as it says in the first sentence and which is a big port city. Chester County is very close to Philadelphia. Philadelphia had the third largest percentage of Irish immigrants, right behind New York and Boston.",Christine Gardner Pawlowski,2026-09-01,keyword:cholera
122123399066642305,https://www.facebook.com/photo?fbid=122123399066642305&set=a.122098226150642305,,2026-09-01,"Mary Healy-Fitzgerald PA isn’t land locked, Delaware River. NJ is a peninsula",Laura Finkler Eamigh,2026-09-01,keyword:cholera
122123399066642305,https://www.facebook.com/photo?fbid=122123399066642305&set=a.122098226150642305,,2026-09-01,In the first comment there’s a John ruddy from Donegal mentioned,Sharon Lindsay,2026-09-01,keyword:cholera
122123399066642305,https://www.facebook.com/photo?fbid=122123399066642305&set=a.122098226150642305,,2026-09-01,Sharon Lindsay he was returned to Ardara and buried,Sharon Craig,2026-09-01,keyword:cholera
122123399066642305,https://www.facebook.com/photo?fbid=122123399066642305&set=a.122098226150642305,,2026-09-01,"Most likely, there was a silencing in our families…we did not discuss the past! Yes, We were Irish descent and now Americans! That was the way it was to be, one legacy on in the Family Ancestry , was the Farm, “ Standing Stone Farm”.It was sold , when James Kane, son was killed in the war! The remaining children were four girls and each girl was given an education! My Grandmother , choose to be a “ Nurse” and came to Philadelphia! I loved her beyond measure as did the people in Kensington and Port Richmond Neighborhood.She was the go to person whenever there was a problem, illness and some very practical issues too! I miss her to this day, truly loving and a force to be reckoned with , if it was necessary in the neighborhood! I was “ Mrs.Dolan’s, Granddaughter “and couldn’t be more cherished and loved by her!",Karen Rowley,2026-09-01,keyword:cholera
122123399066642305,https://www.facebook.com/photo?fbid=122123399066642305&set=a.122098226150642305,,2026-09-01,So many catholic relatives came to Philadelphia I need to find out more,Margaret Pinkie McDermott Candell,2026-09-01,keyword:cholera
122123399066642305,https://www.facebook.com/photo?fbid=122123399066642305&set=a.122098226150642305,,2026-09-01,In the mid-1840s Irish Immigrants were routinely abused when they arrived in North America,Pat Donovan,2026-09-01,keyword:cholera
122126195943019241,https://www.facebook.com/photo?fbid=122126195943019241&set=a.122095415289019241,,2026-08-29,His humble upbringing inspired him to create an innovative filtration system that transformed lives far beyond his local community. What impact do you think access to clean water has on a society’s progress?,Britain Untold,2026-09-01,keyword:cholera
122126195943019241,https://www.facebook.com/photo?fbid=122126195943019241&set=a.122095415289019241,,2026-08-29,There's an excellent pub named after him in Soho,Dan Davies,2026-09-01,keyword:cholera
122126195943019241,https://www.facebook.com/photo?fbid=122126195943019241&set=a.122095415289019241,,2026-08-30,"Britain saved the world again , how many times !!!!! Incoming.",Patrick Quinn,2026-09-01,keyword:cholera
122126195943019241,https://www.facebook.com/photo?fbid=122126195943019241&set=a.122095415289019241,,2026-08-30,"Apparently, John Snow did know something.",Khalid Sheikh,2026-09-01,keyword:cholera
122126195943019241,https://www.facebook.com/photo?fbid=122126195943019241&set=a.122095415289019241,,2026-08-31,Khalid Sheikh,Brian Gaston,2026-09-01,keyword:cholera
122126195943019241,https://www.facebook.com/photo?fbid=122126195943019241&set=a.122095415289019241,,2026-08-31,"The Broad Street pump was directly outside the house occupied by the famous ornithologist, John Gould. Fortunately neither he nor his family contracted cholera.",Roslyn Russell,2026-09-01,keyword:cholera
122126195943019241,https://www.facebook.com/photo?fbid=122126195943019241&set=a.122095415289019241,,2026-08-30,Bit of a star wasn't he,Gill Todd,2026-09-01,keyword:cholera
122126195943019241,https://www.facebook.com/photo?fbid=122126195943019241&set=a.122095415289019241,,2026-08-30,Epidemiologist of profound order,Ross Naidoo,2026-09-01,keyword:cholera
122126195943019241,https://www.facebook.com/photo?fbid=122126195943019241&set=a.122095415289019241,,2026-08-30,"There was one anomally of note, where two sisters had moved away, but still sent servants to draw water for their use from this pump, because ‘they preferred the taste’",John Love,2026-09-01,keyword:cholera
122126195943019241,https://www.facebook.com/photo?fbid=122126195943019241&set=a.122095415289019241,,2026-08-29,The father of epidemiology. Mapped the first epidemiological cluster.,Michael Byford,2026-09-01,keyword:cholera
122126195943019241,https://www.facebook.com/photo?fbid=122126195943019241&set=a.122095415289019241,,2026-08-31,Invisible water?,Norman D Conker,2026-09-01,keyword:cholera
122126195943019241,https://www.facebook.com/photo?fbid=122126195943019241&set=a.122095415289019241,,2026-08-30,'The Medical Detective' is a good book about him and his work.,Sheila Pickthorne,2026-09-01,keyword:cholera
122126195943019241,https://www.facebook.com/photo?fbid=122126195943019241&set=a.122095415289019241,,2026-08-29,Where’s the full story?!,Dean Dawson,2026-09-01,keyword:cholera
122126195943019241,https://www.facebook.com/photo?fbid=122126195943019241&set=a.122095415289019241,,2026-08-30,Dean Dawson https://www.londonmuseum.org.uk/collections/london-stories/john-snow-cholera-broad-street-pump/,Ed Cummings,2026-09-01,keyword:cholera
122126195943019241,https://www.facebook.com/photo?fbid=122126195943019241&set=a.122095415289019241,,2026-08-30,Don't eat yellow john snow,Rob Parker,2026-09-01,keyword:cholera
1405794968249033,https://www.facebook.com/photo?fbid=1405794968249033&set=a.612111097617428,@Notifikasi,2026-06-23,Fallait-il que nous ayons oublié si rapidement les leçons acquises des peuples d'accueil de la Nouvelle France?,Luc Villemaire,2026-09-01,keyword:cholera
1600034054894463,https://www.facebook.com/photo?fbid=1600034054894463&set=a.471653467732533,,2026-08-31,Mashaba is starting to sound abit like fikile,Sashlin Pillay,2026-09-01,keyword:cholera
1600034054894463,https://www.facebook.com/photo?fbid=1600034054894463&set=a.471653467732533,,2026-09-01,"Sashlin Pillay they all sound the same, because they're also funded by the Zionist billionaires... So is the DA, EFF, SACP, PAC, ANC..etc! Dig a little, follow the money.",Graham Lourens,2026-09-01,keyword:cholera
1600034054894463,https://www.facebook.com/photo?fbid=1600034054894463&set=a.471653467732533,,2026-09-01,Sashlin Pillay but Mashaba is telling the TRUTH here... DA had 9 FULL YEARS in Pretoria but FAILED with FLYING colours.....,Mamokete Mphuthi,2026-09-01,keyword:cholera
1600034054894463,https://www.facebook.com/photo?fbid=1600034054894463&set=a.471653467732533,,2026-09-01,Sashlin Pillay can't see your comment...,Graham Lourens,2026-09-01,keyword:cholera
1600034054894463,https://www.facebook.com/photo?fbid=1600034054894463&set=a.471653467732533,,2026-09-01,Sashlin Pillay terus bermimpi. Setelah kamu ganti bantal,Matabane Tabane,2026-09-01,keyword:cholera
1600034054894463,https://www.facebook.com/photo?fbid=1600034054894463&set=a.471653467732533,,2026-08-31,"Yes, but Action SA vowed to fix the water problem in Hammanskraal and at a stage even claimed (falsely) that they had done so. You have been at the helm for almost a year and a half, so tell me where is the water in Hammanskraal per your vow?",Denver Robinson,2026-09-01,keyword:cholera
1600034054894463,https://www.facebook.com/photo?fbid=1600034054894463&set=a.471653467732533,,2026-08-31,Denver Robinson is the a construction water plant that takes 1 year in South africa.dont try to speak as if your da or Anc did something about this issue,Kayg Tsotetsi,2026-09-01,keyword:cholera
1600034054894463,https://www.facebook.com/photo?fbid=1600034054894463&set=a.471653467732533,,2026-08-31,"Denver RobinsonDenver Robinson Good question, but ask the ANC and your precious DA who were in the position of power for a combined 30 plus years.",Fanky Mthembu,2026-09-01,keyword:cholera
1600034054894463,https://www.facebook.com/photo?fbid=1600034054894463&set=a.471653467732533,,2026-08-31,"Denver Robinson i remember last year they said by September 
 water will be fixed",Donald Mandlazi,2026-09-01,keyword:cholera
1600034054894463,https://www.facebook.com/photo?fbid=1600034054894463&set=a.471653467732533,,2026-08-31,"Denver Robinson Metsi amo, Mandela, marokolong, ramotse not sure Ka rens are shapo and drinkable",Radi Modise,2026-09-01,keyword:cholera
1600034054894463,https://www.facebook.com/photo?fbid=1600034054894463&set=a.471653467732533,,2026-08-31,Denver Robinson the comrades’ water tankers are making a killing and who knows how many kickbacks are being handed out. Meanwhile the water project started some years ago is I definately “on hold”,Tasia Manikas,2026-09-01,keyword:cholera
1600034054894463,https://www.facebook.com/photo?fbid=1600034054894463&set=a.471653467732533,,2026-08-31,"Denver Robinson If you have lead an infrastructure project, you'll it doesn't take 3 days to fix, more so ActionSA led coalition found the city bankrupt from DA's led coalition.",Kgosietsile Daniel Otimile,2026-09-01,keyword:cholera
1600034054894463,https://www.facebook.com/photo?fbid=1600034054894463&set=a.471653467732533,,2026-08-31,Denver Robinson Falsely claimed? Don't lie Denver. They did fix the water from other parts of Hammanskraal and have moved on to other parts.,Bokang Beekay Motshwane,2026-09-01,keyword:cholera
1600034054894463,https://www.facebook.com/photo?fbid=1600034054894463&set=a.471653467732533,,2026-09-01,Denver Robinson and your Brinks was there for more than 3 years and failed. Actually he is the cause of all that.,Sizwe Dyubeni,2026-09-01,keyword:cholera
1600034054894463,https://www.facebook.com/photo?fbid=1600034054894463&set=a.471653467732533,,2026-09-01,"Denver Robinson Wena 
DA was in Tshwane for 8 years, why didn't they sort out the issue of Hammanskraal? You can feed your cheap politics to Illiterates e Seng rona.",Matabane Tabane,2026-09-01,keyword:cholera
1600034054894463,https://www.facebook.com/photo?fbid=1600034054894463&set=a.471653467732533,,2026-08-30,Vote DA,Piet Van Zyl,2026-09-01,keyword:cholera
1600034054894463,https://www.facebook.com/photo?fbid=1600034054894463&set=a.471653467732533,,2026-08-31,"Piet Van Zyl what about 31 people who are dead from Cholera under your leadership,do you reckon that we have to repeat and gamble about people's lives again particularly black people?",Onthatile Warona,2026-09-01,keyword:cholera
1600034054894463,https://www.facebook.com/photo?fbid=1600034054894463&set=a.471653467732533,,2026-08-31,Piet Van Zyl never not in hammanskraal. That billboard is nothing,Bondo Malls,2026-09-01,keyword:cholera
1600034054894463,https://www.facebook.com/photo?fbid=1600034054894463&set=a.471653467732533,,2026-08-31,Piet Van Zyl never forget it failed for past 8 years,Ronald Mduduzi Mtsweni,2026-09-01,keyword:cholera
1600034054894463,https://www.facebook.com/photo?fbid=1600034054894463&set=a.471653467732533,,2026-09-01,Piet Van Zyl Asibhemi nyaope tsine.,Nipho Msiro,2026-09-01,keyword:cholera
1600034054894463,https://www.facebook.com/photo?fbid=1600034054894463&set=a.471653467732533,,2026-09-01,Piet Van Zyl in your toilet,Matabane Tabane,2026-09-01,keyword:cholera
1600034054894463,https://www.facebook.com/photo?fbid=1600034054894463&set=a.471653467732533,,2026-08-31,He is right thou Herman the vermon,Darryl Jacobs,2026-09-01,keyword:cholera
1600034054894463,https://www.facebook.com/photo?fbid=1600034054894463&set=a.471653467732533,,2026-09-01,Darryl Jacobs You must be talking about yourself Vernon,Matabane Tabane,2026-09-01,keyword:cholera
1600034054894463,https://www.facebook.com/photo?fbid=1600034054894463&set=a.471653467732533,,2026-08-31,Yerrr this Madala is a professional spin doctor,Rorisang Kekana,2026-09-01,keyword:cholera
1600034054894463,https://www.facebook.com/photo?fbid=1600034054894463&set=a.471653467732533,,2026-08-31,Rorisang Kekana ge ese mo Facebook then ke ko X. X e worse coz go na le di bot that side.,Lebogang Shovhote,2026-09-01,keyword:cholera
1600034054894463,https://www.facebook.com/photo?fbid=1600034054894463&set=a.471653467732533,,2026-08-31,Rorisang Kekana I wonder where and how?,Thapelo Mmitsi,2026-09-01,keyword:cholera
1600034054894463,https://www.facebook.com/photo?fbid=1600034054894463&set=a.471653467732533,,2026-08-31,Rorisang Kekana a deflector of note!,Esther Rampooana,2026-09-01,keyword:cholera
1600034054894463,https://www.facebook.com/photo?fbid=1600034054894463&set=a.471653467732533,,2026-08-31,Kante y political parties ba campaigna ka go leswafatsa other parties Y basa campaign without mentioning other parties so we can see their clear campaign,Mathilda Dithate,2026-09-01,keyword:cholera
1600034054894463,https://www.facebook.com/photo?fbid=1600034054894463&set=a.471653467732533,,2026-08-31,Mathilda Dithate our DA campaign is very clear,Mpho Moreila,2026-09-01,keyword:cholera
1600034054894463,https://www.facebook.com/photo?fbid=1600034054894463&set=a.471653467732533,,2026-08-31,Mathilda Dithate that's why ANC keeps moering them because they don't learn Not everything your opposition is doing is wrong learn and grasp what is right especially in strategies,RZ Sithole,2026-09-01,keyword:cholera
1540665124766160,https://www.facebook.com/photo?fbid=1540663681432971&set=pcb.1540665124766160,,2026-08-30,"‎ear UNICEF Nigeria Team, ‎ ‎My name is HASSAN YAKUBU, and I am a youth leader and Youth Commissioner of ZAMFARA State Scout. I am passionate about youth development, community service, leadership, child rights and creating positive change in my community. ‎I would be grateful for the opportunity to join UNICEF Nigeria’s youth community. Through my role in Scouting, I have gained experience in youth engagement, teamwork, leadership and community service. I am ready to use these experiences to support initiatives that promote the rights, wellbeing and development of children and young people. ‎I look forward to learning, contributing and working with other young people through UNICEF Nigeria. ‎Thank you for the opportunity",Hassan Ibrahim,2026-09-01,keyword:cholera
1540665124766160,https://www.facebook.com/photo?fbid=1540663681432971&set=pcb.1540665124766160,,2026-08-29,Alhamdulillah,Ameera Saadallah,2026-09-01,keyword:cholera
1540665124766160,https://www.facebook.com/photo?fbid=1540663681432971&set=pcb.1540665124766160,,2026-08-29,,Basarake Besse,2026-09-01,keyword:cholera
1540665124766160,https://www.facebook.com/photo?fbid=1540663681432971&set=pcb.1540665124766160,,2026-08-29,Good job Nigerian UNICEF,Umara Modu,2026-09-01,keyword:cholera
1540665124766160,https://www.facebook.com/photo?fbid=1540663681432971&set=pcb.1540665124766160,,2026-08-29,Great Job,Aminu Emmanuel,2026-09-01,keyword:cholera
1540665124766160,https://www.facebook.com/photo?fbid=1540663681432971&set=pcb.1540665124766160,,2026-08-29,,اسعد عبدالهادي,2026-09-01,keyword:cholera
1540665124766160,https://www.facebook.com/photo?fbid=1540663681432971&set=pcb.1540665124766160,,2026-08-29,"This is truly inspiring!  I’m proud to support initiatives like this that prioritize the health, wellbeing, and future of our children. It is a great privilege to be part of the collective effort to build a healthier, stronger, and brighter future for the young generation. Together, we can make a lasting impact.  #ForEveryChild #BuildingTheFuture #SupportTheYoungGeneration",Comrd Muhammad Dari Aliyu,2026-09-01,keyword:cholera
1544888273899583,https://www.facebook.com/photo?fbid=1544888190566258&set=pcb.1544888273899583,,2026-09-01,"𝕊𝕦𝕡𝕖𝕣 𝕓𝕒𝕘𝕦𝕤 
𝐒𝐔𝐌𝐁𝐔𝐓𝐎𝐆𝐄𝐋",Floren Enriquez,2026-09-01,keyword:cholera
1544888273899583,https://www.facebook.com/photo?fbid=1544888190566258&set=pcb.1544888273899583,,2026-09-01,"สว𝐒u𝐩𝐞𝐫 𝐛𝐚𝐠𝐮𝐬 
𝐒𝐔𝐌𝐁𝐔𝐓𝐎𝐆𝐄𝐋",SLsurjo Roy,2026-09-01,keyword:cholera
1544888273899583,https://www.facebook.com/photo?fbid=1544888190566258&set=pcb.1544888273899583,,2026-09-01,"𝙎𝙪𝙥𝙚𝙧 𝘾𝙖𝙣𝙩𝙞𝙠 
𝐒𝐔𝐌𝐁𝐔𝐓𝐎𝐆𝐄𝐋",Quach Kỳ,2026-09-01,keyword:cholera
1544888273899583,https://www.facebook.com/photo?fbid=1544888190566258&set=pcb.1544888273899583,,2026-09-01,"𝕾𝖚𝖕𝖊𝖗 𝕮𝖆𝖓𝖙𝖎𝖐 
𝐒𝐔𝐌𝐁𝐔𝐓𝐎𝐆𝐄𝐋",الموالي الصغير,2026-09-01,keyword:cholera
1544888273899583,https://www.facebook.com/photo?fbid=1544888190566258&set=pcb.1544888273899583,,2026-09-01,"𝓢𝓾𝓹𝓮𝓻 𝓒𝓪𝓷𝓽𝓲𝓴
𝐒𝐔𝐌𝐁𝐔𝐓𝐎𝐆𝐄𝐋",Muhammad Mohiuddin,2026-09-01,keyword:cholera
1544888273899583,https://www.facebook.com/photo?fbid=1544888190566258&set=pcb.1544888273899583,,2026-09-01,"𝙎𝙪𝙥𝙚𝙧 𝘾𝙖𝙣𝙩𝙞𝙠 
𝐒𝐔𝐌𝐁𝐔𝐓𝐎𝐆𝐄𝐋",Marine Pennec,2026-09-01,keyword:cholera
1544888273899583,https://www.facebook.com/photo?fbid=1544888190566258&set=pcb.1544888273899583,,2026-09-01,"𝑆𝑢𝑝𝑒𝑟 𝑏𝑎𝑔𝑢s
𝐒𝐔𝐌𝐁𝐔𝐓𝐎𝐆𝐄𝐋",Faniriantsoa Fah,2026-09-01,keyword:cholera
1544888273899583,https://www.facebook.com/photo?fbid=1544888190566258&set=pcb.1544888273899583,,2026-09-01,"𝕊𝕦𝕡𝕖𝕣 𝕓𝕒𝕘𝕦𝕤
𝐒𝐔𝐌𝐁𝐔𝐓𝐎𝐆𝐄𝐋",মন পাখি,2026-09-01,keyword:cholera
1544888273899583,https://www.facebook.com/photo?fbid=1544888190566258&set=pcb.1544888273899583,,2026-09-01,"S𝐮𝐩𝐞r 𝐛a𝐠u𝐬 
𝐒𝐔𝐌𝐁𝐔𝐓𝐎𝐆𝐄𝐋",Razuu Vai,2026-09-01,keyword:cholera
1544888273899583,https://www.facebook.com/photo?fbid=1544888190566258&set=pcb.1544888273899583,,2026-09-01,"𝚂𝚞𝐩𝐞𝐫 𝐛𝐚𝐠𝐮𝐬 
𝐒𝐔𝐌𝐁𝐔𝐓𝐎𝐆𝐄𝐋",May Lay,2026-09-01,keyword:cholera
1544888273899583,https://www.facebook.com/photo?fbid=1544888190566258&set=pcb.1544888273899583,,2026-09-01,"𝐒𝐮𝐩𝐞r 𝐛𝐚𝐠𝐮𝐬 
𝐒𝐔𝐌𝐁𝐔𝐓𝐎𝐆𝐄𝐋",Zheng Huanyong,2026-09-01,keyword:cholera
1544888273899583,https://www.facebook.com/photo?fbid=1544888190566258&set=pcb.1544888273899583,,2026-09-01,"𝙎𝙪𝙥𝙚𝙧 𝙗𝙖𝙜𝙪s 
𝐒𝐔𝐌𝐁𝐔𝐓𝐎𝐆𝐄𝐋",Văn Cường,2026-09-01,keyword:cholera
1544888273899583,https://www.facebook.com/photo?fbid=1544888190566258&set=pcb.1544888273899583,,2026-09-01,"𝔖𝐮𝐩𝐞𝐫 𝐛𝐚𝐠𝐮𝐬 
𝐒𝐔𝐌𝐁𝐔𝐓𝐎𝐆𝐄𝐋",มังกรฤทธิ์ ไสยวิริยะ,2026-09-01,keyword:cholera
1544888273899583,https://www.facebook.com/photo?fbid=1544888190566258&set=pcb.1544888273899583,,2026-09-01,"𝑺𝒖𝒑𝒆r b𝒂𝒈𝒖𝒔 
𝐒𝐔𝐌𝐁𝐔𝐓𝐎𝐆𝐄𝐋",Dianina Bagarino,2026-09-01,keyword:cholera
1544888273899583,https://www.facebook.com/photo?fbid=1544888190566258&set=pcb.1544888273899583,,2026-09-01,"𝐒𝐮𝐩𝗲𝐫 𝐛𝐚𝐠𝐮𝐬 
 𝐒𝐔𝐌𝐁𝐔𝐓𝐎𝐆𝐄𝐋",Luôn Thach,2026-09-01,keyword:cholera
1544888273899583,https://www.facebook.com/photo?fbid=1544888190566258&set=pcb.1544888273899583,,2026-09-01,"𝑺𝒖𝒑𝒆𝒓 𝒃𝒂𝒈𝒖𝒔 
𝐒𝐔𝐌𝐁𝐔𝐓𝐎𝐆𝐄𝐋",Domingas Baptista,2026-09-01,keyword:cholera
1544888273899583,https://www.facebook.com/photo?fbid=1544888190566258&set=pcb.1544888273899583,,2026-09-01,"S𝐮𝐩𝐞r 𝐛a𝐠u𝐬
𝐒𝐔𝐌𝐁𝐔𝐓𝐎𝐆𝐄𝐋",Zea Alina Kalista,2026-09-01,keyword:cholera
1544888273899583,https://www.facebook.com/photo?fbid=1544888190566258&set=pcb.1544888273899583,,2026-09-01,"𝙎𝙪𝙥𝙚𝙧 𝙗𝙖𝙜𝙪s
 𝐒𝐔𝐌𝐁𝐔𝐓𝐎𝐆𝐄𝐋",Giàng Lý Văn,2026-09-01,keyword:cholera
1388727010098978,https://www.facebook.com/photo?fbid=1388727010098978&set=a.525954703042884,,2026-08-29,Hi,Solomon Egwu Salifu,2026-09-01,keyword:cholera
27028797546750457,https://www.facebook.com/photo?fbid=27028797546750457&set=a.492156307507942,,2026-05-05,"Di daerah situ sampai tahun 1960an, masih sering terjadi pemotongan manusia untuk dikonsumsi, contohnya seperti kasus Michael Rockefeller anak miliarder ternama di Amerika yang hilang di situ tahun 1961, menurut penyelidikan yang belakangan dilakukan diketahui bahwa perahu bermotornya mati mesin di tengah sungai dan iapun berenang ke tepian, yang kemudian ditangkap dan dipotong dikonsumsi sampai habis oleh penduduk di situ, ketika kemudian hari ada expedisi Amerika lain mengunjungi daerah itu dan mengenali baju Michael Rockefeller yang dikenakan oleh seorang penduduk setempat dan melalui penterjemah ditanya ""kemana ini pemilik baju tersebut ?"", jawabannya ""sudah habis kami makan""......",Frederick Hermawan,2026-09-01,keyword:kolera
27028797546750457,https://www.facebook.com/photo?fbid=27028797546750457&set=a.492156307507942,,2026-05-05,"Frederick Hermawan Pada tahun 1961, ia melakukan perjalanan ke wilayah Asmat di Nugini Belanda (sekarang Papua, Indonesia). Tujuannya adalah mengumpulkan karya seni ukir kayu, khususnya Bisj Poles (tiang arwah), untuk dipamerkan di Museum of Primitive Art di New York.",Srahadi Silva,2026-09-01,keyword:kolera
27028797546750457,https://www.facebook.com/photo?fbid=27028797546750457&set=a.492156307507942,,2026-05-05,Frederick Hermawan sumber beritanya ada pak?,Akhmad Rizal,2026-09-01,keyword:kolera
27028797546750457,https://www.facebook.com/photo?fbid=27028797546750457&set=a.492156307507942,,2026-05-05,Frederick Hermawan dia anak wapres amerika serikat,Faisal Asri,2026-09-01,keyword:kolera
27028797546750457,https://www.facebook.com/photo?fbid=27028797546750457&set=a.492156307507942,,2026-05-05,Frederick Hermawan naas..selamat dari buaya mati dimakan orang,Eko Cahyono,2026-09-01,keyword:kolera
27028797546750457,https://www.facebook.com/photo?fbid=27028797546750457&set=a.492156307507942,,2026-05-05,"Secara gaya hidup & pola makan ""memang benar"" lebih sehat jaman dahulu dari pada sekarang. Tapi dari segi perkembangan medis zaman sekarang lebih canggih daripada zaman dulu sehingga yg dulu tdk bisa diatasi sekarang jd bisa. Dan kembali lagi umur & jalan kematian manusia dari dulu sampai sekarang tetap sama ada di tangan yg maha kuasa, baik sebab penyakit atau hal² lain.",Achmad Maimun,2026-09-01,keyword:kolera
27028797546750457,https://www.facebook.com/photo?fbid=27028797546750457&set=a.492156307507942,,2026-05-05,"Achmad Maimun Belum tentu juga gaya hidup dan pola makannya lebih baik. Ingat, industrialisasi itu sudah masuk Indonesia tahun 1800an akhir. Belum lagi program2 menindas dari penjajah, kayak tanam paksa, romusha, kerja rodi, peraturan yg jelas menguntungkan penjajah dan kroninya saja dll Alhasil banyak juga kejadian kelaparan, makan ya seadanya saja, lingkungan kerja yg eksploitatif (misal disuruh nambang tanpa alat pengaman dll). Menangnya ya di polusi yg lebih rendah sama aktivitas fisik yg lebih banyak dari sekarang (bahkan banyak yg berlebih mungkin)",Abu Umar Alwari,2026-09-01,keyword:kolera
27028797546750457,https://www.facebook.com/photo?fbid=27028797546750457&set=a.492156307507942,,2026-05-05,Achmad Maimun Darimana Anda tau pola makan dan gaya hidup jaman dulu lebih sehat?,Ragil Kurniawan,2026-09-01,keyword:kolera
27028797546750457,https://www.facebook.com/photo?fbid=27028797546750457&set=a.492156307507942,,2026-05-05,Wareg mikroplastik,Rahmat Aji,2026-09-01,keyword:kolera
27028797546750457,https://www.facebook.com/photo?fbid=27028797546750457&set=a.492156307507942,,2026-05-05,"Achmad Maimun Orang sekarang mengira zaman dulu itu ""slow life."" Realitanya ""starving life."" Dokter sekarang bahkan banyak yang mengira kalau beri-beri itu hoax karena salah tulis di buku pelajaran SD. Padahal dulu itu penyakit orang kelaparan. Sampai kita nggak ngerti itu penyakit apaan, lihat saja nggak pernah.",Afkar Aulia,2026-09-01,keyword:kolera
27028797546750457,https://www.facebook.com/photo?fbid=27028797546750457&set=a.492156307507942,,2026-05-05,Achmad Maimun makan tepung?,Muhammad Alim,2026-09-01,keyword:kolera
27028797546750457,https://www.facebook.com/photo?fbid=27028797546750457&set=a.492156307507942,,2026-05-05,"Nah iya, yg dimaksud ""orang dulu-dulu"" itu dibilang umur panjang ya karena yg umurnya pendek udh gak ada. Jd ingat pepatah ""dead man tell no tales""",Arrieff San,2026-09-01,keyword:kolera
27028797546750457,https://www.facebook.com/photo?fbid=27028797546750457&set=a.492156307507942,,2026-05-05,Arrieff San Capitan Salazar,Noor,2026-09-01,keyword:kolera
27028797546750457,https://www.facebook.com/photo?fbid=27028797546750457&set=a.492156307507942,,2026-05-05,"Arrieff San asal mula sebutan Jack ""Sparrow""",Muhammad Awwaludin,2026-09-01,keyword:kolera
27028797546750457,https://www.facebook.com/photo?fbid=27028797546750457&set=a.492156307507942,,2026-05-05,Arrieff San parlayy,Donx Doffyy,2026-09-01,keyword:kolera
27028797546750457,https://www.facebook.com/photo?fbid=27028797546750457&set=a.492156307507942,,2026-05-05,"Blm lagi polio, sore masih sehat, malemnya demam, besoknya lumpuh, kalo selamet pengkor, kalo gak kuat ya sampai di situ. Temen ibuku banyak yg kena, Alhamdulillah ibuku termasuk bibit unggul",Kurnia Catur,2026-09-01,keyword:kolera
27028797546750457,https://www.facebook.com/photo?fbid=27028797546750457&set=a.492156307507942,,2026-05-05,"Kurnia Catur sama, ipar.nya suami q kena polio, kaki.ny pengkor dan kecil sebelah Tp orang tua.ny meyakini anak.ny kena ulah barang gaib",Muna Moon,2026-09-01,keyword:kolera
27028797546750457,https://www.facebook.com/photo?fbid=27028797546750457&set=a.492156307507942,,2026-05-05,Muna Moon kena sawan. Mau ngetawain kok orang sakit ya..,Kurnia Catur,2026-09-01,keyword:kolera
27028797546750457,https://www.facebook.com/photo?fbid=27028797546750457&set=a.492156307507942,,2026-05-05,"Kurnia Catur Belum lg kasus kematian karena keracunan tempe gembus. Di kampung saya konon satu keluarga meninggal keracunan. Kakak ayah saya sendiri jg meninggalnya krn keracunan tempe gembus, makanya ayah saya gak pernah mau makan tuh tempe krn trauma.",Pamungkas,2026-09-01,keyword:kolera
27028797546750457,https://www.facebook.com/photo?fbid=27028797546750457&set=a.492156307507942,,2026-05-05,"Kurnia Catur adik saya umur 3 th kena polio, lumpuh trus terapy di rumah sakit 2 th, bisa jalan bisa berkarya",Anastasia Agripina Nursanti,2026-09-01,keyword:kolera
27028797546750457,https://www.facebook.com/photo?fbid=27028797546750457&set=a.492156307507942,,2026-05-05,"Orang dulu hidup sampai 90 tahun, tetapi coba ditanya anaknya ada berapa dan yang hidup sampai besar ada berapa. Orang tua zaman dulu bisa lahiran belasan anak, tetapi anak yang hidup sampai besar paling cuma setengahnya.",Aditya Ilhami Anwar,2026-09-01,keyword:kolera
27028797546750457,https://www.facebook.com/photo?fbid=27028797546750457&set=a.492156307507942,,2026-05-05,"Aditya Ilhami Anwar Saya tu sampai mikir, kalau soal umur panjang, generasi kakek nenek kita tu paling ""beruntung"". Sedari muda sudah menjalani gaya hidup sehat dengan gak makan aneh-aneh dan kerja lumayan berat. Mereka berhasil lolos dari berbagai macam penyakit padahal kakak dan adik mereka banyak yang meninggal karena penyakit. Kemudian mereka dewasa dan menua di zaman di mana fasilitas kesehatan sudah lumayan maju. Ya alhasil menua sampai lama lah mereka.",Aloysio Wisnu Adhi Saputro,2026-09-01,keyword:kolera
27028797546750457,https://www.facebook.com/photo?fbid=27028797546750457&set=a.492156307507942,,2026-05-05,"Aditya Ilhami Anwar Itu juga salah satu alasan dibalik konsep ""banyak anak banyak rejeki"", konsep yang sering disalah-pahami pemuda-pemudi Indonesia (Karena melihatnya dengan kacamata modern, bukan kacamata orang dahulu).",Haikal Miftah Anhali,2026-09-01,keyword:kolera
27028797546750457,https://www.facebook.com/photo?fbid=27028797546750457&set=a.492156307507942,,2026-05-05,Aditya Ilhami Anwar mbah ku katanya sodaranya total 7. Tp yg sampe tua cuma 3. Pada meninggal pas masih kecil. Pas aku tanya meninggal kenapa? Katanya jaman dulu makan susah,EgHa Vortunit,2026-09-01,keyword:kolera
27028797546750457,https://www.facebook.com/photo?fbid=27028797546750457&set=a.492156307507942,,2026-05-05,Aditya Ilhami Anwar iya padahal dulu jarang ada dokter atau rumah sakit tapi pada panjang umur,Soni Sptraa,2026-09-01,keyword:kolera
27028797546750457,https://www.facebook.com/photo?fbid=27028797546750457&set=a.492156307507942,,2026-05-05,Aditya Ilhami Anwar ibu saya 12 bersaudara hidup sampai punya keturunan semua,Tomi Atmojo,2026-09-01,keyword:kolera
27028797546750457,https://www.facebook.com/photo?fbid=27028797546750457&set=a.492156307507942,,2026-05-05,"Aditya Ilhami Anwar Jaman dulu blm ada lampu blm ada TV, abis Maghrib gak ada hiburan apa2, makanya anak nya banyak",Donny Rahardian,2026-09-01,keyword:kolera
27028797546750457,https://www.facebook.com/photo?fbid=27028797546750457&set=a.492156307507942,,2026-05-05,"Aditya Ilhami Anwar karena kekurangan gizi, makan aja udah susah malah punya anak banyak.",Didin S,2026-09-01,keyword:kolera
27028797546750457,https://www.facebook.com/photo?fbid=27028797546750457&set=a.492156307507942,,2026-05-05,"Jadi ya emang fakta kalo orang jaman dulu lebih sehat dan panjang umur karna mereka adalah manusia gen super yg terseleksi secara alami selamat dari berbagai macam penyakit yg ada di jamannya tanpa obat dan vaksin, jadi kalo di invincieble ini kayak viltrumate njirr",Dio Wijaya,2026-09-01,keyword:kolera
27028797546750457,https://www.facebook.com/photo?fbid=27028797546750457&set=a.492156307507942,,2026-05-05,"Dio Wijaya viltrumite bapak kau, yang kurang sehat udah mokad duluan dan yang tersisa cuman yang sehat doang, makanya orang beranggapan orang"" dulu itu sehat sehat padahal lebih parah",Alwan Fatwari,2026-09-01,keyword:kolera
2245560035848797,https://www.facebook.com/photo?fbid=2245560035848797&set=a.124354527969369,,2026-06-30,Yg saya amati dri bebek petelur saya juga seperti ini bebek petelur kalo enggak pernah dieramin sama indukan hidup kurang pengalaman kasih sayang dengan telurnya menetas jadi taunya hanya mengerami saja menetas anak pun karena telurnya hasil inkubator gak dirawat malah dipatokin takut sama tuannya kalo dilihat teruspp yg,Inspirit Cha-cha,2026-09-01,keyword:kolera
2245560035848797,https://www.facebook.com/photo?fbid=2245560035848797&set=a.124354527969369,,2026-06-30,Saya punya bebek tp ko telor2..padahal pakan nya 1hari 2kali..,Putri Melayu,2026-09-01,keyword:kolera
2245560035848797,https://www.facebook.com/photo?fbid=2245560035848797&set=a.124354527969369,,2026-06-23,"Benar kak... Mengurus bebek harus paham., cara kasih pakan Dan cara - cara tips ngurus Bebek",Rosmeri Pakpahan,2026-09-01,keyword:kolera
2245560035848797,https://www.facebook.com/photo?fbid=2245560035848797&set=a.124354527969369,,2026-06-30,"Rosmeri Pakpahan benar-benar tepat, jangan lemah lembut",Toni Ramdani,2026-09-01,keyword:kolera
2245560035848797,https://www.facebook.com/photo?fbid=2245560035848797&set=a.124354527969369,,2026-06-30,mau tanya bebek tu kalau bertrlor sehari berapa butir,Nyak War,2026-09-01,keyword:kolera
2245560035848797,https://www.facebook.com/photo?fbid=2245560035848797&set=a.124354527969369,,2026-06-30,Nyak War satu butir sehari,Toni Ramdani,2026-09-01,keyword:kolera
2245560035848797,https://www.facebook.com/photo?fbid=2245560035848797&set=a.124354527969369,,2026-07-21,Beli1 bs gk,Danial Raffan,2026-09-01,keyword:kolera
2245560035848797,https://www.facebook.com/photo?fbid=2245560035848797&set=a.124354527969369,,2026-06-23,"Kang punten untuk seleksi Bebek yg bagus ciri"" Nya apa.. Mksh kang... Salam kenal dari cirebon",Achmad Iskhak,2026-09-01,keyword:kolera
2245560035848797,https://www.facebook.com/photo?fbid=2245560035848797&set=a.124354527969369,,2026-06-30,Achmad Iskhak akan diposting nanti jika tidak dilupakan melalui vt,Toni Ramdani,2026-09-01,keyword:kolera
2245560035848797,https://www.facebook.com/photo?fbid=2245560035848797&set=a.124354527969369,,,Toni Ramdani ok kang... Mksh sangat,,2026-09-01,keyword:kolera
2245560035848797,https://www.facebook.com/photo?fbid=2245560035848797&set=a.124354527969369,,2026-06-23,Sukses ternak nya Bang,Reni Nuraeni,2026-09-01,keyword:kolera
2245560035848797,https://www.facebook.com/photo?fbid=2245560035848797&set=a.124354527969369,,2026-06-30,Reni Nuraeni amin,Toni Ramdani,2026-09-01,keyword:kolera
2245560035848797,https://www.facebook.com/photo?fbid=2245560035848797&set=a.124354527969369,,2026-06-23,Semangat,Winda Nda,2026-09-01,keyword:kolera
2245560035848797,https://www.facebook.com/photo?fbid=2245560035848797&set=a.124354527969369,,2026-06-30,Winda Nda siap kak,Toni Ramdani,2026-09-01,keyword:kolera
2245560035848797,https://www.facebook.com/photo?fbid=2245560035848797&set=a.124354527969369,,2026-06-23,Setuju boss kuh,Abi Cimeng,2026-09-01,keyword:kolera
2245560035848797,https://www.facebook.com/photo?fbid=2245560035848797&set=a.124354527969369,,2026-06-23,Abi Cimeng siap aa,Toni Ramdani,2026-09-01,keyword:kolera
2245560035848797,https://www.facebook.com/photo?fbid=2245560035848797&set=a.124354527969369,,2026-06-23,Memang teori itu mudah prakteknya yg sulit,Mu'alim Modin,2026-09-01,keyword:kolera
2245560035848797,https://www.facebook.com/photo?fbid=2245560035848797&set=a.124354527969369,,2026-06-23,ana merange bang,Kang Kang,2026-09-01,keyword:kolera
2245560035848797,https://www.facebook.com/photo?fbid=2245560035848797&set=a.124354527969369,,2026-06-30,Kang Kang hehhee,Toni Ramdani,2026-09-01,keyword:kolera
2245560035848797,https://www.facebook.com/photo?fbid=2245560035848797&set=a.124354527969369,,2026-06-23,"Saya sendiri gagal karena hasil produksi perhari hanya pas untuk beli pakan perhari,,,berhubung di tempatku mahal sekali pakan Merek isj harga 450.000/ sak",Alfrida Assing,2026-09-01,keyword:kolera
2245560035848797,https://www.facebook.com/photo?fbid=2245560035848797&set=a.124354527969369,,2026-06-23,apakabar harga telur bebek sekarang bang,Srikurniamarly,2026-09-01,keyword:kolera
2245560035848797,https://www.facebook.com/photo?fbid=2245560035848797&set=a.124354527969369,,2026-06-23,itu gak di bolehin angkereim,Linda Putri Bungsu,2026-09-01,keyword:kolera
2245560035848797,https://www.facebook.com/photo?fbid=2245560035848797&set=a.124354527969369,,2026-06-23,Sukses sllu ternaknya bng,Swaii Ke,2026-09-01,keyword:kolera
2245560035848797,https://www.facebook.com/photo?fbid=2245560035848797&set=a.124354527969369,,2026-06-23,Besarnya pak,Sunarti Garden,2026-09-01,keyword:kolera
2245560035848797,https://www.facebook.com/photo?fbid=2245560035848797&set=a.124354527969369,,2026-06-23,Nyimak,Wika Sala UtaraDu,2026-09-01,keyword:kolera
2245560035848797,https://www.facebook.com/photo?fbid=2245560035848797&set=a.124354527969369,,2026-06-23,Semangat Abang ku,Zalfa Bibit Parung,2026-09-01,keyword:kolera
2245560035848797,https://www.facebook.com/photo?fbid=2245560035848797&set=a.124354527969369,,2026-06-30,,Mamath Mixcael,2026-09-01,keyword:kolera
2245560035848797,https://www.facebook.com/photo?fbid=2245560035848797&set=a.124354527969369,,2026-06-23,Banyak telurnyaa,Sonmardi,2026-09-01,keyword:kolera
2245560035848797,https://www.facebook.com/photo?fbid=2245560035848797&set=a.124354527969369,,2026-06-30,Lagi bertelur,Zulfan Al Farizi,2026-09-01,keyword:kolera
2245560035848797,https://www.facebook.com/photo?fbid=2245560035848797&set=a.124354527969369,,2026-06-23,"Iya ,tapi kadang naik turun",Ramlah L,2026-09-01,keyword:kolera
965793779381519,https://www.facebook.com/photo?fbid=965793779381519&set=a.611038358190398,,2026-05-19,Saya juga pake om,Wahyu Dimas,2026-09-01,keyword:kolera
965793779381519,https://www.facebook.com/photo?fbid=965793779381519&set=a.611038358190398,,2026-05-19,dulu pakai untuk ayam broiler,Supadi,2026-09-01,keyword:kolera
965793779381519,https://www.facebook.com/photo?fbid=965793779381519&set=a.611038358190398,,2026-05-19,Jepara hadir menyapa,Bri Utama,2026-09-01,keyword:kolera
965793779381519,https://www.facebook.com/photo?fbid=965793779381519&set=a.611038358190398,,2026-05-19,Bri Utama sulbar hadir,Saud Kmc,2026-09-01,keyword:kolera
965793779381519,https://www.facebook.com/photo?fbid=965793779381519&set=a.611038358190398,,2026-05-19,Jos,familyone farm,2026-09-01,keyword:kolera
965793779381519,https://www.facebook.com/photo?fbid=965793779381519&set=a.611038358190398,,2026-05-19,Hadir om SALM dari Brebes selatan,Ozan,2026-09-01,keyword:kolera
965793779381519,https://www.facebook.com/photo?fbid=965793779381519&set=a.611038358190398,,2026-05-19,Ozan salam dari sulbar,Saud Kmc,2026-09-01,keyword:kolera
965793779381519,https://www.facebook.com/photo?fbid=965793779381519&set=a.611038358190398,,,Saud Kmc iya om,,2026-09-01,keyword:kolera
965793779381519,https://www.facebook.com/photo?fbid=965793779381519&set=a.611038358190398,,,Ozan ok,,2026-09-01,keyword:kolera
965793779381519,https://www.facebook.com/photo?fbid=965793779381519&set=a.611038358190398,,2026-05-19,"Cocok mas ,,",M Dul Malic,2026-09-01,keyword:kolera
965793779381519,https://www.facebook.com/photo?fbid=965793779381519&set=a.611038358190398,,2026-05-19,Mantap bang,Ibnuh Mujib,2026-09-01,keyword:kolera
965793779381519,https://www.facebook.com/photo?fbid=965793779381519&set=a.611038358190398,,2026-06-02,Info yg bermanfaat mas,Burhan Uy,2026-09-01,keyword:kolera
965793779381519,https://www.facebook.com/photo?fbid=965793779381519&set=a.611038358190398,,2026-05-19,Hdir bang,Andi Asad Faiz,2026-09-01,keyword:kolera
965793779381519,https://www.facebook.com/photo?fbid=965793779381519&set=a.611038358190398,,2026-05-19,"Siap masse , trimakasih info nya",Ohenk,2026-09-01,keyword:kolera
965793779381519,https://www.facebook.com/photo?fbid=965793779381519&set=a.611038358190398,,2026-05-19,Nyimak kak,Bu'e Tathan,2026-09-01,keyword:kolera
965793779381519,https://www.facebook.com/photo?fbid=965793779381519&set=a.611038358190398,,2026-05-19,hadir mass,Fajar Khoirul,2026-09-01,keyword:kolera
965793779381519,https://www.facebook.com/photo?fbid=965793779381519&set=a.611038358190398,,2026-05-19,Siap di cobaa,Bayu Nugroho,2026-09-01,keyword:kolera
965793779381519,https://www.facebook.com/photo?fbid=965793779381519&set=a.611038358190398,,2026-05-19,Ilmu baru buat pemula,Musyid,2026-09-01,keyword:kolera
965793779381519,https://www.facebook.com/photo?fbid=965793779381519&set=a.611038358190398,,2026-05-19,Biasane juga pake itu biasane pake tetaklor,Alek Fatkur,2026-09-01,keyword:kolera
965793779381519,https://www.facebook.com/photo?fbid=965793779381519&set=a.611038358190398,,2026-05-19,Saya prnh pake obt itu,Angga,2026-09-01,keyword:kolera
965793779381519,https://www.facebook.com/photo?fbid=965793779381519&set=a.611038358190398,,2026-05-19,Absen,Dona Kate,2026-09-01,keyword:kolera
965793779381519,https://www.facebook.com/photo?fbid=965793779381519&set=a.611038358190398,,2026-05-19,Nyimak mase,Tio Sulistiyo,2026-09-01,keyword:kolera
965793779381519,https://www.facebook.com/photo?fbid=965793779381519&set=a.611038358190398,,2026-05-19,Wajib di kandang ini mh + tetracrol,Yusupm NaylaSyifa,2026-09-01,keyword:kolera
965793779381519,https://www.facebook.com/photo?fbid=965793779381519&set=a.611038358190398,,2026-05-19,Jebul obate kok yo maneko warno,Nip Nup,2026-09-01,keyword:kolera
965793779381519,https://www.facebook.com/photo?fbid=965793779381519&set=a.611038358190398,,2026-05-19,"Spek Ndangak"" Mas",Ahmaddun Nidhom,2026-09-01,keyword:kolera
965793779381519,https://www.facebook.com/photo?fbid=965793779381519&set=a.611038358190398,,2026-05-19,Mnatap mase... Makasih info nya,El kelemer,2026-09-01,keyword:kolera
965793779381519,https://www.facebook.com/photo?fbid=965793779381519&set=a.611038358190398,,2026-05-19,"Mudah pengaplikasiannya, untuk cacingan kasih pinang muda pagi2 sebelum makan, cacing keluar semua.",Kosasih Kosasih,2026-09-01,keyword:kolera
965793779381519,https://www.facebook.com/photo?fbid=965793779381519&set=a.611038358190398,,2026-05-19,Mantap mas,Silverquen Macha,2026-09-01,keyword:kolera
965793779381519,https://www.facebook.com/photo?fbid=965793779381519&set=a.611038358190398,,2026-05-19,Calon sesuatu,Bang Berto,2026-09-01,keyword:kolera
965793779381519,https://www.facebook.com/photo?fbid=965793779381519&set=a.611038358190398,,2026-05-19,Bnyak juga yah obat obatan nya,Firdi,2026-09-01,keyword:kolera
2481092189028438,https://www.facebook.com/photo?fbid=2481092189028438&set=a.143455946125419,@Berlangganan Mila Echa,2026-05-05,"Allahumma sholi Alla Sayidina Muhammad 
 https://www.facebook.com/mila.echa.2025/subscribenow...",Mila Echa,2026-09-01,keyword:kolera
2481092189028438,https://www.facebook.com/photo?fbid=2481092189028438&set=a.143455946125419,@Berlangganan Mila Echa,2026-05-05,Masyaallah,Sala Wati,2026-09-01,keyword:kolera
2481092189028438,https://www.facebook.com/photo?fbid=2481092189028438&set=a.143455946125419,@Berlangganan Mila Echa,2026-05-05,Masyaallahh ka,Ade Roswanti,2026-09-01,keyword:kolera
2481092189028438,https://www.facebook.com/photo?fbid=2481092189028438&set=a.143455946125419,@Berlangganan Mila Echa,2026-05-05,Ade Roswanti subhanallah,Mila Echa,2026-09-01,keyword:kolera
1460739082090014,https://www.facebook.com/photo?fbid=1460739082090014&set=a.275682277262373,@Berlangganan Pengacara Meina LK Simanungkalit,2026-03-17,"Terima kasih, semoga berminat untuk saling suport https://www.facebook.com/pengacara.simanungkalit/subscribe/ https://www.facebook.com/pengacara.../subscribenow...",Pengacara Meina LK Simanungkalit,2026-09-01,keyword:kolera
1460739082090014,https://www.facebook.com/photo?fbid=1460739082090014&set=a.275682277262373,@Berlangganan Pengacara Meina LK Simanungkalit,2026-03-17,"Kalaw bisa jngan di Pamer kn Babinya lh KK..Jdi Gelik nanti orang kita kristen makan Daging babi KK/Ito
Karna kami salah satunya Buka usaha Rm makan Khas Batak.Trimakasih",Rumah M Hasiholanta,2026-09-01,keyword:kolera
1460739082090014,https://www.facebook.com/photo?fbid=1460739082090014&set=a.275682277262373,@Berlangganan Pengacara Meina LK Simanungkalit,2026-03-17,Rumah M Hasiholanta profilmu pun gak jelas. Munafik kalo jadi orang batak.,Pengacara Meina LK Simanungkalit,2026-09-01,keyword:kolera
1460739082090014,https://www.facebook.com/photo?fbid=1460739082090014&set=a.275682277262373,@Berlangganan Pengacara Meina LK Simanungkalit,,Pengacara Meina LK Simanungkalit Boasa dg jelas Ito?,,2026-09-01,keyword:kolera
1460739082090014,https://www.facebook.com/photo?fbid=1460739082090014&set=a.275682277262373,@Berlangganan Pengacara Meina LK Simanungkalit,,Buka FB ku Ito,,2026-09-01,keyword:kolera
1460739082090014,https://www.facebook.com/photo?fbid=1460739082090014&set=a.275682277262373,@Berlangganan Pengacara Meina LK Simanungkalit,,Rumah M Hasiholanta dikunci,,2026-09-01,keyword:kolera
1460739082090014,https://www.facebook.com/photo?fbid=1460739082090014&set=a.275682277262373,@Berlangganan Pengacara Meina LK Simanungkalit,,Tilla Saragih Kalaw pun terkunci..Saya tidak sengaja itu Ito..Kami orang sdikalang Jln SM raja Nomor 306Kec Sidikalang)kab Dairi.Nama Rm makan kami Rm Hasiholanta.,,2026-09-01,keyword:kolera
1460739082090014,https://www.facebook.com/photo?fbid=1460739082090014&set=a.275682277262373,@Berlangganan Pengacara Meina LK Simanungkalit,2026-03-17,"Semoga Tuhan memberi kita rejeki yg lain.tetap semangat,sy pernah mengalaminya tahun 2020 mati puluhan babi.",Bernard,2026-09-01,keyword:kolera
1460739082090014,https://www.facebook.com/photo?fbid=1460739082090014&set=a.275682277262373,@Berlangganan Pengacara Meina LK Simanungkalit,2026-03-17,Kalau masih ada babi lg Coba rebus daun kelor kasih minum atau campur di makanan kami di NTT sumba Timur waingapu pakai itu selamat tapi ada juga yg tdk tau tapi mati atau lambat kasih minum itu kelor.,Rambu Agustina,2026-09-01,keyword:kolera
1460739082090014,https://www.facebook.com/photo?fbid=1460739082090014&set=a.275682277262373,@Berlangganan Pengacara Meina LK Simanungkalit,2026-03-17,Rambu Agustina oke kawan. Terimakasih,Pengacara Meina LK Simanungkalit,2026-09-01,keyword:kolera
1460739082090014,https://www.facebook.com/photo?fbid=1460739082090014&set=a.275682277262373,@Berlangganan Pengacara Meina LK Simanungkalit,2026-03-17,Pengacara Meina LK Simanungkalit kembali terimakasih.,Rambu Agustina,2026-09-01,keyword:kolera
1460739082090014,https://www.facebook.com/photo?fbid=1460739082090014&set=a.275682277262373,@Berlangganan Pengacara Meina LK Simanungkalit,2026-03-17,Bbi klu Uda kena virus itu obat dgn sgala cara pun mati.sy Uda alami. kluar uang bli abat l suntik la.mkan obat dgar orng ksih itu .ksih ini l .egk mempan. Sy 48ekor.hbis smua,Vera Yin Veria Yin,2026-09-01,keyword:kolera
1460739082090014,https://www.facebook.com/photo?fbid=1460739082090014&set=a.275682277262373,@Berlangganan Pengacara Meina LK Simanungkalit,2026-03-24,Dlu babi makan hanya dedak dicampur sayur daun-daun babi sehat2 tp sekarang sdh ada namanya konsentrat yg jelas punya kandungan zat kimia untuk penggemuk babi dan mempercepat pertumbuhan makanya babi sering mati tiba tiba,Toding Odi,2026-09-01,keyword:kolera
1460739082090014,https://www.facebook.com/photo?fbid=1460739082090014&set=a.275682277262373,@Berlangganan Pengacara Meina LK Simanungkalit,2026-03-24,Toding Odi benar kawan. Dan sekarang tidak aman juga babi berkeliaran. Bisa bisa kita didemon tetangga,Pengacara Meina LK Simanungkalit,2026-09-01,keyword:kolera
1460739082090014,https://www.facebook.com/photo?fbid=1460739082090014&set=a.275682277262373,@Berlangganan Pengacara Meina LK Simanungkalit,2026-03-17,Kasi mkn nenas k dl kami punya babi klu sakit trus kami kasi mkn nenas selamat jg babi kami,Mom's Rafael,2026-09-01,keyword:kolera
1460739082090014,https://www.facebook.com/photo?fbid=1460739082090014&set=a.275682277262373,@Berlangganan Pengacara Meina LK Simanungkalit,2026-03-17,Mom's Rafael nanas itu musiman pas tdk musim cari dmn ga ketemu...,Nanik Purwanti,2026-09-01,keyword:kolera
1460739082090014,https://www.facebook.com/photo?fbid=1460739082090014&set=a.275682277262373,@Berlangganan Pengacara Meina LK Simanungkalit,2026-03-17,"Babi gitu, obatnya adalah Regen, yg biasa dipakai basmi hama, baik di perkebunan maupun dipersawahan",Drama Pende,2026-09-01,keyword:kolera
1460739082090014,https://www.facebook.com/photo?fbid=1460739082090014&set=a.275682277262373,@Berlangganan Pengacara Meina LK Simanungkalit,2026-03-17,"Klu penyakit seperti ini dari dulu dah ada semua mahluk hidup punya penyakit tinggal kita merawat nya, biar sehat trus... Yg penting jaga kebersihan, jgn terlalu panik, tergantung nasib kita",Samuel Batubara,2026-09-01,keyword:kolera
1460739082090014,https://www.facebook.com/photo?fbid=1460739082090014&set=a.275682277262373,@Berlangganan Pengacara Meina LK Simanungkalit,2026-03-17,Kasian sepasang bebong ni. Difitnah sampai mati. Dibilang haram padahal bebongnya gatau apa apa,Jugo Sihombing,2026-09-01,keyword:kolera
1460739082090014,https://www.facebook.com/photo?fbid=1460739082090014&set=a.275682277262373,@Berlangganan Pengacara Meina LK Simanungkalit,2026-03-24,Jugo Sihombing mambahen mekkel donhamu bah,Pengacara Meina LK Simanungkalit,2026-09-01,keyword:kolera
1460739082090014,https://www.facebook.com/photo?fbid=1460739082090014&set=a.275682277262373,@Berlangganan Pengacara Meina LK Simanungkalit,2026-03-24,Ito dia do lokasi in on ito,Abed Juntak,2026-09-01,keyword:kolera
1460739082090014,https://www.facebook.com/photo?fbid=1460739082090014&set=a.275682277262373,@Berlangganan Pengacara Meina LK Simanungkalit,2026-03-24,Abed Juntak siborongborong banyak yg kenak,Pengacara Meina LK Simanungkalit,2026-09-01,keyword:kolera
1460739082090014,https://www.facebook.com/photo?fbid=1460739082090014&set=a.275682277262373,@Berlangganan Pengacara Meina LK Simanungkalit,,Pengacara Meina LK Simanungkalit ouh au hona do tong ito,,2026-09-01,keyword:kolera
1460739082090014,https://www.facebook.com/photo?fbid=1460739082090014&set=a.275682277262373,@Berlangganan Pengacara Meina LK Simanungkalit,,Abed Juntak ia ito. Sai tor ro ma gantina ito,,2026-09-01,keyword:kolera
1460739082090014,https://www.facebook.com/photo?fbid=1460739082090014&set=a.275682277262373,@Berlangganan Pengacara Meina LK Simanungkalit,,Pengacara Meina LK Simanungkalit amin..muauliate ma ito,,2026-09-01,keyword:kolera
1460739082090014,https://www.facebook.com/photo?fbid=1460739082090014&set=a.275682277262373,@Berlangganan Pengacara Meina LK Simanungkalit,2026-03-17,Ini dimana ni kakak,Moenmese Jr.,2026-09-01,keyword:kolera
1460739082090014,https://www.facebook.com/photo?fbid=1460739082090014&set=a.275682277262373,@Berlangganan Pengacara Meina LK Simanungkalit,2026-03-17,Minggu kemarin babi saya mencret kaya air kran tapi saya langsung suntik mlam itu besoknya sembuh sampe skarang sehat. Makan bagus seperti biasa,Ledia Derek,2026-09-01,keyword:kolera
1460739082090014,https://www.facebook.com/photo?fbid=1460739082090014&set=a.275682277262373,@Berlangganan Pengacara Meina LK Simanungkalit,2026-03-17,Ledia Derek suntik pakai obat apa sodari,Umbu Manang,2026-09-01,keyword:kolera
1460739082090014,https://www.facebook.com/photo?fbid=1460739082090014&set=a.275682277262373,@Berlangganan Pengacara Meina LK Simanungkalit,2026-03-24,Ledia Derek suntik pakai obat apa kak.,AFabian Daeli,2026-09-01,keyword:kolera
1460739082090014,https://www.facebook.com/photo?fbid=1460739082090014&set=a.275682277262373,@Berlangganan Pengacara Meina LK Simanungkalit,2026-03-17,"Jarum suntik bekas, dipakai secara bergantian",Jeni Pabuba,2026-09-01,keyword:kolera
1460856545411601,https://www.facebook.com/photo?fbid=1460856545411601&set=a.275682277262373,@Berlangganan Pengacara Meina LK Simanungkalit,2026-03-17,"Terima kasih, semoga berminat untuk saling suport https://www.facebook.com/pengacara.simanungkalit/subscribe/ https://www.facebook.com/pengacara.../subscribenow...",Pengacara Meina LK Simanungkalit,2026-09-01,keyword:kolera
1460856545411601,https://www.facebook.com/photo?fbid=1460856545411601&set=a.275682277262373,@Berlangganan Pengacara Meina LK Simanungkalit,2026-03-17,Pengacara Meina LK Simanungkalit apa nama obat yg untuk mencegah kolera bu,Ni Nyoman Pujiartini,2026-09-01,keyword:kolera
1460856545411601,https://www.facebook.com/photo?fbid=1460856545411601&set=a.275682277262373,@Berlangganan Pengacara Meina LK Simanungkalit,,Ni Nyoman Pujiartini vaksin lah kawan,,2026-09-01,keyword:kolera
1460856545411601,https://www.facebook.com/photo?fbid=1460856545411601&set=a.275682277262373,@Berlangganan Pengacara Meina LK Simanungkalit,2026-03-17,Solusinya vaksin rutin tiap 6 bulan bunda.. Kalau sudah kena hog cholera saya di kandang kasih terong hutan berduri campur madu sama kuning telur bunda.. Babinya tertolong..,Ngana Ata Hau,2026-09-01,keyword:kolera
1460856545411601,https://www.facebook.com/photo?fbid=1460856545411601&set=a.275682277262373,@Berlangganan Pengacara Meina LK Simanungkalit,2026-03-17,Ngana Ata Hau yg kayak masalah terungkap hutan kawan. Bolehkah fotokan,Pengacara Meina LK Simanungkalit,2026-09-01,keyword:kolera
1460856545411601,https://www.facebook.com/photo?fbid=1460856545411601&set=a.275682277262373,@Berlangganan Pengacara Meina LK Simanungkalit,,Pengacara Meina LK Simanungkalit,,2026-09-01,keyword:kolera
1460856545411601,https://www.facebook.com/photo?fbid=1460856545411601&set=a.275682277262373,@Berlangganan Pengacara Meina LK Simanungkalit,,"Ngana Ata Hau terongnya dimasak atau gimana kan 
tlg balas ya",,2026-09-01,keyword:kolera
1460856545411601,https://www.facebook.com/photo?fbid=1460856545411601&set=a.275682277262373,@Berlangganan Pengacara Meina LK Simanungkalit,2026-03-17,Ngana Ata Hau dikasih minum sma Babi ya kak? Atau ghe mna?,Azra Arabel War,2026-09-01,keyword:kolera
1460856545411601,https://www.facebook.com/photo?fbid=1460856545411601&set=a.275682277262373,@Berlangganan Pengacara Meina LK Simanungkalit,,Azra Arabel War dikasih minum adik..,,2026-09-01,keyword:kolera
1460856545411601,https://www.facebook.com/photo?fbid=1460856545411601&set=a.275682277262373,@Berlangganan Pengacara Meina LK Simanungkalit,,Ngana Ata Hau berapa banyak kk? Trus dihaluskan terongnya atau ghe mana kk,,2026-09-01,keyword:kolera
1460856545411601,https://www.facebook.com/photo?fbid=1460856545411601&set=a.275682277262373,@Berlangganan Pengacara Meina LK Simanungkalit,2026-03-17,Ngana Ata Hau terong hutan?buahnya atau daunnyanya Ade caranya gimana?,Sarce Mooy,2026-09-01,keyword:kolera
1460856545411601,https://www.facebook.com/photo?fbid=1460856545411601&set=a.275682277262373,@Berlangganan Pengacara Meina LK Simanungkalit,2026-03-17,Di daerah mna yg ada firus ini,Jagarasa Nixon Tadjo Udju,2026-09-01,keyword:kolera
1460856545411601,https://www.facebook.com/photo?fbid=1460856545411601&set=a.275682277262373,@Berlangganan Pengacara Meina LK Simanungkalit,2026-03-17,Jagarasa Nixon Tadjo Udju sumatra kawan,Pengacara Meina LK Simanungkalit,2026-09-01,keyword:kolera
1460856545411601,https://www.facebook.com/photo?fbid=1460856545411601&set=a.275682277262373,@Berlangganan Pengacara Meina LK Simanungkalit,2026-03-17,Diporsea juga lagi musim juga,Telly Banjarnahor,2026-09-01,keyword:kolera
1460856545411601,https://www.facebook.com/photo?fbid=1460856545411601&set=a.275682277262373,@Berlangganan Pengacara Meina LK Simanungkalit,2026-03-17,Telly Banjarnahor ia ya,Pengacara Meina LK Simanungkalit,2026-09-01,keyword:kolera
1460856545411601,https://www.facebook.com/photo?fbid=1460856545411601&set=a.275682277262373,@Berlangganan Pengacara Meina LK Simanungkalit,2026-03-17,Ksi mnm dgn madu kk,Antonius Adu,2026-09-01,keyword:kolera
1460856545411601,https://www.facebook.com/photo?fbid=1460856545411601&set=a.275682277262373,@Berlangganan Pengacara Meina LK Simanungkalit,2026-03-17,Belum nyampai ke sini!,Kustiawan,2026-09-01,keyword:kolera
1460856545411601,https://www.facebook.com/photo?fbid=1460856545411601&set=a.275682277262373,@Berlangganan Pengacara Meina LK Simanungkalit,2026-03-17,Kustiawan semogalah tidak sampai kawan. Kasihan yg mengalaminya,Pengacara Meina LK Simanungkalit,2026-09-01,keyword:kolera
1460856545411601,https://www.facebook.com/photo?fbid=1460856545411601&set=a.275682277262373,@Berlangganan Pengacara Meina LK Simanungkalit,2026-03-17,Daerah mana ini kk di siborong borong yg kena,Lismeyantisimbolon Yanti,2026-09-01,keyword:kolera
1460856545411601,https://www.facebook.com/photo?fbid=1460856545411601&set=a.275682277262373,@Berlangganan Pengacara Meina LK Simanungkalit,2026-03-17,Daerah mana yg terken ni.,Yuliana Bulugatu,2026-09-01,keyword:kolera
1460856545411601,https://www.facebook.com/photo?fbid=1460856545411601&set=a.275682277262373,@Berlangganan Pengacara Meina LK Simanungkalit,2026-03-17,Yuliana Bulugatu punya org itu kawan. Di sumatra,Pengacara Meina LK Simanungkalit,2026-09-01,keyword:kolera
1460856545411601,https://www.facebook.com/photo?fbid=1460856545411601&set=a.275682277262373,@Berlangganan Pengacara Meina LK Simanungkalit,2026-03-17,Terimakasih infonya,Lastiar Sitompul,2026-09-01,keyword:kolera
1460856545411601,https://www.facebook.com/photo?fbid=1460856545411601&set=a.275682277262373,@Berlangganan Pengacara Meina LK Simanungkalit,2026-03-17,Nyimak aza lah bunda,Indah Manihuruk,2026-09-01,keyword:kolera
1460856545411601,https://www.facebook.com/photo?fbid=1460856545411601&set=a.275682277262373,@Berlangganan Pengacara Meina LK Simanungkalit,2026-03-17,Mantap kakak terimakasih infonya kk,Elly Rencana Sitanggang,2026-09-01,keyword:kolera
939878741973023,https://www.facebook.com/photo?fbid=939878741973023&set=a.611038358190398,,2026-04-14,Mantap,Kang Maz Raditte,2026-09-01,keyword:kolera
939878741973023,https://www.facebook.com/photo?fbid=939878741973023&set=a.611038358190398,,2026-04-14,Jos mas,Ipan Kumara,2026-09-01,keyword:kolera
939878741973023,https://www.facebook.com/photo?fbid=939878741973023&set=a.611038358190398,,2026-04-21,Nyimak,Sodo Kencono,2026-09-01,keyword:kolera
939878741973023,https://www.facebook.com/photo?fbid=939878741973023&set=a.611038358190398,,2026-04-14,"maaf bang mau tanya,vaksin ini bisa di aplikasikan ke ayam mulai memasuki umur berapa z bang?",Saiifhul ANs,2026-09-01,keyword:kolera
939878741973023,https://www.facebook.com/photo?fbid=939878741973023&set=a.611038358190398,,2026-04-14,Sangat rekomendasi mas qu,Wawan Kurniawan,2026-09-01,keyword:kolera
939878741973023,https://www.facebook.com/photo?fbid=939878741973023&set=a.611038358190398,,2026-04-14,Cara nyuntiknya di bagian mana mas,Ketan Ireng,2026-09-01,keyword:kolera
939878741973023,https://www.facebook.com/photo?fbid=939878741973023&set=a.611038358190398,,2026-04-14,keren,Supadi,2026-09-01,keyword:kolera
939878741973023,https://www.facebook.com/photo?fbid=939878741973023&set=a.611038358190398,,2026-04-14,Siipp,Bram Agustus,2026-09-01,keyword:kolera
939878741973023,https://www.facebook.com/photo?fbid=939878741973023&set=a.611038358190398,,2026-04-14,Obat josjis,Khoirul Huda,2026-09-01,keyword:kolera
939878741973023,https://www.facebook.com/photo?fbid=939878741973023&set=a.611038358190398,,2026-04-14,sangat direkomendasikan mas,Naufal Kuswardana,2026-09-01,keyword:kolera
939878741973023,https://www.facebook.com/photo?fbid=939878741973023&set=a.611038358190398,,2026-04-14,Rekom nih ketua,Hans Pratama,2026-09-01,keyword:kolera
939878741973023,https://www.facebook.com/photo?fbid=939878741973023&set=a.611038358190398,,2026-04-14,Nderek belajar,Alek Fatkur,2026-09-01,keyword:kolera
939878741973023,https://www.facebook.com/photo?fbid=939878741973023&set=a.611038358190398,,2026-04-14,Jos mas,Doni Faizun,2026-09-01,keyword:kolera
939878741973023,https://www.facebook.com/photo?fbid=939878741973023&set=a.611038358190398,,2026-04-14,Joss,Feri Fitrianto,2026-09-01,keyword:kolera
939878741973023,https://www.facebook.com/photo?fbid=939878741973023&set=a.611038358190398,,2026-04-14,Siap,Toh Jali,2026-09-01,keyword:kolera
939878741973023,https://www.facebook.com/photo?fbid=939878741973023&set=a.611038358190398,,2026-05-26,Mantap,Zaed,2026-09-01,keyword:kolera
939878741973023,https://www.facebook.com/photo?fbid=939878741973023&set=a.611038358190398,,2026-05-26,Rekomendasi,Ahmad YH,2026-09-01,keyword:kolera
939878741973023,https://www.facebook.com/photo?fbid=939878741973023&set=a.611038358190398,,2026-05-12,Gagah abangku,Syahra Frm,2026-09-01,keyword:kolera
939878741973023,https://www.facebook.com/photo?fbid=939878741973023&set=a.611038358190398,,2026-04-21,P,Irfan Khaput,2026-09-01,keyword:kolera
939878741973023,https://www.facebook.com/photo?fbid=939878741973023&set=a.611038358190398,,2026-05-19,,Al Hanif,2026-09-01,keyword:kolera
939878741973023,https://www.facebook.com/photo?fbid=939878741973023&set=a.611038358190398,,2026-04-14,Benar sekali,Ibnuh Mujib,2026-09-01,keyword:kolera
939878741973023,https://www.facebook.com/photo?fbid=939878741973023&set=a.611038358190398,,2026-04-14,Nyimak,Sigit Okta,2026-09-01,keyword:kolera
939878741973023,https://www.facebook.com/photo?fbid=939878741973023&set=a.611038358190398,,2026-04-14,Nyimak bosku,Irwan Fals,2026-09-01,keyword:kolera
939878741973023,https://www.facebook.com/photo?fbid=939878741973023&set=a.611038358190398,,2026-04-14,Nyimak,Zea Ngawi,2026-09-01,keyword:kolera
939878741973023,https://www.facebook.com/photo?fbid=939878741973023&set=a.611038358190398,,2026-04-14,Mantap,Boedy S,2026-09-01,keyword:kolera
939878741973023,https://www.facebook.com/photo?fbid=939878741973023&set=a.611038358190398,,2026-04-14,Mantap,Kurniawan Tommy,2026-09-01,keyword:kolera
939878741973023,https://www.facebook.com/photo?fbid=939878741973023&set=a.611038358190398,,2026-04-14,Obat paling ampuh..,Yogi Bolot,2026-09-01,keyword:kolera
939878741973023,https://www.facebook.com/photo?fbid=939878741973023&set=a.611038358190398,,2026-04-14,Mntab bang ku,Danang Putu,2026-09-01,keyword:kolera
939878741973023,https://www.facebook.com/photo?fbid=939878741973023&set=a.611038358190398,,2026-04-14,Berapa itu mas,Ratumas Sabarriah Sabariah Ratumas,2026-09-01,keyword:kolera
939878741973023,https://www.facebook.com/photo?fbid=939878741973023&set=a.611038358190398,,2026-04-14,,Achmad Robbit'h,2026-09-01,keyword:kolera
1971732270436187,https://www.facebook.com/photo?fbid=1971732270436187&set=a.1622278065381611,,2026-01-20,Permasalahan utama biasanya sirkulasi kurang lancar ditambah kandang kurang berzih. Bioscuriti diperketat.,Bahirra Costum,2026-09-01,keyword:kolera
1971732270436187,https://www.facebook.com/photo?fbid=1971732270436187&set=a.1622278065381611,,2026-01-20,"Jaga kebersihan dan disinfeksi tempt pakan, tempat minum, dan kandang… amonia juga di kendalikan jgn sampai tinggi dgn membersihkan alas kandang",Bunglon Rengga Echigoya,2026-09-01,keyword:kolera
1971732270436187,https://www.facebook.com/photo?fbid=1971732270436187&set=a.1622278065381611,,2026-01-20,Tak ada obat malah menular om,War Ta,2026-09-01,keyword:kolera
1971732270436187,https://www.facebook.com/photo?fbid=1971732270436187&set=a.1622278065381611,,2026-01-20,Betul saya mati sekandang,Sendal Jepit,2026-09-01,keyword:kolera
1971732270436187,https://www.facebook.com/photo?fbid=1971732270436187&set=a.1622278065381611,,,Sendal Jepit ngerii amat ya bisnis ayam petelur resikonya besar,,2026-09-01,keyword:kolera
1971732270436187,https://www.facebook.com/photo?fbid=1971732270436187&set=a.1622278065381611,,,Ya,,2026-09-01,keyword:kolera
1971732270436187,https://www.facebook.com/photo?fbid=1971732270436187&set=a.1622278065381611,,,Javas Dhika tapi cuannya juga sangat menggiurkan om,,2026-09-01,keyword:kolera
1971732270436187,https://www.facebook.com/photo?fbid=1971732270436187&set=a.1622278065381611,,2026-01-20,"Ayam sy jg bgetu mati semua kena kolera, d kasih obat tp tdk ad yg mempan",Ruty Sesa,2026-09-01,keyword:kolera
1971732270436187,https://www.facebook.com/photo?fbid=1971732270436187&set=a.1622278065381611,,,Percuma di kasih obat nga mempan klw udah krna ka,,2026-09-01,keyword:kolera
1971732270436187,https://www.facebook.com/photo?fbid=1971732270436187&set=a.1622278065381611,,2026-01-20,Kalok udh terkena kandang mati kadang ada jg yg hidup,Bing Loteng,2026-09-01,keyword:kolera
1971732270436187,https://www.facebook.com/photo?fbid=1971732270436187&set=a.1622278065381611,,2026-01-20,Izin pak.. coba kasih koleredin dan di suntik medoxy LA insyaallah sembuh,Luwung Destri Hartono,2026-09-01,keyword:kolera
1971732270436187,https://www.facebook.com/photo?fbid=1971732270436187&set=a.1622278065381611,,2026-01-20,bang cara ngobatin ayam yg jenggernya kena jamur pake apa ya,Brave Boy,2026-09-01,keyword:kolera
1971732270436187,https://www.facebook.com/photo?fbid=1971732270436187&set=a.1622278065381611,,2026-01-20,Falcon Neww salep,M Muksin,2026-09-01,keyword:kolera
1971732270436187,https://www.facebook.com/photo?fbid=1971732270436187&set=a.1622278065381611,,2026-01-20,Falcon Neww kalau saya sarankan pakai anti seep ckup oleskan aja,Slamsyah Msa Depn,2026-09-01,keyword:kolera
1971732270436187,https://www.facebook.com/photo?fbid=1971732270436187&set=a.1622278065381611,,2026-01-20,Kasi minum arak bosku sembuh itu,Asrin Ado,2026-09-01,keyword:kolera
1971732270436187,https://www.facebook.com/photo?fbid=1971732270436187&set=a.1622278065381611,,2026-01-20,Asrin Ado waduh Benaran tah,Reccok Bf,2026-09-01,keyword:kolera
1971732270436187,https://www.facebook.com/photo?fbid=1971732270436187&set=a.1622278065381611,,2026-01-20,Reccok Bf dikampungku begitu,Asrin Ado,2026-09-01,keyword:kolera
1971732270436187,https://www.facebook.com/photo?fbid=1971732270436187&set=a.1622278065381611,,2026-01-13,Solusinya donk suhu,Saefi Angin,2026-09-01,keyword:kolera
1971732270436187,https://www.facebook.com/photo?fbid=1971732270436187&set=a.1622278065381611,,2026-01-20,Saefi Angin ada koleridin kang,Reccok Bf,2026-09-01,keyword:kolera
1971732270436187,https://www.facebook.com/photo?fbid=1971732270436187&set=a.1622278065381611,,2026-01-20,Reccok Bf obatnya apa,Saefi Angin,2026-09-01,keyword:kolera
1971732270436187,https://www.facebook.com/photo?fbid=1971732270436187&set=a.1622278065381611,,2026-01-20,Karantina injek dengan medoxy La dan pemberian obat coleridin tablet,Papae Mekha,2026-09-01,keyword:kolera
1971732270436187,https://www.facebook.com/photo?fbid=1971732270436187&set=a.1622278065381611,,2026-01-20,Mulai bertelur umur brp kk,Cantika Wati,2026-09-01,keyword:kolera
1971732270436187,https://www.facebook.com/photo?fbid=1971732270436187&set=a.1622278065381611,,2026-01-20,"Untuk ayam ttpa sehat jaga kesetabilan sirkulasi udara, usahakan amoniak agar tidak naik.",Acing,2026-09-01,keyword:kolera
1971732270436187,https://www.facebook.com/photo?fbid=1971732270436187&set=a.1622278065381611,,2026-01-20,Rutin kasih koleredin om.sembuh sembuh,Rizky Jo,2026-09-01,keyword:kolera
1971732270436187,https://www.facebook.com/photo?fbid=1971732270436187&set=a.1622278065381611,,2026-01-20,"Karantina lord,, kasi super Tetra,, minume rebusan daun pepaya ni tak coba ada 2'sembuh,,, yg lain tk semprot pakai rodalon, dikit lodin,tamba GPU,, dikit campur aduk semprot ayam,,",Sudirjo,2026-09-01,keyword:kolera
1971732270436187,https://www.facebook.com/photo?fbid=1971732270436187&set=a.1622278065381611,,2026-01-20,Tak nyimak Sik mas,Tegar Wisnu Pamungkas,2026-09-01,keyword:kolera
1971732270436187,https://www.facebook.com/photo?fbid=1971732270436187&set=a.1622278065381611,,2026-01-20,Tegar Wisnu Pamungkas asik suhunya nongol,Reccok Bf,2026-09-01,keyword:kolera
1971732270436187,https://www.facebook.com/photo?fbid=1971732270436187&set=a.1622278065381611,,2026-01-20,Kasih bawang putih mas,Aries Kurniawan,2026-09-01,keyword:kolera
1971732270436187,https://www.facebook.com/photo?fbid=1971732270436187&set=a.1622278065381611,,2026-01-20,Aries Kurniawan bawang bukannya untuk nyambel mas,Rio Cokobiz,2026-09-01,keyword:kolera
1971732270436187,https://www.facebook.com/photo?fbid=1971732270436187&set=a.1622278065381611,,,Rio Cokobiz bawang putih bagus untuk antibiotik alami,,2026-09-01,keyword:kolera
1624121478957672,https://www.facebook.com/photo?fbid=26095000376773744&set=pcb.1624121478957672,,2026-01-20,18 Juni THN 1894,Fin N,2026-09-01,keyword:kolera
1624121478957672,https://www.facebook.com/photo?fbid=26095000376773744&set=pcb.1624121478957672,,2026-01-20,"Transkripsi (Melayu Ejaan Asli/Lama): ""Warta... kepada Tuan yang mulia bahwa pada hari Ahad 18 hb ini di terang dapat dikit cokelat... dari siang 10 hb ini 11 orang dapat dikit harga 1 laki... menunggu 10 tahun... hasil kebun dari toko hari Jumuat dikit baik... orang dapat dikit berkata lagi... apa ada jaminan orang pada masuk... dan tuan yang mulia dikit baik..."" Terjemahan Bebas (Bahasa Indonesia Modern): ""Laporan... kepada Tuan yang mulia bahwa pada hari Minggu tanggal 18 bulan ini, secara terang-terangan didapati sedikit (hasil) cokelat... sejak siang tanggal 10 bulan ini ada 11 orang yang mendapatkan sedikit harga untuk 1 laki-laki... menunggu selama 10 tahun... hasil kebun dari toko pada hari Jumat terpantau cukup baik... orang-orang mulai membicarakannya lagi... apakah ada jaminan bagi orang-orang yang masuk (bekerja/berkunjung)... dan semoga Tuan yang mulia dalam keadaan baik...""",Olof Masela,2026-09-01,keyword:kolera
122187859640758978,https://www.facebook.com/photo?fbid=122187859640758978&set=a.122116053140758978,,2026-07-28,@pengikut,Ipunk Celuller,2026-09-01,keyword:kolera
122187859640758978,https://www.facebook.com/photo?fbid=122187859640758978&set=a.122116053140758978,,2026-07-28,@sorotan,Ipunk Celuller,2026-09-01,keyword:kolera
122187859640758978,https://www.facebook.com/photo?fbid=122187859640758978&set=a.122116053140758978,,2026-07-28,kesempatan sensus ekonomi berti ndan takonane pendapatan....,Kichel Wakwaww,2026-09-01,keyword:kolera
122187859640758978,https://www.facebook.com/photo?fbid=122187859640758978&set=a.122116053140758978,,2026-07-28,"Kichel Wakwaww mau kt di tekani cel,takoni pendapat per bulane pira,tak jawab 50 rb kadang y kotos balike numpak becak",Ipunk Celuller,2026-09-01,keyword:kolera
122187859640758978,https://www.facebook.com/photo?fbid=122187859640758978&set=a.122116053140758978,,,Ipunk Celuller pertnyaan trsebut ws di setting ning apk ndan ... negen ch di jawabe sebulan semilyar knong ndan,,2026-09-01,keyword:kolera
122187859640758978,https://www.facebook.com/photo?fbid=122187859640758978&set=a.122116053140758978,,,Kichel Wakwaww kkkkkkkk,,2026-09-01,keyword:kolera
122187859640758978,https://www.facebook.com/photo?fbid=122187859640758978&set=a.122116053140758978,,2026-07-28,bule hitam,Redi Indrawan,2026-09-01,keyword:kolera
122187859640758978,https://www.facebook.com/photo?fbid=122187859640758978&set=a.122116053140758978,,2026-07-28,Redi Indrawan ya ul,Ipunk Celuller,2026-09-01,keyword:kolera
122133577185351982,https://www.facebook.com/photo?fbid=122133577185351982&set=a.122096158851351982,,2026-08-25,,Nongnut Oongsanthia,2026-09-01,keyword:อหิวาตกโรค
1282784560711529,https://www.facebook.com/photo?fbid=1282784560711529&set=a.234689328854396,,2026-05-26,@ผู้ติดตาม,โรงพยาบาลคีรีรัฐนิคม จังหวัดสุราษฎร์ธานี,2026-09-01,keyword:อหิวาตกโรค
1426680656255329,https://www.facebook.com/photo?fbid=1426680656255329&set=a.231607739095966,@เฝ้าระวังเข้ม อหิวาตกโรค หลังพบการระบาดในย่างกุ้ง 149 ราย เสียชีวิต 1 ราย,2026-08-25,https://www.tnnthailand.com/health/244371/,TNN Health,2026-09-01,keyword:อหิวาตกโรค
1426680656255329,https://www.facebook.com/photo?fbid=1426680656255329&set=a.231607739095966,@เฝ้าระวังเข้ม อหิวาตกโรค หลังพบการระบาดในย่างกุ้ง 149 ราย เสียชีวิต 1 ราย,2026-08-25,นึกว่ากุ้งย่าง,Nes Harirak,2026-09-01,keyword:อหิวาตกโรค
1426680656255329,https://www.facebook.com/photo?fbid=1426680656255329&set=a.231607739095966,@เฝ้าระวังเข้ม อหิวาตกโรค หลังพบการระบาดในย่างกุ้ง 149 ราย เสียชีวิต 1 ราย,2026-08-25,"ย่างกุ้งไม่ได้
.น้ันต้ม",ฉี ชบา,2026-09-01,keyword:อหิวาตกโรค
1426680656255329,https://www.facebook.com/photo?fbid=1426680656255329&set=a.231607739095966,@เฝ้าระวังเข้ม อหิวาตกโรค หลังพบการระบาดในย่างกุ้ง 149 ราย เสียชีวิต 1 ราย,2026-08-25,400ราย ครับ,Sai Tun Shwe Sai,2026-09-01,keyword:อหิวาตกโรค
1426680656255329,https://www.facebook.com/photo?fbid=1426680656255329&set=a.231607739095966,@เฝ้าระวังเข้ม อหิวาตกโรค หลังพบการระบาดในย่างกุ้ง 149 ราย เสียชีวิต 1 ราย,2026-08-25,คราวนี้ล่ะ ไอ้พวกพม่าต่างด้าว ที่มันลักลอบกันเข้ามา คือตัวนำพาอหิวาตกโรคแน่ หรืออาจจะมีแล้วก็ได้ไอ้พม่าที่แอบเข้ามาก่อนหน้านี้,Kit Kitti,2026-09-01,keyword:อหิวาตกโรค
1426680656255329,https://www.facebook.com/photo?fbid=1426680656255329&set=a.231607739095966,@เฝ้าระวังเข้ม อหิวาตกโรค หลังพบการระบาดในย่างกุ้ง 149 ราย เสียชีวิต 1 ราย,2026-08-25,Kit Kitti บ้านเมืองวุ่นวายจะตายถ้ามีโรคที่ทำให้ตายไว้ก็ดีอยู่ก็เหมือนจะตายดีไม่ตายดี,Kittal Eternally,2026-09-01,keyword:อหิวาตกโรค
1426680656255329,https://www.facebook.com/photo?fbid=1426680656255329&set=a.231607739095966,@เฝ้าระวังเข้ม อหิวาตกโรค หลังพบการระบาดในย่างกุ้ง 149 ราย เสียชีวิต 1 ราย,,Kittal Eternally ใช่เลยครับ พวกมันนี้โครตโสโครก ถ้ามันอยู่รวมๆกันนะเรื่องสกปรกโครตโสโครกนี่ให้พวกมันเลย,,2026-09-01,keyword:อหิวาตกโรค
1426680656255329,https://www.facebook.com/photo?fbid=1426680656255329&set=a.231607739095966,@เฝ้าระวังเข้ม อหิวาตกโรค หลังพบการระบาดในย่างกุ้ง 149 ราย เสียชีวิต 1 ราย,2026-08-25,Kit Kitti มันสกปรกคากถุยไปทั่ว,ฉี ชบา,2026-09-01,keyword:อหิวาตกโรค
1426680656255329,https://www.facebook.com/photo?fbid=1426680656255329&set=a.231607739095966,@เฝ้าระวังเข้ม อหิวาตกโรค หลังพบการระบาดในย่างกุ้ง 149 ราย เสียชีวิต 1 ราย,,ฉี ชบา ใช่ครับ ไอ้ต่างด้าวพวกนี้น่ารังเกียจ,,2026-09-01,keyword:อหิวาตกโรค
1426680656255329,https://www.facebook.com/photo?fbid=1426680656255329&set=a.231607739095966,@เฝ้าระวังเข้ม อหิวาตกโรค หลังพบการระบาดในย่างกุ้ง 149 ราย เสียชีวิต 1 ราย,2026-08-25,Noona Angel,Ribbon Ribbon,2026-09-01,keyword:อหิวาตกโรค
1426680656255329,https://www.facebook.com/photo?fbid=1426680656255329&set=a.231607739095966,@เฝ้าระวังเข้ม อหิวาตกโรค หลังพบการระบาดในย่างกุ้ง 149 ราย เสียชีวิต 1 ราย,2026-08-25,Ribbon Ribbon ว้าย,Noona Angel,2026-09-01,keyword:อหิวาตกโรค
1426680656255329,https://www.facebook.com/photo?fbid=1426680656255329&set=a.231607739095966,@เฝ้าระวังเข้ม อหิวาตกโรค หลังพบการระบาดในย่างกุ้ง 149 ราย เสียชีวิต 1 ราย,2026-08-25,Hati-hati,Kanya Wongnarut,2026-09-01,keyword:อหิวาตกโรค
1426680656255329,https://www.facebook.com/photo?fbid=1426680656255329&set=a.231607739095966,@เฝ้าระวังเข้ม อหิวาตกโรค หลังพบการระบาดในย่างกุ้ง 149 ราย เสียชีวิต 1 ราย,2026-08-25,ไอ้ผมก็บอกเมียว่าช่วงนี้งดซื้อย่างกุ้งมากินก่อน,Kiattisak Boonchu,2026-09-01,keyword:อหิวาตกโรค
1426680656255329,https://www.facebook.com/photo?fbid=1426680656255329&set=a.231607739095966,@เฝ้าระวังเข้ม อหิวาตกโรค หลังพบการระบาดในย่างกุ้ง 149 ราย เสียชีวิต 1 ราย,2026-08-25,พม่าเป็นล้านพี่ไท,พ่อครัว หัวเขียว,2026-09-01,keyword:อหิวาตกโรค
1426680656255329,https://www.facebook.com/photo?fbid=1426680656255329&set=a.231607739095966,@เฝ้าระวังเข้ม อหิวาตกโรค หลังพบการระบาดในย่างกุ้ง 149 ราย เสียชีวิต 1 ราย,2026-08-25,มศว มีชุดตรวจ ATK สำหรับ Vibrio cholerae ทุกสายพันธุ์ อยู่นะครับ เผื่อใครสนใจ ^^,Nan Patchanan,2026-09-01,keyword:อหิวาตกโรค
1426680656255329,https://www.facebook.com/photo?fbid=1426680656255329&set=a.231607739095966,@เฝ้าระวังเข้ม อหิวาตกโรค หลังพบการระบาดในย่างกุ้ง 149 ราย เสียชีวิต 1 ราย,2026-08-25,เดียวก็มาไทย,Goemon Ronin,2026-09-01,keyword:อหิวาตกโรค
1426680656255329,https://www.facebook.com/photo?fbid=1426680656255329&set=a.231607739095966,@เฝ้าระวังเข้ม อหิวาตกโรค หลังพบการระบาดในย่างกุ้ง 149 ราย เสียชีวิต 1 ราย,2026-08-25,โรคห่า,เซฟ หงษ์ทอง,2026-09-01,keyword:อหิวาตกโรค
1426680656255329,https://www.facebook.com/photo?fbid=1426680656255329&set=a.231607739095966,@เฝ้าระวังเข้ม อหิวาตกโรค หลังพบการระบาดในย่างกุ้ง 149 ราย เสียชีวิต 1 ราย,2026-08-25,ไม่นานมาแพร่ที่ไทยแน่ เพราะคนพม่าเข้าออกง่ายยังกะเดินตลาด,บุญการ จูห้อง,2026-09-01,keyword:อหิวาตกโรค
1426680656255329,https://www.facebook.com/photo?fbid=1426680656255329&set=a.231607739095966,@เฝ้าระวังเข้ม อหิวาตกโรค หลังพบการระบาดในย่างกุ้ง 149 ราย เสียชีวิต 1 ราย,2026-08-25,ระวังคนพม่าเข้าไทย จะเอาเชื้อมาระบาดในประเทศไทยให้ดีเถอะ,สายยอ เทึยนทอง,2026-09-01,keyword:อหิวาตกโรค
2543551972786147,https://www.facebook.com/photo?fbid=2543551972786147&set=a.2063367960804553,@Berlangganan ลูกพระธาตุ เมืองคอน,2026-08-28,"Terima kasih kepada semua saudara-saudaraku, saudara-saudara laki-laki dan perempuan, yang mampir untuk mengucapkan halo dan berbagi pikiran 
 https://www.facebook.com/nopparat.../subscribenow...",ลูกพระธาตุ เมืองคอน,2026-09-01,keyword:อหิวาตกโรค
2543551972786147,https://www.facebook.com/photo?fbid=2543551972786147&set=a.2063367960804553,@Berlangganan ลูกพระธาตุ เมืองคอน,2026-08-28,น้อมกราบสาธุ ในพระบารมี เสด็จเตี่ย กรมหลวงชุมพร,ลูกพระธาตุ เมืองคอน,2026-09-01,keyword:อหิวาตกโรค
2543551972786147,https://www.facebook.com/photo?fbid=2543551972786147&set=a.2063367960804553,@Berlangganan ลูกพระธาตุ เมืองคอน,2026-08-28,Tunduk. Amin.,สาคร นวลประจักร์,2026-09-01,keyword:อหิวาตกโรค
2543551972786147,https://www.facebook.com/photo?fbid=2543551972786147&set=a.2063367960804553,@Berlangganan ลูกพระธาตุ เมืองคอน,2026-08-28,สาคร นวลประจักร์ พระบารมีเสด็จเตี่ยคุ้มครองครับ,ลูกพระธาตุ เมืองคอน,2026-09-01,keyword:อหิวาตกโรค
2543551972786147,https://www.facebook.com/photo?fbid=2543551972786147&set=a.2063367960804553,@Berlangganan ลูกพระธาตุ เมืองคอน,2026-08-28,,Chainat Tipraksa,2026-09-01,keyword:อหิวาตกโรค
2543551972786147,https://www.facebook.com/photo?fbid=2543551972786147&set=a.2063367960804553,@Berlangganan ลูกพระธาตุ เมืองคอน,2026-08-29,Chainat Tipraksa Amin,ลูกพระธาตุ เมืองคอน,2026-09-01,keyword:อหิวาตกโรค
2543551972786147,https://www.facebook.com/photo?fbid=2543551972786147&set=a.2063367960804553,@Berlangganan ลูกพระธาตุ เมืองคอน,2026-08-28,,ทรัพย์สถิต จูดจันทร์,2026-09-01,keyword:อหิวาตกโรค
2543551972786147,https://www.facebook.com/photo?fbid=2543551972786147&set=a.2063367960804553,@Berlangganan ลูกพระธาตุ เมืองคอน,2026-08-29,ทรัพย์สถิต จูดจันทร์ รับพรอันเป็นมงคลครับพี่,ลูกพระธาตุ เมืองคอน,2026-09-01,keyword:อหิวาตกโรค
2543551972786147,https://www.facebook.com/photo?fbid=2543551972786147&set=a.2063367960804553,@Berlangganan ลูกพระธาตุ เมืองคอน,2026-08-30,น้อมกราบบูชาพระองค์ท่านหมอพร,วรางค์อร มังกรทอง,2026-09-01,keyword:อหิวาตกโรค
2543551972786147,https://www.facebook.com/photo?fbid=2543551972786147&set=a.2063367960804553,@Berlangganan ลูกพระธาตุ เมืองคอน,2026-08-30,วรางค์อร มังกรทอง รับพรอันเป็นสิริมงคลครับ,ลูกพระธาตุ เมืองคอน,2026-09-01,keyword:อหิวาตกโรค
2543551972786147,https://www.facebook.com/photo?fbid=2543551972786147&set=a.2063367960804553,@Berlangganan ลูกพระธาตุ เมืองคอน,2026-08-29,"น้อมกราบบูชา
น้อมกราบบูชา
น้อมกราบบูชา
 สาธุ สาธุ สาธุ",Puwanai Inha,2026-09-01,keyword:อหิวาตกโรค
2543551972786147,https://www.facebook.com/photo?fbid=2543551972786147&set=a.2063367960804553,@Berlangganan ลูกพระธาตุ เมืองคอน,2026-08-29,Puwanai Inha Amin,ลูกพระธาตุ เมืองคอน,2026-09-01,keyword:อหิวาตกโรค
2543551972786147,https://www.facebook.com/photo?fbid=2543551972786147&set=a.2063367960804553,@Berlangganan ลูกพระธาตุ เมืองคอน,2026-08-29,,แอ๊ด เชาวนีย์,2026-09-01,keyword:อหิวาตกโรค
2543551972786147,https://www.facebook.com/photo?fbid=2543551972786147&set=a.2063367960804553,@Berlangganan ลูกพระธาตุ เมืองคอน,2026-08-29,แอ๊ด เชาวนีย์ สาธุครับ,ลูกพระธาตุ เมืองคอน,2026-09-01,keyword:อหิวาตกโรค
2543551972786147,https://www.facebook.com/photo?fbid=2543551972786147&set=a.2063367960804553,@Berlangganan ลูกพระธาตุ เมืองคอน,2026-08-28,,Patchanok Nok,2026-09-01,keyword:อหิวาตกโรค
2543551972786147,https://www.facebook.com/photo?fbid=2543551972786147&set=a.2063367960804553,@Berlangganan ลูกพระธาตุ เมืองคอน,2026-08-28,Patchanok Nok Amin,ลูกพระธาตุ เมืองคอน,2026-09-01,keyword:อหิวาตกโรค
2543551972786147,https://www.facebook.com/photo?fbid=2543551972786147&set=a.2063367960804553,@Berlangganan ลูกพระธาตุ เมืองคอน,2026-08-29,,ชัย ระนอง พวงสุวรรณ,2026-09-01,keyword:อหิวาตกโรค
2543551972786147,https://www.facebook.com/photo?fbid=2543551972786147&set=a.2063367960804553,@Berlangganan ลูกพระธาตุ เมืองคอน,2026-08-30,ชัย ระนอง พวงสุวรรณ พระบารมีเสด็จเตี่ยกรมหลวงชุมพรคุ้มครองครับผม,ลูกพระธาตุ เมืองคอน,2026-09-01,keyword:อหิวาตกโรค
2543551972786147,https://www.facebook.com/photo?fbid=2543551972786147&set=a.2063367960804553,@Berlangganan ลูกพระธาตุ เมืองคอน,2026-08-29,,Sopim Husdintorn,2026-09-01,keyword:อหิวาตกโรค
2543551972786147,https://www.facebook.com/photo?fbid=2543551972786147&set=a.2063367960804553,@Berlangganan ลูกพระธาตุ เมืองคอน,2026-08-29,Sopim Husdintorn รับพรอันเป็นสิริมงคลครับ,ลูกพระธาตุ เมืองคอน,2026-09-01,keyword:อหิวาตกโรค
2543551972786147,https://www.facebook.com/photo?fbid=2543551972786147&set=a.2063367960804553,@Berlangganan ลูกพระธาตุ เมืองคอน,2026-08-28,,Sutham Noochoo,2026-09-01,keyword:อหิวาตกโรค
2543551972786147,https://www.facebook.com/photo?fbid=2543551972786147&set=a.2063367960804553,@Berlangganan ลูกพระธาตุ เมืองคอน,2026-08-28,Sutham Noochoo พระบารมีเสด็จเตี่ยคุ้มครองครับพี่,ลูกพระธาตุ เมืองคอน,2026-09-01,keyword:อหิวาตกโรค
2543551972786147,https://www.facebook.com/photo?fbid=2543551972786147&set=a.2063367960804553,@Berlangganan ลูกพระธาตุ เมืองคอน,2026-08-29,,พีระ ประทุมพิทักษ์,2026-09-01,keyword:อหิวาตกโรค
2543551972786147,https://www.facebook.com/photo?fbid=2543551972786147&set=a.2063367960804553,@Berlangganan ลูกพระธาตุ เมืองคอน,2026-08-29,พีระ ประทุมพิทักษ์ Amin,ลูกพระธาตุ เมืองคอน,2026-09-01,keyword:อหิวาตกโรค
2543551972786147,https://www.facebook.com/photo?fbid=2543551972786147&set=a.2063367960804553,@Berlangganan ลูกพระธาตุ เมืองคอน,2026-08-29,Berkatap dalam kesepakatan.,แพตกปลาลุงพิมพ์ แม่น้ำเจ้าพระยา,2026-09-01,keyword:อหิวาตกโรค
2543551972786147,https://www.facebook.com/photo?fbid=2543551972786147&set=a.2063367960804553,@Berlangganan ลูกพระธาตุ เมืองคอน,2026-08-30,แพตกปลาลุงพิมพ์ แม่น้ำเจ้าพระยา Amin,ลูกพระธาตุ เมืองคอน,2026-09-01,keyword:อหิวาตกโรค
2543551972786147,https://www.facebook.com/photo?fbid=2543551972786147&set=a.2063367960804553,@Berlangganan ลูกพระธาตุ เมืองคอน,2026-08-29,,Tao Sompong,2026-09-01,keyword:อหิวาตกโรค
2543551972786147,https://www.facebook.com/photo?fbid=2543551972786147&set=a.2063367960804553,@Berlangganan ลูกพระธาตุ เมืองคอน,2026-08-29,Tao Sompong รับพรอันเป็นสิริมงคลครับ,ลูกพระธาตุ เมืองคอน,2026-09-01,keyword:อหิวาตกโรค
2543551972786147,https://www.facebook.com/photo?fbid=2543551972786147&set=a.2063367960804553,@Berlangganan ลูกพระธาตุ เมืองคอน,2026-08-28,Amin,Chantira Channoi,2026-09-01,keyword:อหิวาตกโรค
2543551972786147,https://www.facebook.com/photo?fbid=2543551972786147&set=a.2063367960804553,@Berlangganan ลูกพระธาตุ เมืองคอน,2026-08-29,Chantira Channoi พระบารมีเสด็จเตี่ยคุ้มครองครับ,ลูกพระธาตุ เมืองคอน,2026-09-01,keyword:อหิวาตกโรค
1397896672377047,https://www.facebook.com/photo?fbid=1397896672377047&set=a.702410501925671,,2026-04-28,รัชกาลที่ ๕ ทรงอุ้มเจ้าฟ้าศิริราช photos:บุญตา แอนทิค,Thai Classic,2026-09-01,keyword:อหิวาตกโรค
1397896672377047,https://www.facebook.com/photo?fbid=1397896672377047&set=a.702410501925671,,2026-04-28,Amin.,ต่อ บังอร,2026-09-01,keyword:อหิวาตกโรค
1397896672377047,https://www.facebook.com/photo?fbid=1397896672377047&set=a.702410501925671,,2026-04-28,พระเมรุ 5 ยอด ในปี 2430 รัชกาลที่ 5 ทรงโทมนัสเป็นอย่างยิ่งอันเนื่องมาจากการสิ้นพระชนม์ของพระราชโอรส พระราชธิดา และพระมเหสี ในเวลาใกล้เคียงกัน คือ เจ้าฟ้าศิริราชกกุธภัณฑ์ สิ้นพระชนม์ วันที่ 31 พฤษภาคม 2430 สิริพระชันษา 1 ปี 6 เดือน เจ้าฟ้าพาหุรัดมณีมัย สิ้นพระชนม์เมื่อวันที่ 27 สิงหาคม 2430 สิริพระชันษา 8 ปี 8 เดือน 11 วัน เจ้าฟ้าตรีเพ็ชรุตม์ธำรง สิ้นพระชนม์เมื่อวันที่ 22 พฤศจิกายน 2430 สิริพระชันษา 5 ปี 10 เดือน (ประสูติแต่สมเด็จพระนางเจ้าเสาวภาผ่องศรี พระบรมราชินีนาถ ทั้งสามพระองค์) และพระอรรคชายาเธอ พระองค์เจ้าเสาวภาคนารีรัตน์ สิ้นพระชนม์ วันที่ 21 กรกฎาคม 2430 สิริพระชันษา 32 ปี 5 เดือน 5 วัน พระบาทสมเด็จพระจุลจอมเกล้าเจ้าอยู่หัว ทรงกำหนดงานพระเมรุ โปรดเกล้าฯให้สมเด็จพระเจ้าน้องยาเธอ เจ้าฟ้าภาณุรังษีสว่างวงศ์ กรมพระภาณุพันธุวงศ์วรเดช เป็นแม่กองในการก่อสร้างพระเมรุมาศห้ายอด บริเวณท้องสนามหลวงสำหรับพระราชทานเพลิงพระศพทั้ง 4 พระองค์อย่างสมพระเกียรติยศ Credit :facebook/fiftyplusTH,Thai Classic,2026-09-01,keyword:อหิวาตกโรค
1397896672377047,https://www.facebook.com/photo?fbid=1397896672377047&set=a.702410501925671,,2026-04-28,ทำไมสิ้นพระชนปีเดียวหมดเลย,สมันใจ กล่อมหามิฬ,2026-09-01,keyword:อหิวาตกโรค
1397896672377047,https://www.facebook.com/photo?fbid=1397896672377047&set=a.702410501925671,,2026-04-28,สมเด็จพระนางเจ้าเสาวภาผ่องศรี ทรงอุ้มเจ้าฟ้าศิริราช ที่มาเว็บไซต์ : พิพิธภัณฑสถานแห่งชาติ พระนคร,Thai Classic,2026-09-01,keyword:อหิวาตกโรค
1397896672377047,https://www.facebook.com/photo?fbid=1397896672377047&set=a.702410501925671,,2026-04-28,โรงพยาบาลศิริราชในยุคปัจจุบัน,Thai Classic,2026-09-01,keyword:อหิวาตกโรค
1397896672377047,https://www.facebook.com/photo?fbid=1397896672377047&set=a.702410501925671,,2026-04-28,Thai Classic ใกล้สถานีรถไฟบางกอกน้อย ส่วนของคงรู้กันแล้ว,Bearkimhong Wit,2026-09-01,keyword:อหิวาตกโรค
1397896672377047,https://www.facebook.com/photo?fbid=1397896672377047&set=a.702410501925671,,2026-04-28,,Thai Classic,2026-09-01,keyword:อหิวาตกโรค
1397896672377047,https://www.facebook.com/photo?fbid=1397896672377047&set=a.702410501925671,,2026-04-28,Amin Amin Amin. Bapa dari 5 anak.,Mai Khoua Her,2026-09-01,keyword:อหิวาตกโรค
1397896672377047,https://www.facebook.com/photo?fbid=1397896672377047&set=a.702410501925671,,2026-05-05,"Amin, Yang Mulia.",รุ่งนภร พุฒซ้าย,2026-09-01,keyword:อหิวาตกโรค
1397896672377047,https://www.facebook.com/photo?fbid=1397896672377047&set=a.702410501925671,,2026-04-28,น้อมรำลึกถึงท่าน กราบสาธุ,Rungthip Manakobkarn,2026-09-01,keyword:อหิวาตกโรค
1397896672377047,https://www.facebook.com/photo?fbid=1397896672377047&set=a.702410501925671,,2026-04-28,ดีใจที่ได้เกิดมาเป็นคนไทย ที่มีพระมหากษัตริย์ที่รักประชาชน ห่วงใยในชีวิตของประชาชน ลูกขอน้อมรำลึกถึงพระมหากรุณาธิคุณที่หาที่สุดมิได้ รักสถาบันกษัตริย์ที่สุด,Lek Sanya,2026-09-01,keyword:อหิวาตกโรค
1397896672377047,https://www.facebook.com/photo?fbid=1397896672377047&set=a.702410501925671,,2026-04-28,"Amin, amin, amin.",ศิ ญา,2026-09-01,keyword:อหิวาตกโรค
1397896672377047,https://www.facebook.com/photo?fbid=1397896672377047&set=a.702410501925671,,2026-04-28,Bentuk busur,Suvimol Hoong,2026-09-01,keyword:อหิวาตกโรค
1397896672377047,https://www.facebook.com/photo?fbid=1397896672377047&set=a.702410501925671,,2026-04-28,Suvimol Hoong,Thai Classic,2026-09-01,keyword:อหิวาตกโรค
1397896672377047,https://www.facebook.com/photo?fbid=1397896672377047&set=a.702410501925671,,2026-04-28,กราบสาธุสมเด็จพ่อรัชกาลที่ห้า,กะติ้บ หมูแม่,2026-09-01,keyword:อหิวาตกโรค
1397896672377047,https://www.facebook.com/photo?fbid=1397896672377047&set=a.702410501925671,,2026-04-28,Amin.,น้อยหน่า ทุ่งเกษม,2026-09-01,keyword:อหิวาตกโรค
1397896672377047,https://www.facebook.com/photo?fbid=1397896672377047&set=a.702410501925671,,2026-04-28,Itu adalah prestasi rakyat Thailand.,Porntip Pinkaew,2026-09-01,keyword:อหิวาตกโรค
1397896672377047,https://www.facebook.com/photo?fbid=1397896672377047&set=a.702410501925671,,2026-04-28,"Amin, amin, amin",จิรวรรณ จิตรพล,2026-09-01,keyword:อหิวาตกโรค
1397896672377047,https://www.facebook.com/photo?fbid=1397896672377047&set=a.702410501925671,,2026-04-28,Berkatap dalam kesepakatan.,Apple Naka,2026-09-01,keyword:อหิวาตกโรค
1397896672377047,https://www.facebook.com/photo?fbid=1397896672377047&set=a.702410501925671,,2026-04-28,Apple Naka,Thai Classic,2026-09-01,keyword:อหิวาตกโรค
1397896672377047,https://www.facebook.com/photo?fbid=1397896672377047&set=a.702410501925671,,2026-04-28,,Waraporn Chimplee,2026-09-01,keyword:อหิวาตกโรค
1397896672377047,https://www.facebook.com/photo?fbid=1397896672377047&set=a.702410501925671,,2026-04-28,Waraporn Chimplee,Thai Classic,2026-09-01,keyword:อหิวาตกโรค
1397896672377047,https://www.facebook.com/photo?fbid=1397896672377047&set=a.702410501925671,,2026-04-28,Amin.,Nampuneng Choedkrathok,2026-09-01,keyword:อหิวาตกโรค
1397896672377047,https://www.facebook.com/photo?fbid=1397896672377047&set=a.702410501925671,,2026-04-28,Nampuneng Choedkrathok,Thai Classic,2026-09-01,keyword:อหิวาตกโรค
1397896672377047,https://www.facebook.com/photo?fbid=1397896672377047&set=a.702410501925671,,2026-04-28,Amin.,Ratree Kraithep,2026-09-01,keyword:อหิวาตกโรค
1397896672377047,https://www.facebook.com/photo?fbid=1397896672377047&set=a.702410501925671,,2026-04-28,Ratree Kraithep,Thai Classic,2026-09-01,keyword:อหิวาตกโรค
1397896672377047,https://www.facebook.com/photo?fbid=1397896672377047&set=a.702410501925671,,2026-04-28,"Amin, Amin, Amin.",Tim Qa,2026-09-01,keyword:อหิวาตกโรค
1549743346481842,https://www.facebook.com/photo?fbid=1549743346481842&set=a.108748523914672,,2026-04-14,จากหนังสือ นาวุติกานุสรณ์ หน้า ๑๓๐ ตอน พ่อเข้มงวดลูกครับ,Tharakorn KB,2026-09-01,keyword:อหิวาตกโรค
1549743346481842,https://www.facebook.com/photo?fbid=1549743346481842&set=a.108748523914672,,2026-04-14,,ป. เมธี,2026-09-01,keyword:อหิวาตกโรค
122298881192189891,https://www.facebook.com/photo?fbid=122298881192189891&set=a.122107992410189891,@Berlangganan Thanatphong Sakanchaleekul,2026-08-25,"ฝากสนับสนุน เนื้อหาข่าวสาร เพื่อไม่ให้พลาดการอัพเดทกระแสต่างๆ ด้วยการสมัครสมาชิกที่ลิงค์นี้ กันด้วยนะครับ
 https://www.facebook.com/thanatphong.../subscribenow...",Thanatphong Sakanchaleekul,2026-09-01,keyword:อหิวาตกโรค
26214981364806965,https://www.facebook.com/photo?fbid=26214980658140369&set=pcb.26214981364806965,,2026-02-17,สภาพ,Nantaphak Tu,2026-09-01,keyword:อหิวาตกโรค
26214981364806965,https://www.facebook.com/photo?fbid=26214980658140369&set=pcb.26214981364806965,,2026-02-17,อนุวัต จัดให้,Nantaphak Tu,2026-09-01,keyword:อหิวาตกโรค
26214981364806965,https://www.facebook.com/photo?fbid=26214980658140369&set=pcb.26214981364806965,,2026-02-17,ไทยรัฐนิวส์โชว์ Thairath - ไทยรัฐออนไลน์ @ไฮไลท์,Nantaphak Tu,2026-09-01,keyword:อหิวาตกโรค
26214981364806965,https://www.facebook.com/photo?fbid=26214980658140369&set=pcb.26214981364806965,,2026-02-17,ไม่เดือดร้อนเลยนะเนี๊ยยย สภาพ,Nantaphak Tu,2026-09-01,keyword:อหิวาตกโรค
26214981364806965,https://www.facebook.com/photo?fbid=26214980658140369&set=pcb.26214981364806965,,2026-02-17,อัพเดทล่าสุด รอหน่วยงานที่เกี่ยวข้อง ประชุมหารือวันที่ 20/2/69 ค่ะ  ถึงแนวทาง ระหว่างนี้ก็ดูแลตัวเองไปก่อนค่ะ #ล่าสุดวันนี้ที่วางยiตามภาพ,Nantaphak Tu,2026-09-01,keyword:อหิวาตกโรค
26214981364806965,https://www.facebook.com/photo?fbid=26214980658140369&set=pcb.26214981364806965,,2026-02-24,พอเราพูดถึงความเดือดร้อน คนที่เลี้ยงไก่ เลี้ยงหมู เลี้ยงวัว โรงน้ำยาง เค้าหาว่าเราอิจฉา เค้าก็ด่าว่าสาระพัดนั้น  บางคนในหมู่บ้านไม่กล้าถึงความเดือดร้อนพูดเพราะความเกรงใจ พอทางราชการจะมาตรวจ ก็จะมีคนในนั้นโทมาบอก ให้เจ้าของเหล่านั้นจัดการให้เรียบร้อย เค้าจะมาตรวจวันที่.... พอเค้ามาตรวจก็ไม่พบอะไร เพราะเจ้าของเหล่านั้นทำอย่างดีถูกต้อง สุดท้ายผลกรรมที่รับเคราะห์อยู่กับชาวบ้าน เชื้อโรค การเป็นภูมิแพ้ การป่วยจะมีบ่อยมากจะหายช้า เพราะเราและลูกก็เป็นภูมิแพ้ติดเชื้อทางอากาศ ลูกมีเรียน 5 วัน ขาดไป 3-4 วัน/สัปดาห์  ตอนนี้พาลูกย้ายออกจากพื้นที่นั้นมาประมาณ18 ปี แล้ว เพราะไม่ไหวจิงๆ ทุกอาชีพไม่ว่าทำอะไร หากทำแล้วไม่สร้างความเดือดร้อนให้คนอื่น ก็ไม่มีใครว่า,แม่กบ สายสุวรรณ์,2026-09-01,keyword:อหิวาตกโรค
26214981364806965,https://www.facebook.com/photo?fbid=26214980658140369&set=pcb.26214981364806965,,2026-02-17,มันเกิดจากอะไรหรือนั้น,Sukanya Mahawong,2026-09-01,keyword:อหิวาตกโรค
26214981364806965,https://www.facebook.com/photo?fbid=26214980658140369&set=pcb.26214981364806965,,2026-02-17,ต้นเหตุมาจากไหนครับถึงได้มีแมลงวันมากขนาดนี้,จอ เอม ส์,2026-09-01,keyword:อหิวาตกโรค
26214981364806965,https://www.facebook.com/photo?fbid=26214980658140369&set=pcb.26214981364806965,,2026-02-17,พองขน,คุณิตา ฯ.,2026-09-01,keyword:อหิวาตกโรค
26214981364806965,https://www.facebook.com/photo?fbid=26214980658140369&set=pcb.26214981364806965,,2026-02-17,,ปัทมาภรณ์ แดงแก้ว,2026-09-01,keyword:อหิวาตกโรค
122215191098561323,https://www.facebook.com/photo?fbid=122215191026561323&set=pcb.122215191098561323,,2026-08-31,"𝕊𝕦𝕡𝕖𝕣 𝕓𝕒𝕘𝕦𝕤 
𝐒𝐔𝐌𝐁𝐔𝐓𝐎𝐆𝐄𝐋",Floren Enriquez,2026-09-01,keyword:อหิวาตกโรค
122215191098561323,https://www.facebook.com/photo?fbid=122215191026561323&set=pcb.122215191098561323,,2026-08-31,"สว𝐒u𝐩𝐞𝐫 𝐛𝐚𝐠𝐮𝐬 
𝐒𝐔𝐌𝐁𝐔𝐓𝐎𝐆𝐄𝐋",SLsurjo Roy,2026-09-01,keyword:อหิวาตกโรค
122215191098561323,https://www.facebook.com/photo?fbid=122215191026561323&set=pcb.122215191098561323,,2026-08-31,"𝙎𝙪𝙥𝙚𝙧 𝘾𝙖𝙣𝙩𝙞𝙠 
𝐒𝐔𝐌𝐁𝐔𝐓𝐎𝐆𝐄𝐋",Quach Kỳ,2026-09-01,keyword:อหิวาตกโรค
122215191098561323,https://www.facebook.com/photo?fbid=122215191026561323&set=pcb.122215191098561323,,2026-08-31,"𝕾𝖚𝖕𝖊𝖗 𝕮𝖆𝖓𝖙𝖎𝖐 
𝐒𝐔𝐌𝐁𝐔𝐓𝐎𝐆𝐄𝐋",الموالي الصغير,2026-09-01,keyword:อหิวาตกโรค
122215191098561323,https://www.facebook.com/photo?fbid=122215191026561323&set=pcb.122215191098561323,,2026-08-31,"𝓢𝓾𝓹𝓮𝓻 𝓒𝓪𝓷𝓽𝓲𝓴
𝐒𝐔𝐌𝐁𝐔𝐓𝐎𝐆𝐄𝐋",Muhammad Mohiuddin,2026-09-01,keyword:อหิวาตกโรค
122215191098561323,https://www.facebook.com/photo?fbid=122215191026561323&set=pcb.122215191098561323,,2026-08-31,"𝙎𝙪𝙥𝙚𝙧 𝘾𝙖𝙣𝙩𝙞𝙠 
𝐒𝐔𝐌𝐁𝐔𝐓𝐎𝐆𝐄𝐋",Marine Pennec,2026-09-01,keyword:อหิวาตกโรค
122215191098561323,https://www.facebook.com/photo?fbid=122215191026561323&set=pcb.122215191098561323,,2026-08-31,"𝑆𝑢𝑝𝑒𝑟 𝑏𝑎𝑔𝑢s
𝐒𝐔𝐌𝐁𝐔𝐓𝐎𝐆𝐄𝐋",Faniriantsoa Fah,2026-09-01,keyword:อหิวาตกโรค
122215191098561323,https://www.facebook.com/photo?fbid=122215191026561323&set=pcb.122215191098561323,,2026-08-31,"𝕊𝕦𝕡𝕖𝕣 𝕓𝕒𝕘𝕦𝕤
𝐒𝐔𝐌𝐁𝐔𝐓𝐎𝐆𝐄𝐋",মন পাখি,2026-09-01,keyword:อหิวาตกโรค
122215191098561323,https://www.facebook.com/photo?fbid=122215191026561323&set=pcb.122215191098561323,,2026-08-31,"S𝐮𝐩𝐞r 𝐛a𝐠u𝐬 
𝐒𝐔𝐌𝐁𝐔𝐓𝐎𝐆𝐄𝐋",Razuu Vai,2026-09-01,keyword:อหิวาตกโรค
122215191098561323,https://www.facebook.com/photo?fbid=122215191026561323&set=pcb.122215191098561323,,2026-08-31,"𝚂𝚞𝐩𝐞𝐫 𝐛𝐚𝐠𝐮𝐬 
𝐒𝐔𝐌𝐁𝐔𝐓𝐎𝐆𝐄𝐋",May Lay,2026-09-01,keyword:อหิวาตกโรค
122215191098561323,https://www.facebook.com/photo?fbid=122215191026561323&set=pcb.122215191098561323,,2026-08-04,ยินดีต้อนรับทุกท่านที่ชื่นชอบ#Funny#Comedy#ความรู้ด้านจิตวิทยาเพื่อรู้ทันเล่ห์กลต่างๆ หากท่านต้องการสนับสนุนสมัครสมาชิกเลยครับ https://www.facebook.com/b.di.seiyc.thi.../subscribenow...,เบญจพัฒน์ ราชาวานรเทพ แก้วมงคล,2026-09-01,keyword:อหิวาตกโรค
3158830864300990,https://www.facebook.com/photo?fbid=3158830770967666&set=pcb.3158830864300990,,2025-11-25,โรงบาลหรือโรงแรม5ดาวครับเนี่ย,Aphichat Hemloun,2026-09-01,keyword:อหิวาตกโรค
3158830864300990,https://www.facebook.com/photo?fbid=3158830770967666&set=pcb.3158830864300990,,2025-11-25,ประกันของ FWD แน่เลย ใช้อยู่,Anova Bo,2026-09-01,keyword:อหิวาตกโรค
3158830864300990,https://www.facebook.com/photo?fbid=3158830770967666&set=pcb.3158830864300990,,2025-12-02,ดีขึ้นยังท่าน,ชื่อนุ๊ก เชยเชย,2026-09-01,keyword:อหิวาตกโรค
3158830864300990,https://www.facebook.com/photo?fbid=3158830770967666&set=pcb.3158830864300990,,2025-12-02,ประกันของอะไรครับ ค่าเบี้ยเท่าไหร่ครับ,Kunton Thanwa,2026-09-01,keyword:อหิวาตกโรค
3158830864300990,https://www.facebook.com/photo?fbid=3158830770967666&set=pcb.3158830864300990,,2025-11-25,พักผ่อนบ้างท่าน ค่อยสู้ใหม่ ไอเลิฟมายจ๊อบ,Samrit Noyyano,2026-09-01,keyword:อหิวาตกโรค
3158830864300990,https://www.facebook.com/photo?fbid=3158830770967666&set=pcb.3158830864300990,,2025-11-25,ไปกินอะไรมาคับน้องบอล หายไวๆเดียวยอดหาย,WanMai BangNa,2026-09-01,keyword:อหิวาตกโรค
3158830864300990,https://www.facebook.com/photo?fbid=3158830770967666&set=pcb.3158830864300990,,2025-11-25,ขี้แตกหรอครับ,อ๊อฟ คั้บ ฯ.,2026-09-01,keyword:อหิวาตกโรค
3158830864300990,https://www.facebook.com/photo?fbid=3158830770967666&set=pcb.3158830864300990,,2025-11-25,หายไวๆไอ้น้อง,พริกไท คนสวน,2026-09-01,keyword:อหิวาตกโรค
3158830864300990,https://www.facebook.com/photo?fbid=3158830770967666&set=pcb.3158830864300990,,2025-11-25,ทำประกันตัวไหนครับพี่แนะนำหน่อยครับ,Guy Ra,2026-09-01,keyword:อหิวาตกโรค
3158830864300990,https://www.facebook.com/photo?fbid=3158830770967666&set=pcb.3158830864300990,,2025-11-25,หายไว ๆ ครับ,ซันเดย์ เฟซจริง,2026-09-01,keyword:อหิวาตกโรค
1601612041334004,https://www.facebook.com/photo?fbid=1601605861334622&set=pcb.1601612041334004,,2026-09-01,"Cảm ơn Hội Đồng Thành Viên Cửa Đông đã dành trọn tâm huyết để mang đến một mùa Team Building thật bùng nổ và đáng nhớ!  Cảm ơn vì không chỉ quan tâm đến công việc, mà còn luôn quan tâm đến đời sống và tinh thần của mỗi thành viên Cửa Đông. Một chuyến đi khép lại, nhưng tiếng cười, sự gắn kết và những kỷ niệm đẹp chắc chắn sẽ còn mãi. Tự hào là một thành viên của đại gia đình Cửa Đông!",Nàng Rắn,2026-09-01,keyword:bệnh tả
1601612041334004,https://www.facebook.com/photo?fbid=1601605861334622&set=pcb.1601612041334004,,2026-09-01,Nhìn là thấy vui rồi! Cửa Đông number 1,Hoàng Lan,2026-09-01,keyword:bệnh tả
1601612041334004,https://www.facebook.com/photo?fbid=1601605861334622&set=pcb.1601612041334004,,2026-09-01,tuyệt vời lắm,Nga Trân,2026-09-01,keyword:bệnh tả
1601612041334004,https://www.facebook.com/photo?fbid=1601605861334622&set=pcb.1601612041334004,,2026-09-01,Rứa ngày mai các bs có khám bệnh ko ạ,Hoa Vo,2026-09-01,keyword:bệnh tả
1601612041334004,https://www.facebook.com/photo?fbid=1601605861334622&set=pcb.1601612041334004,,2026-09-01,"Cảm ơn HĐTV  rất nhiều , cảm ơn ban tổ chức , cảm ơn các đồng nghiệp đã cùng nhau có 1 khoảnh khắc thật tuyệt vời ạ",Pham Thi Duong,2026-09-01,keyword:bệnh tả
1601612041334004,https://www.facebook.com/photo?fbid=1601605861334622&set=pcb.1601612041334004,,2026-09-01,Tuyệt vời Cửa Đông ơi!,Minh Đỗ,2026-09-01,keyword:bệnh tả
1601612041334004,https://www.facebook.com/photo?fbid=1601605861334622&set=pcb.1601612041334004,,2026-09-01,Tuyệt vời,Hoàng Toàn,2026-09-01,keyword:bệnh tả
1601612041334004,https://www.facebook.com/photo?fbid=1601605861334622&set=pcb.1601612041334004,,2026-09-01,Tuyệt vời quá luôn,Nguyên Minh,2026-09-01,keyword:bệnh tả
1601612041334004,https://www.facebook.com/photo?fbid=1601605861334622&set=pcb.1601612041334004,,2026-09-01,Tuyệt vời quá,Cô Hằng Cô Hằng,2026-09-01,keyword:bệnh tả
1601612041334004,https://www.facebook.com/photo?fbid=1601605861334622&set=pcb.1601612041334004,,2026-09-01,,Luong Nguyen Thi,2026-09-01,keyword:bệnh tả
1385818363405923,https://www.facebook.com/photo?fbid=1385818363405923&set=a.216384050349366,,2026-07-14,,Lê Thị Dự,2026-09-01,keyword:bệnh tả
1385818363405923,https://www.facebook.com/photo?fbid=1385818363405923&set=a.216384050349366,,2026-07-14,Vịt này bao nhiêu tiền vậy,Trần Thị Sự,2026-09-01,keyword:bệnh tả
1385818363405923,https://www.facebook.com/photo?fbid=1385818363405923&set=a.216384050349366,,2026-07-14,,Văn Ba,2026-09-01,keyword:bệnh tả
1446587404234770,https://www.facebook.com/photo?fbid=1446584957568348&set=pcb.1446587404234770,,2026-08-28,Quá ý nghĩa luôn Thầy,Phan Thị Thảo Nguyên,2026-09-01,keyword:bệnh tả
1446587404234770,https://www.facebook.com/photo?fbid=1446584957568348&set=pcb.1446587404234770,,2026-08-28,"Tuyệt vời ạ, các anh chị NVYT bác sĩ dược sĩ đều cần lắm những phút giây này để tái tạo sức lao động ạ",Thùy Trang Huỳnh,2026-09-01,keyword:bệnh tả
1446587404234770,https://www.facebook.com/photo?fbid=1446584957568348&set=pcb.1446587404234770,,2026-08-26,mô hình này cần lan rộng thì quá tuyệt vời,Thu Thủy,2026-09-01,keyword:bệnh tả
1446587404234770,https://www.facebook.com/photo?fbid=1446584957568348&set=pcb.1446587404234770,,2026-08-26,"Một chương trình ý nghĩa, nếu chỉnh font chữ ok hơn nữa thì tốt quá",Tuỳ Như,2026-09-01,keyword:bệnh tả
1446587404234770,https://www.facebook.com/photo?fbid=1446584957568348&set=pcb.1446587404234770,,2026-08-25,Một chương trình tuyệt vời quá!,Diamond Jimmy,2026-09-01,keyword:bệnh tả
1446587404234770,https://www.facebook.com/photo?fbid=1446584957568348&set=pcb.1446587404234770,,2026-08-26,"Hay, tuyệt vời quá ạ.",Minh Bình,2026-09-01,keyword:bệnh tả
1446587404234770,https://www.facebook.com/photo?fbid=1446584957568348&set=pcb.1446587404234770,,2026-08-25,Tuyệt vời,Kim Anh Do,2026-09-01,keyword:bệnh tả
1446587404234770,https://www.facebook.com/photo?fbid=1446584957568348&set=pcb.1446587404234770,,2026-08-26,,Oanh Nguyen,2026-09-01,keyword:bệnh tả
1446587404234770,https://www.facebook.com/photo?fbid=1446584957568348&set=pcb.1446587404234770,,2026-08-28,Thu HươngThu HuyềnNgô NgaNhỏ Phạm,Lì,2026-09-01,keyword:bệnh tả
1446587404234770,https://www.facebook.com/photo?fbid=1446584957568348&set=pcb.1446587404234770,,2026-08-26,,Phan Văn Nghiệm,2026-09-01,keyword:bệnh tả
3162851670572471,https://www.facebook.com/photo?fbid=3162851567239148&set=pcb.3162851670572471,,2026-06-23,Chấm,Đình Chương Tourist,2026-09-01,keyword:bệnh tả
3162851670572471,https://www.facebook.com/photo?fbid=3162851567239148&set=pcb.3162851670572471,,2026-06-23,Phẩy còn chưa thấy gi,Quốc Thờ Ắng,2026-09-01,keyword:bệnh tả
3817397718397079,https://www.facebook.com/photo?fbid=3817397398397111&set=pcb.3817397718397079,,2026-05-12,Nam mô adi đà phật,Ken Năm,2026-09-01,keyword:bệnh tả
3817397718397079,https://www.facebook.com/photo?fbid=3817397398397111&set=pcb.3817397718397079,,2026-05-19,Lúc này nhìn mắt bạn ck đã ko bình thường rồi !!!,Hồng Vân,2026-09-01,keyword:bệnh tả
3817397718397079,https://www.facebook.com/photo?fbid=3817397398397111&set=pcb.3817397718397079,,2026-05-12,NAM MÔ A DI ĐÀ PHẬT,Chu Tuyết Lanh ĐôngY,2026-09-01,keyword:bệnh tả
3165270063669255,https://www.facebook.com/photo?fbid=3165259810336947&set=pcb.3165270063669255,,2026-05-12,Namo Amitabha Buddha.,Phương Thảo,2026-09-01,keyword:bệnh tả
3165270063669255,https://www.facebook.com/photo?fbid=3165259810336947&set=pcb.3165270063669255,,2026-05-12,"Thật Thương Chị Ạ, bây giờ lũ kền kền yutup đến tận nhà quay kiếm viu kiếm lai kín cả nhà người ta đang đau thương",Dương Quốc Đạt,2026-09-01,keyword:bệnh tả
3165270063669255,https://www.facebook.com/photo?fbid=3165259810336947&set=pcb.3165270063669255,,2026-05-12,Vậy có pải chụi trách nhiệm hình sự kg,Tuyết Mai,2026-09-01,keyword:bệnh tả
3165270063669255,https://www.facebook.com/photo?fbid=3165259810336947&set=pcb.3165270063669255,,2026-05-12,Nam mô Tiếp dẫn Đạo Sư A Di Đà Phật,Huy Cuong Huynh,2026-09-01,keyword:bệnh tả
3165270063669255,https://www.facebook.com/photo?fbid=3165259810336947&set=pcb.3165270063669255,,2026-05-12,"Đứa bé mặt thấy thương quá ,đau xót vô cùng ,  bà nội đang ẳm mà sao vậy , ko bồng chạy đi để việc đáng tiếc quá ,??",Tran Chau Nguyen Thi,2026-09-01,keyword:bệnh tả
3165270063669255,https://www.facebook.com/photo?fbid=3165259810336947&set=pcb.3165270063669255,,2026-05-12,Nam mô a Di Đà Phật,Nhung Trương,2026-09-01,keyword:bệnh tả
3165270063669255,https://www.facebook.com/photo?fbid=3165259810336947&set=pcb.3165270063669255,,2026-05-12,Nam  Mo A Di Da Phat,Diem Kieu Phan,2026-09-01,keyword:bệnh tả
3165270063669255,https://www.facebook.com/photo?fbid=3165259810336947&set=pcb.3165270063669255,,2026-05-12,Nam mô a Di Đà Phật,Nga Trần,2026-09-01,keyword:bệnh tả
3165270063669255,https://www.facebook.com/photo?fbid=3165259810336947&set=pcb.3165270063669255,,2026-05-12,Ô ck có bẹnh tâm thàn hả e,Nga Mai,2026-09-01,keyword:bệnh tả
3165270063669255,https://www.facebook.com/photo?fbid=3165259810336947&set=pcb.3165270063669255,,2026-05-12,"Biarkan anak itu mati, kurang posting, siapa pun yang tidak suka, semakin banyak kamu posting, semakin banyak pula yang akan dipertanyakan Nam Mô A Di Đà Phật",Trang Ngọc Thu,2026-09-01,keyword:bệnh tả
2240999279953332,https://www.facebook.com/photo?fbid=2240999279953332&set=a.1481328192587115,,2026-05-19,"Sadhu
Sadhu
Sadhu",Phương Chulan Phuong,2026-09-01,keyword:bệnh tả
2240999279953332,https://www.facebook.com/photo?fbid=2240999279953332&set=a.1481328192587115,,2026-05-19,"Sadhu
 Sadhu
 Sadhu",Nguyễn Kim Liên,2026-09-01,keyword:bệnh tả
2240999279953332,https://www.facebook.com/photo?fbid=2240999279953332&set=a.1481328192587115,,2026-05-19,Con xin thành kính tri ân công đức của Thầy ạ.,Đỗ Tình,2026-09-01,keyword:bệnh tả
2240999279953332,https://www.facebook.com/photo?fbid=2240999279953332&set=a.1481328192587115,,2026-05-19,Con xin thành kính tri ân công đức của Thầy ạ.,Dung Le Van,2026-09-01,keyword:bệnh tả
2240999279953332,https://www.facebook.com/photo?fbid=2240999279953332&set=a.1481328192587115,,2026-05-19,Nam mô a Di Đà Phật,Lưu Sáu,2026-09-01,keyword:bệnh tả
2240999279953332,https://www.facebook.com/photo?fbid=2240999279953332&set=a.1481328192587115,,2026-05-19,Namo Bonsu Thich Ca Mau Ni Phat,Nga Tran,2026-09-01,keyword:bệnh tả
2240999279953332,https://www.facebook.com/photo?fbid=2240999279953332&set=a.1481328192587115,,2026-05-19,Nam Mô A Mi Đà Phật,Nguyen Quang Tuan,2026-09-01,keyword:bệnh tả
2240999279953332,https://www.facebook.com/photo?fbid=2240999279953332&set=a.1481328192587115,,2026-05-19,Amitabha Buddha,Văn Minh,2026-09-01,keyword:bệnh tả
2240999279953332,https://www.facebook.com/photo?fbid=2240999279953332&set=a.1481328192587115,,2026-05-19,NAM MÔ BỔN SƯ THÍCH CA MÂU NI PHẬT,Nguyễn Hồng,2026-09-01,keyword:bệnh tả
2240999279953332,https://www.facebook.com/photo?fbid=2240999279953332&set=a.1481328192587115,,2026-05-19,Nam Mô Bốn Sư Thích Ca Mâu Ni Phật,Loan Nguyen,2026-09-01,keyword:bệnh tả
2240999279953332,https://www.facebook.com/photo?fbid=2240999279953332&set=a.1481328192587115,,2026-05-19,Nam mô a di đà phật,Nguyễn Thúy Nga,2026-09-01,keyword:bệnh tả
2240999279953332,https://www.facebook.com/photo?fbid=2240999279953332&set=a.1481328192587115,,2026-05-19,Nam Mô A Di Đà Phật,Ngọc Nữ,2026-09-01,keyword:bệnh tả
2240999279953332,https://www.facebook.com/photo?fbid=2240999279953332&set=a.1481328192587115,,2026-05-19,Namo Amitabha Buddha,Mai Nguyen,2026-09-01,keyword:bệnh tả
2240999279953332,https://www.facebook.com/photo?fbid=2240999279953332&set=a.1481328192587115,,2026-05-19,,Loc Tu,2026-09-01,keyword:bệnh tả
2240999279953332,https://www.facebook.com/photo?fbid=2240999279953332&set=a.1481328192587115,,2026-05-19,,Diệu Lập,2026-09-01,keyword:bệnh tả
2240999279953332,https://www.facebook.com/photo?fbid=2240999279953332&set=a.1481328192587115,,2026-05-19,,Liên Lê,2026-09-01,keyword:bệnh tả
2240999279953332,https://www.facebook.com/photo?fbid=2240999279953332&set=a.1481328192587115,,2026-05-19,,Văn Tấn,2026-09-01,keyword:bệnh tả
2240999279953332,https://www.facebook.com/photo?fbid=2240999279953332&set=a.1481328192587115,,2026-05-19,,Thienly Doan,2026-09-01,keyword:bệnh tả
2240999279953332,https://www.facebook.com/photo?fbid=2240999279953332&set=a.1481328192587115,,2026-05-19,,Dieu Huyen,2026-09-01,keyword:bệnh tả
2240999279953332,https://www.facebook.com/photo?fbid=2240999279953332&set=a.1481328192587115,,2026-05-19,,Lê Thuận,2026-09-01,keyword:bệnh tả
2240999279953332,https://www.facebook.com/photo?fbid=2240999279953332&set=a.1481328192587115,,2026-05-19,Salam hormat kepada Buddha,Nguyễn Tiến Đạt,2026-09-01,keyword:bệnh tả
2240999279953332,https://www.facebook.com/photo?fbid=2240999279953332&set=a.1481328192587115,,2026-05-19,,Vô Thường,2026-09-01,keyword:bệnh tả
2240999279953332,https://www.facebook.com/photo?fbid=2240999279953332&set=a.1481328192587115,,2026-05-19,,Nguyễn Ny,2026-09-01,keyword:bệnh tả
2240999279953332,https://www.facebook.com/photo?fbid=2240999279953332&set=a.1481328192587115,,2026-05-19,,Nguyen Ngoc,2026-09-01,keyword:bệnh tả
2057278494882177,https://www.facebook.com/100069837067231/videos/pcb.2057278494882177/1063584572997262,@100069837067231,2026-07-14,cám to quá,Nguyễn Việt Đình,2026-09-01,keyword:bệnh tả
2057278494882177,https://www.facebook.com/100069837067231/videos/pcb.2057278494882177/1063584572997262,@100069837067231,2026-07-14,Nguyễn Việt Đình mình lấy cám vỡ cho gà con r đó ạ.,Thịị Thưư,2026-09-01,keyword:bệnh tả
2057278494882177,https://www.facebook.com/100069837067231/videos/pcb.2057278494882177/1063584572997262,@100069837067231,2026-07-14,Gói gà rù gà toi + gói bcomlex pha nước cho uống tới lớn . Cho gà con ăn cám cút sẽ thấy hiệu quả,An Hoang,2026-09-01,keyword:bệnh tả
2057278494882177,https://www.facebook.com/100069837067231/videos/pcb.2057278494882177/1063584572997262,@100069837067231,2026-07-07,"E úm 30 con chết 2 con,e học hỏi được từ những anh chị đã từng nuôi gà đúc kết đc những kinh nghiệm như sau,chuồng gà sạch sẽ, thoáng mát vào mùa hè và ấm áp vào mùa đông, trước khi thả gà vào chuồng phải vệ sinh chuồng sạch sẽ,phun thuốc khử trùng rồi mới rải trấu hoặc phun trực tiếp lên bề mặt trấu và xung quanh chuồng,úm bóng điện cho gà mùa hè nóng nực e chỉ dùng 1c bóng mà cũng chỉ sd mấy hôm đến hôm nóng quá e ngưng úm bằng bóng điện mà chỉ thắp sáng cho gà ăn, thuốc e k pha quá nhiều loại e chỉ pha 1 ,2 loại thuốc úm gà mà chỗ bán thuốc thú y,cám cò về pha uống.và đặc biệt chuồng nuôi gà không đc để ẩm ướt rất dễ sinh sôi nhiều loại vi khuẩn gà dễ bị bệnh.gà lớn hơn đc vài lượng thì nên thay thế các loại thuốc kháng sinh cho gà bằng cách băm tỏi,lá hẹ trộn thức ăn cho gà ăn tăng sức đề kháng rất tốt cho gà",Linh Linh,2026-09-01,keyword:bệnh tả
2057278494882177,https://www.facebook.com/100069837067231/videos/pcb.2057278494882177/1063584572997262,@100069837067231,2026-07-14,thức ăn bỏ cách ra đừng bỏ chô,Nguyễn Kim,2026-09-01,keyword:bệnh tả
2057278494882177,https://www.facebook.com/100069837067231/videos/pcb.2057278494882177/1063584572997262,@100069837067231,2026-07-14,Thấy tạm ổn mà. Cho vài viên sỏi vô máng uống nữa là OK. Để gà ko bị ướt người á,Ho Ngoc Anh,2026-09-01,keyword:bệnh tả
2057278494882177,https://www.facebook.com/100069837067231/videos/pcb.2057278494882177/1063584572997262,@100069837067231,2026-07-07,Thứ nhất . Diện tích úm quá rộng. Thiếu nhiệt. Thứ hai. Ko đúng kỳ vắc xin. Thứ ba quá nhiều thuốc tổng hợp kkkk. Dẫn đến gà chết.,Nguyen Thi Mo,2026-09-01,keyword:bệnh tả
2057278494882177,https://www.facebook.com/100069837067231/videos/pcb.2057278494882177/1063584572997262,@100069837067231,2026-07-07,Nguyen Thi Mo vâng ạ c đang quây lại rùi ạ,Thịị Thưư,2026-09-01,keyword:bệnh tả
2057278494882177,https://www.facebook.com/100069837067231/videos/pcb.2057278494882177/1063584572997262,@100069837067231,2026-07-07,Thịị Thưư,,2026-09-01,keyword:bệnh tả
2057278494882177,https://www.facebook.com/100069837067231/videos/pcb.2057278494882177/1063584572997262,@100069837067231,2026-07-14,"Thịị Thưư cũng k nên đậy kín, nhỏ laii là dc nhưng vẫn pải hở để không khí lưu thông, mật độ con nhiều pải dọn chuồng thường xuyên tránh nó bị ướt chân ạ",,2026-09-01,keyword:bệnh tả
2057278494882177,https://www.facebook.com/100069837067231/videos/pcb.2057278494882177/1063584572997262,@100069837067231,2026-07-07,Mh bắt hôm thứ sáu tuần rồi nè,Nguyen Thi Mo,2026-09-01,keyword:bệnh tả
2057278494882177,https://www.facebook.com/100069837067231/videos/pcb.2057278494882177/1063584572997262,@100069837067231,2026-07-14,"100% bị viêm đường ruột do mấy ngày đầu uống nước bẩn ,do gà con hay đá trấu vào mấy cái khay làm nước bị chua và thiu",Peserta anonim,2026-09-01,keyword:bệnh tả
2057278494882177,https://www.facebook.com/100069837067231/videos/pcb.2057278494882177/1063584572997262,@100069837067231,2026-07-14,Chuồng rộng quá! Vây nhỏ lại nới rộng chuồng từ từ khi gà lớn dần đêm k cho ăn u j cả,Hoa Nguyen,2026-09-01,keyword:bệnh tả
2057278494882177,https://www.facebook.com/100069837067231/videos/pcb.2057278494882177/1063584572997262,@100069837067231,2026-07-14,"Mình tự ấp 33 con tự úm đạt 100℅
 không dùng nhiều thuốc vậy, chỉ giỏ vắc-xin 2 lần theo hd của thú y",Thu Vu,2026-09-01,keyword:bệnh tả
2057278494882177,https://www.facebook.com/100069837067231/videos/pcb.2057278494882177/1063584572997262,@100069837067231,2026-07-14,Giống gà này là gà gì thế bạn,Phạm Duy Kiên,2026-09-01,keyword:bệnh tả
2057278494882177,https://www.facebook.com/100069837067231/videos/pcb.2057278494882177/1063584572997262,@100069837067231,2026-07-14,Phạm Duy Kiên gà lộn xộn bác ơi,Thịị Thưư,2026-09-01,keyword:bệnh tả
2057278494882177,https://www.facebook.com/100069837067231/videos/pcb.2057278494882177/1063584572997262,@100069837067231,2026-07-14,Thịị Thưư ờ. Mình cũng nuôi mà k nhớ tên gà. Chắc gọi gà nộn xộn vậy,,2026-09-01,keyword:bệnh tả
1526627072796466,https://www.facebook.com/100063475635184/videos/pcb.1526627072796466/26441636545466671,@100063475635184,2026-03-10,Đẹp ! Đạo diễn giỏi đấy ạ ! Hihi ...,Nguyễn Mẫn Mẫn,2026-09-01,keyword:bệnh tả
1526627072796466,https://www.facebook.com/100063475635184/videos/pcb.1526627072796466/26441636545466671,@100063475635184,2026-03-10,,Duonghuyen Nguyen,2026-09-01,keyword:bệnh tả
1526627072796466,https://www.facebook.com/100063475635184/videos/pcb.1526627072796466/26441636545466671,@100063475635184,2026-03-10,,Khanh Le,2026-09-01,keyword:bệnh tả
1526627072796466,https://www.facebook.com/100063475635184/videos/pcb.1526627072796466/26441636545466671,@100063475635184,2026-03-10,,Bang Nguyen,2026-09-01,keyword:bệnh tả
1526627072796466,https://www.facebook.com/100063475635184/videos/pcb.1526627072796466/26441636545466671,@100063475635184,2026-03-17,,Lịch Lung Linh,2026-09-01,keyword:bệnh tả
1526627072796466,https://www.facebook.com/100063475635184/videos/pcb.1526627072796466/26441636545466671,@100063475635184,2026-03-10,,Xuân Thủy,2026-09-01,keyword:bệnh tả
1526627072796466,https://www.facebook.com/100063475635184/videos/pcb.1526627072796466/26441636545466671,@100063475635184,2026-03-10,,Bảo Trân,2026-09-01,keyword:bệnh tả
1526627072796466,https://www.facebook.com/100063475635184/videos/pcb.1526627072796466/26441636545466671,@100063475635184,2026-03-10,,Wuan Minh,2026-09-01,keyword:bệnh tả
1526627072796466,https://www.facebook.com/100063475635184/videos/pcb.1526627072796466/26441636545466671,@100063475635184,2026-03-10,Quá xinhhh ạ,Huệ Tâm,2026-09-01,keyword:bệnh tả
1526627072796466,https://www.facebook.com/100063475635184/videos/pcb.1526627072796466/26441636545466671,@100063475635184,2026-03-10,tuyệt vời,Lê Thị Xuân Quyên,2026-09-01,keyword:bệnh tả
1526627072796466,https://www.facebook.com/100063475635184/videos/pcb.1526627072796466/26441636545466671,@100063475635184,2026-03-10,Quá tuyệt vời các ơi,Canh Hattori,2026-09-01,keyword:bệnh tả
1526627072796466,https://www.facebook.com/100063475635184/videos/pcb.1526627072796466/26441636545466671,@100063475635184,2026-03-17,,Tuấn Kiệt,2026-09-01,keyword:bệnh tả
1526627072796466,https://www.facebook.com/100063475635184/videos/pcb.1526627072796466/26441636545466671,@100063475635184,2026-03-10,,Thanh Thủy Trần,2026-09-01,keyword:bệnh tả
1180619745137904,https://www.facebook.com/photo?fbid=1180619745137904&set=gm.1788630425633063,,2026-07-21,https://drive.google.com/.../1X7W7JU_hY.../view...,AnhQuân Ph,2026-09-01,keyword:bệnh tả
1180619745137904,https://www.facebook.com/photo?fbid=1180619745137904&set=gm.1788630425633063,,2026-07-21,AnhQuân Ph còn tấm nào nữa ko bạn?,GentleGoose9440,2026-09-01,keyword:bệnh tả
1180619745137904,https://www.facebook.com/photo?fbid=1180619745137904&set=gm.1788630425633063,,2026-07-21,Gọn gàng z,Peserta anonim 250,2026-09-01,keyword:bệnh tả
1180619745137904,https://www.facebook.com/photo?fbid=1180619745137904&set=gm.1788630425633063,,2026-07-21,Người tham gia ẩn danh 250 nghề luôn mà b,Thế Anh,2026-09-01,keyword:bệnh tả
1180619745137904,https://www.facebook.com/photo?fbid=1180619745137904&set=gm.1788630425633063,,2026-07-21,Người tham gia ẩn danh 250 cắt mà ko gọn thì người tiếp theo bị xử là ổng luôn đó,Peserta anonim 440,2026-09-01,keyword:bệnh tả
1180619745137904,https://www.facebook.com/photo?fbid=1180619745137904&set=gm.1788630425633063,,2026-07-21,Người tham gia ẩn danh 250 mà k thấy bloood luôn nhỉ,Đăng Khoa,2026-09-01,keyword:bệnh tả
1180619745137904,https://www.facebook.com/photo?fbid=1180619745137904&set=gm.1788630425633063,,2026-08-11,"Anonymous participant 250 đôi khi người nhà tử tù còn bôi trơn cho đao phủ để mài đao sắc hơn, chặt ngọt hơn gọn hơn để tử tù không thấy đau đớn.",Peserta anonim 326,2026-09-01,keyword:bệnh tả
1180619745137904,https://www.facebook.com/photo?fbid=1180619745137904&set=gm.1788630425633063,,2026-07-21,"gia long là thằng cõng rắn cắn gà nhà, có mấy vụ đặc xá cũng đ thể bỏ qua đc tội bán nước của nó, đem chém rồi bêu đầu là hình phạt phù hợp nhất cho nó",Yang Hyun,2026-09-01,keyword:bệnh tả
1180619745137904,https://www.facebook.com/photo?fbid=1180619745137904&set=gm.1788630425633063,,2026-07-21,"Yang Hyun đứng ở góc độ cá nhân , khi bạn bị giết cả nhà cả họ . Bị truy sát bao nhiêu năm , có cơ hội bạn có trả thù k?",Mr0,2026-09-01,keyword:bệnh tả
1180619745137904,https://www.facebook.com/photo?fbid=1180619745137904&set=gm.1788630425633063,,2026-07-21,Yang Hyun đúng là thứ trong đầu không có não ...,Trần Huy Tuấn,2026-09-01,keyword:bệnh tả
1180619745137904,https://www.facebook.com/photo?fbid=1180619745137904&set=gm.1788630425633063,,2026-07-21,"Bây giờ cũng nên áp dụng, để răn đe con người",Peserta anonim 392,2026-09-01,keyword:bệnh tả
1180619745137904,https://www.facebook.com/photo?fbid=1180619745137904&set=gm.1788630425633063,,2026-07-21,Người tham gia ẩn danh 392 đẻ ra thêm mấy nguyễn xuân đạt à,làm_thơ_tình_ái,2026-09-01,keyword:bệnh tả
1180619745137904,https://www.facebook.com/photo?fbid=1180619745137904&set=gm.1788630425633063,,2026-07-21,Người tham gia ẩn danh 392 kêu mẹ m ra chặt đi con,EmpatheticYuzu9816,2026-09-01,keyword:bệnh tả
1180619745137904,https://www.facebook.com/photo?fbid=1180619745137904&set=gm.1788630425633063,,2026-07-21,Người tham gia ẩn danh 392 mày đi mà chặt,Cừu_lười,2026-09-01,keyword:bệnh tả
1180619745137904,https://www.facebook.com/photo?fbid=1180619745137904&set=gm.1788630425633063,,2026-07-21,"Người tham gia ẩn danh 392 nhà nước đang cố giảm nhẹ án tử hình đi vì mục đích nhân đạo, ông lại kêu vác cái này về :))))",John Nguyễn,2026-09-01,keyword:bệnh tả
1180619745137904,https://www.facebook.com/photo?fbid=1180619745137904&set=gm.1788630425633063,,2026-07-21,Anonymous participant 392 trước bắn thôi mấy người cầm súng cũng bị tâm lý rồi. Giờ mang cái này về ông giám làm đao phủ không ?,Bao Pang,2026-09-01,keyword:bệnh tả
1180619745137904,https://www.facebook.com/photo?fbid=1180619745137904&set=gm.1788630425633063,,2026-07-21,"Nhân đạo cái lôz què à, đéo phải nhân đạo với bọn sát nhân, thảm sát, giết ng, bọn đó nhân đạo làm cai lon gi, tụi bây trả lời đc thì t sai",Peserta anonim 392,2026-09-01,keyword:bệnh tả
1180619745137904,https://www.facebook.com/photo?fbid=1180619745137904&set=gm.1788630425633063,,2026-07-21,Người tham gia ẩn danh 392 đổi một phát là chính phủ nước mình mệt đấy bạn đấy bạn=)))))))))),Peserta anonim 850,2026-09-01,keyword:bệnh tả
1180619745137904,https://www.facebook.com/photo?fbid=1180619745137904&set=gm.1788630425633063,,2026-07-21,Người tham gia ẩn danh 392 rồi ai dám chặt?,Andrew Huyhh,2026-09-01,keyword:bệnh tả
1180619745137904,https://www.facebook.com/photo?fbid=1180619745137904&set=gm.1788630425633063,,2026-07-21,"Người tham gia ẩn danh 392 con cái đầu chó m đi,tư duy thúi như cớt",Minh Long,2026-09-01,keyword:bệnh tả
1180619745137904,https://www.facebook.com/photo?fbid=1180619745137904&set=gm.1788630425633063,,2026-08-11,Người tham gia ẩn danh 392 khê,Sáu Thiện Nhân,2026-09-01,keyword:bệnh tả
1180619745137904,https://www.facebook.com/photo?fbid=1180619745137904&set=gm.1788630425633063,,2026-07-21,thời này chủ yếu là dân khởi nghĩa và sĩ phu yêu nước chứ lũ cần chém đầu thì đang làm tay sai với ngồi trên ngai vàng rồi,Lê Phạm Minh Hiếu,2026-09-01,keyword:bệnh tả
1180619745137904,https://www.facebook.com/photo?fbid=1180619745137904&set=gm.1788630425633063,,2026-07-21,Giờ vẫn nên áp dụng cho mấy thằng tội phạm. Răn đe chứ tiêm thuốc nhẹ quá,Concac1m5,2026-09-01,keyword:bệnh tả
1180619745137904,https://www.facebook.com/photo?fbid=1180619745137904&set=gm.1788630425633063,,2026-07-21,Concac1m5 quan trọng là ai dám làm? Làm xong gây tâm lý ám ảnh cho ng ta lắm bác,Ánh Trần,2026-09-01,keyword:bệnh tả
1180619745137904,https://www.facebook.com/photo?fbid=1180619745137904&set=gm.1788630425633063,,2026-07-21,"Trong ảnh là cụ 2 Hiên.bếp trưởng,trong vụ đầu độc Hà thành.để phối hợp với nghĩa quân,của cụ Hoàng Hoa Thám chống lại bọn pháp. Mọi người đừng cười cượt.. Ông ấy là anh hùng của chúng ta",Nam Hoang Van,2026-09-01,keyword:bệnh tả
1180619745137904,https://www.facebook.com/photo?fbid=1180619745137904&set=gm.1788630425633063,,2026-07-21,Nam Hoang Van bác tìm hiểu thông tin kĩ thế . Chứng tỏ là 1 người yêu sử sách và anh hùng dân tộc Việt Nam,Peserta anonim 472,2026-09-01,keyword:bệnh tả
1180619745137904,https://www.facebook.com/photo?fbid=1180619745137904&set=gm.1788630425633063,,2026-07-21,Nam Hoang Van cụ 2 hiên là ai trong bức ảnh a,Iucayiuca_,2026-09-01,keyword:bệnh tả
1180619745137904,https://www.facebook.com/photo?fbid=1180619745137904&set=gm.1788630425633063,,2026-07-21,Nam Hoang Van cám ơn thông tin bạn đã chia sẻ,Lê Trọng,2026-09-01,keyword:bệnh tả
1180619745137904,https://www.facebook.com/photo?fbid=1180619745137904&set=gm.1788630425633063,,2026-07-21,có nhầm ko bác vụ đầu độc là năm 1908 còn trong ảnh ghi là 1890 mà,Hải Đăng,2026-09-01,keyword:bệnh tả
1180619745137904,https://www.facebook.com/photo?fbid=1180619745137904&set=gm.1788630425633063,,2026-07-21,Nam Hoang Van bị phát hiện ntn mà trảm v bạn,Lâm Lâm,2026-09-01,keyword:bệnh tả
1270864034883990,https://www.facebook.com/reel/1270864034883990,,2026-01-27,,Tep Piseth,2026-09-01,keyword:ជំងឺអាសន្នរោគ
1174318604704655,https://www.facebook.com/photo?fbid=1174318514704664&set=pcb.1174318604704655,,2025-09-01,,សុខភាពគ្រួសារ អ៊ុយ សោភា ផ្សារកំពង់ស្ពឺ,2026-09-01,keyword:ជំងឺអាសន្នរោគ
26268754282754458,https://www.facebook.com/photo?fbid=26268752612754625&set=pcb.26268754282754458,,2026-08-31,"𝕊𝕦𝕡𝕖𝕣 𝕓𝕒𝕘𝕦𝕤 
𝐒𝐔𝐌𝐁𝐔𝐓𝐎𝐆𝐄𝐋",Floren Enriquez,2026-09-01,keyword:ជំងឺអាសន្នរោគ
26268754282754458,https://www.facebook.com/photo?fbid=26268752612754625&set=pcb.26268754282754458,,2026-08-31,"สว𝐒u𝐩𝐞𝐫 𝐛𝐚𝐠𝐮𝐬 
𝐒𝐔𝐌𝐁𝐔𝐓𝐎𝐆𝐄𝐋",SLsurjo Roy,2026-09-01,keyword:ជំងឺអាសន្នរោគ
26268754282754458,https://www.facebook.com/photo?fbid=26268752612754625&set=pcb.26268754282754458,,2026-08-31,"𝙎𝙪𝙥𝙚𝙧 𝘾𝙖𝙣𝙩𝙞𝙠 
𝐒𝐔𝐌𝐁𝐔𝐓𝐎𝐆𝐄𝐋",Quach Kỳ,2026-09-01,keyword:ជំងឺអាសន្នរោគ
26268754282754458,https://www.facebook.com/photo?fbid=26268752612754625&set=pcb.26268754282754458,,2026-08-31,"𝕾𝖚𝖕𝖊𝖗 𝕮𝖆𝖓𝖙𝖎𝖐 
𝐒𝐔𝐌𝐁𝐔𝐓𝐎𝐆𝐄𝐋",الموالي الصغير,2026-09-01,keyword:ជំងឺអាសន្នរោគ
26268754282754458,https://www.facebook.com/photo?fbid=26268752612754625&set=pcb.26268754282754458,,2026-08-31,"𝓢𝓾𝓹𝓮𝓻 𝓒𝓪𝓷𝓽𝓲𝓴
𝐒𝐔𝐌𝐁𝐔𝐓𝐎𝐆𝐄𝐋",Muhammad Mohiuddin,2026-09-01,keyword:ជំងឺអាសន្នរោគ
26268754282754458,https://www.facebook.com/photo?fbid=26268752612754625&set=pcb.26268754282754458,,2026-08-31,"𝙎𝙪𝙥𝙚𝙧 𝘾𝙖𝙣𝙩𝙞𝙠 
𝐒𝐔𝐌𝐁𝐔𝐓𝐎𝐆𝐄𝐋",Marine Pennec,2026-09-01,keyword:ជំងឺអាសន្នរោគ
26268754282754458,https://www.facebook.com/photo?fbid=26268752612754625&set=pcb.26268754282754458,,2026-08-31,"𝑆𝑢𝑝𝑒𝑟 𝑏𝑎𝑔𝑢s
𝐒𝐔𝐌𝐁𝐔𝐓𝐎𝐆𝐄𝐋",Faniriantsoa Fah,2026-09-01,keyword:ជំងឺអាសន្នរោគ
26268754282754458,https://www.facebook.com/photo?fbid=26268752612754625&set=pcb.26268754282754458,,2026-08-31,"𝕊𝕦𝕡𝕖𝕣 𝕓𝕒𝕘𝕦𝕤
𝐒𝐔𝐌𝐁𝐔𝐓𝐎𝐆𝐄𝐋",মন পাখি,2026-09-01,keyword:ជំងឺអាសន្នរោគ
26268754282754458,https://www.facebook.com/photo?fbid=26268752612754625&set=pcb.26268754282754458,,2026-08-31,"S𝐮𝐩𝐞r 𝐛a𝐠u𝐬 
𝐒𝐔𝐌𝐁𝐔𝐓𝐎𝐆𝐄𝐋",Razuu Vai,2026-09-01,keyword:ជំងឺអាសន្នរោគ
26268754282754458,https://www.facebook.com/photo?fbid=26268752612754625&set=pcb.26268754282754458,,2026-08-31,"𝚂𝚞𝐩𝐞𝐫 𝐛𝐚𝐠𝐮𝐬 
𝐒𝐔𝐌𝐁𝐔𝐓𝐎𝐆𝐄𝐋",May Lay,2026-09-01,keyword:ជំងឺអាសន្នរោគ
26268754282754458,https://www.facebook.com/photo?fbid=26268752612754625&set=pcb.26268754282754458,,2026-03-03,គេមកហើយ យឺតបន្តិចមែន តែមកតាមការណាត់។ ចប់ពីសត្វនឹងដល់មនុស្សតែម្តង,Leakhena Ke,2026-09-01,keyword:ជំងឺអាសន្នរោគ
26268754282754458,https://www.facebook.com/photo?fbid=26268752612754625&set=pcb.26268754282754458,,2026-03-03,តិចវាថាខ្មែរបំពុលទៀតទៅ,Srey Pich,2026-09-01,keyword:ជំងឺអាសន្នរោគ
26268754282754458,https://www.facebook.com/photo?fbid=26268752612754625&set=pcb.26268754282754458,,2026-03-03,ប្រយ័ត្នប្រយែងមាន់CP,Ah Chhi,2026-09-01,keyword:ជំងឺអាសន្នរោគ
26268754282754458,https://www.facebook.com/photo?fbid=26268752612754625&set=pcb.26268754282754458,,2026-03-03,ផ្អាកផឹកថៃហ្គឺសិន,Hour Heng,2026-09-01,keyword:ជំងឺអាសន្នរោគ
26268754282754458,https://www.facebook.com/photo?fbid=26268752612754625&set=pcb.26268754282754458,,2026-03-03,ទោះមនុស្សរឺសត្វអោយតែនៅក្នុងប្រទេសមួយនេះ បុណ្យថែម,Oun Pisey,2026-09-01,keyword:ជំងឺអាសន្នរោគ
26268754282754458,https://www.facebook.com/photo?fbid=26268752612754625&set=pcb.26268754282754458,,2026-03-03,បើកើតលើទាហានថៃឬមេទាហានថៃល្អបើកើតលើសត្វអាណិតសត្វណាស់,Dara Seang,2026-09-01,keyword:ជំងឺអាសន្នរោគ
26268754282754458,https://www.facebook.com/photo?fbid=26268752612754625&set=pcb.26268754282754458,,2026-03-03,កុំជោរហ្អែង អោយហ្អែងវិនាស ម្តងបន្តិចៗ,Nisothavrak Mar,2026-09-01,keyword:ជំងឺអាសន្នរោគ
26268754282754458,https://www.facebook.com/photo?fbid=26268752612754625&set=pcb.26268754282754458,,2026-03-03,,Chuon Socheat,2026-09-01,keyword:ជំងឺអាសន្នរោគ
26268754282754458,https://www.facebook.com/photo?fbid=26268752612754625&set=pcb.26268754282754458,,2026-03-03,អាណិតតែសត្វទេ បើកើតលើមនុស្សនៅប្រទេសវ.ាល្អផុតលេខម៉ង,Sor Malen,2026-09-01,keyword:ជំងឺអាសន្នរោគ
26268754282754458,https://www.facebook.com/photo?fbid=26268752612754625&set=pcb.26268754282754458,,2026-03-03,Wow,Sokunthea Kong,2026-09-01,keyword:ជំងឺអាសន្នរោគ
356289123405070,https://www.facebook.com/photo?fbid=356289023405080&set=pcb.356289123405070,,2024-09-01,Harga berapa?,Dy Vanden,2026-09-01,keyword:ជំងឺអាសន្នរោគ
356289123405070,https://www.facebook.com/photo?fbid=356289023405080&set=pcb.356289123405070,,2024-09-01,Dy Vanden 1ប្រអប់​15000រៀល​បង,កសិករ Farmer,2026-09-01,keyword:ជំងឺអាសន្នរោគ
356289123405070,https://www.facebook.com/photo?fbid=356289023405080&set=pcb.356289123405070,,2024-09-01,មួយដបតម្លៃប៉ុន្នានបង?,Samret Sreng,2026-09-01,keyword:ជំងឺអាសន្នរោគ
356289123405070,https://www.facebook.com/photo?fbid=356289023405080&set=pcb.356289123405070,,2024-09-01,Samret Sreng1ប្រអប់​15000រៀល​បង,កសិករ Farmer,2026-09-01,keyword:ជំងឺអាសន្នរោគ
356289123405070,https://www.facebook.com/photo?fbid=356289023405080&set=pcb.356289123405070,,2024-09-01,សួស្តីមាន់លែងមានចំណង់មេ ដើរតែអែងៗ តើត្រូវធ្វើមិច,Yem Nat,2026-09-01,keyword:ជំងឺអាសន្នរោគ
356289123405070,https://www.facebook.com/photo?fbid=356289023405080&set=pcb.356289123405070,,2024-09-01,Yem Nat ចាសបង​ពត៌មាន​លំអិត​សូម​ចូល​មើល​ក្នុង​ប្រអប់​សារ​បង,កសិករ Farmer,2026-09-01,keyword:ជំងឺអាសន្នរោគ
1385339056868968,https://www.facebook.com/reel/1385339056868968,,2026-08-25,,អ្នក ម្ដាយ,2026-09-01,keyword:ជំងឺអាសន្នរោគ
1385339056868968,https://www.facebook.com/reel/1385339056868968,,2026-08-25,,ស៊ូរ ភីង,2026-09-01,keyword:ជំងឺអាសន្នរោគ
1385339056868968,https://www.facebook.com/reel/1385339056868968,,2026-08-25,Saya sudah memilikinya sekarang,Sun Sem,2026-09-01,keyword:ជំងឺអាសន្នរោគ
1385339056868968,https://www.facebook.com/reel/1385339056868968,,2026-08-25,,សាង រ៉ា,2026-09-01,keyword:ជំងឺអាសន្នរោគ
1385339056868968,https://www.facebook.com/reel/1385339056868968,,2026-08-25,,ម៉ាក់ លីសា,2026-09-01,keyword:ជំងឺអាសន្នរោគ
1385339056868968,https://www.facebook.com/reel/1385339056868968,,2026-08-25,,Sum Sophat,2026-09-01,keyword:ជំងឺអាសន្នរោគ
1385339056868968,https://www.facebook.com/reel/1385339056868968,,2026-08-25,,ស៊ូដើម្បី ថ្ងែអនាគត,2026-09-01,keyword:ជំងឺអាសន្នរោគ
1385339056868968,https://www.facebook.com/reel/1385339056868968,,2026-08-25,,Nary Nun,2026-09-01,keyword:ជំងឺអាសន្នរោគ
1385339056868968,https://www.facebook.com/reel/1385339056868968,,2026-08-25,ពិតជាត្រឹមត្រូវហើយ,ម្នាក់ឯង រហូត,2026-09-01,keyword:ជំងឺអាសន្នរោគ
1385339056868968,https://www.facebook.com/reel/1385339056868968,,2026-08-25,Memang benar.,អុីនស្រីឡី ធ្លក,2026-09-01,keyword:ជំងឺអាសន្នរោគ
1385339056868968,https://www.facebook.com/reel/1385339056868968,,2026-08-25,,Beė Anickz,2026-09-01,keyword:ជំងឺអាសន្នរោគ
1385339056868968,https://www.facebook.com/reel/1385339056868968,,2026-08-25,,ចែ ភូ លក់គ្រឿងសមុទ្រ,2026-09-01,keyword:ជំងឺអាសន្នរោគ
1385339056868968,https://www.facebook.com/reel/1385339056868968,,2026-08-25,,សុខលី ប៉ៃលិន,2026-09-01,keyword:ជំងឺអាសន្នរោគ
1385339056868968,https://www.facebook.com/reel/1385339056868968,,2026-08-25,,យ៉ា រៀន,2026-09-01,keyword:ជំងឺអាសន្នរោគ
1385339056868968,https://www.facebook.com/reel/1385339056868968,,2026-08-25,មានទៅមានមក។,Soeng Hak,2026-09-01,keyword:ជំងឺអាសន្នរោគ
1385339056868968,https://www.facebook.com/reel/1385339056868968,,2026-08-25,,ម៉ាក់ ស្រី វីន,2026-09-01,keyword:ជំងឺអាសន្នរោគ
1385339056868968,https://www.facebook.com/reel/1385339056868968,,2026-08-25,Anda telah mengatakan kebenaran,Man Pipi,2026-09-01,keyword:ជំងឺអាសន្នរោគ
1385339056868968,https://www.facebook.com/reel/1385339056868968,,2026-08-25,មនុស្សមិនមែនដើម្បីទាំងអស់ទេ។,SO Path,2026-09-01,keyword:ជំងឺអាសន្នរោគ
1385339056868968,https://www.facebook.com/reel/1385339056868968,,2026-08-25,,Thị Phương,2026-09-01,keyword:ជំងឺអាសន្នរោគ
1385339056868968,https://www.facebook.com/reel/1385339056868968,,2026-08-25,,Som Oun,2026-09-01,keyword:ជំងឺអាសន្នរោគ
1385339056868968,https://www.facebook.com/reel/1385339056868968,,2026-08-25,,រច្ចនា កូនម៉ាក់,2026-09-01,keyword:ជំងឺអាសន្នរោគ
1385339056868968,https://www.facebook.com/reel/1385339056868968,,2026-08-25,,So Phatt Sounn,2026-09-01,keyword:ជំងឺអាសន្នរោគ
1385339056868968,https://www.facebook.com/reel/1385339056868968,,2026-08-25,,អោ ស្រីភា,2026-09-01,keyword:ជំងឺអាសន្នរោគ
1385339056868968,https://www.facebook.com/reel/1385339056868968,,2026-08-25,,Tang Hour,2026-09-01,keyword:ជំងឺអាសន្នរោគ
1385339056868968,https://www.facebook.com/reel/1385339056868968,,2026-08-25,,Sam Ol San,2026-09-01,keyword:ជំងឺអាសន្នរោគ
1385339056868968,https://www.facebook.com/reel/1385339056868968,,2026-08-25,,មាស មាស,2026-09-01,keyword:ជំងឺអាសន្នរោគ
1385339056868968,https://www.facebook.com/reel/1385339056868968,,2026-08-25,,Heng Bin,2026-09-01,keyword:ជំងឺអាសន្នរោគ
1385339056868968,https://www.facebook.com/reel/1385339056868968,,2026-08-25,,សុខន គឹមលូន,2026-09-01,keyword:ជំងឺអាសន្នរោគ
1385339056868968,https://www.facebook.com/reel/1385339056868968,,2026-08-25,,ចែ គន្ធី,2026-09-01,keyword:ជំងឺអាសន្នរោគ
1268253758736292,https://www.facebook.com/photo?fbid=1268252648736403&set=pcb.1268253758736292,,2026-03-03,@រំលេច ខ្ញុំសូមអរគុណរាល់ពាក្យជូនពរទាំងអស់របស់បងៗ ប្អូនៗ មីងពូៗ មិត្តៗ ខ្ញុំចា៎សុំជូនពរឲ្យអ្នកទាំងអស់គ្នាមានសុខភាពល្អ នឹងមានអាយុវែង ឲ្យរៀនកាន់តែពូកែ មានសម្រស់កាន់តែស្អាត មានលុយចាយច្រើនៗ,Rin ViChea,2026-09-01,keyword:ជំងឺអាសន្នរោគ
1268253758736292,https://www.facebook.com/photo?fbid=1268252648736403&set=pcb.1268253758736292,,2026-03-03,,Pich Phirun,2026-09-01,keyword:ជំងឺអាសន្នរោគ
1268253758736292,https://www.facebook.com/photo?fbid=1268252648736403&set=pcb.1268253758736292,,2026-03-03,,វាលស្រែ កំសត់,2026-09-01,keyword:ជំងឺអាសន្នរោគ
1268253758736292,https://www.facebook.com/photo?fbid=1268252648736403&set=pcb.1268253758736292,,2026-03-03,,ស្រី ចាន់,2026-09-01,keyword:ជំងឺអាសន្នរោគ
1268253758736292,https://www.facebook.com/photo?fbid=1268252648736403&set=pcb.1268253758736292,,2026-03-03,,Ra Sivlin,2026-09-01,keyword:ជំងឺអាសន្នរោគ
1268253758736292,https://www.facebook.com/photo?fbid=1268252648736403&set=pcb.1268253758736292,,2026-03-03,,Nen Anoeng,2026-09-01,keyword:ជំងឺអាសន្នរោគ
1268253758736292,https://www.facebook.com/photo?fbid=1268252648736403&set=pcb.1268253758736292,,2026-03-03,,Soem SomOun,2026-09-01,keyword:ជំងឺអាសន្នរោគ
1268253758736292,https://www.facebook.com/photo?fbid=1268252648736403&set=pcb.1268253758736292,,2026-03-03,,ចាន់ រតនះ,2026-09-01,keyword:ជំងឺអាសន្នរោគ
1268253758736292,https://www.facebook.com/photo?fbid=1268252648736403&set=pcb.1268253758736292,,2026-03-03,,យាយ៚ ស្វិត,2026-09-01,keyword:ជំងឺអាសន្នរោគ
1268253758736292,https://www.facebook.com/photo?fbid=1268252648736403&set=pcb.1268253758736292,,2026-03-03,,Tum Rot Udom,2026-09-01,keyword:ជំងឺអាសន្នរោគ
832514359875309,https://www.facebook.com/photo?fbid=832514359875309&set=a.229857180141033,,2026-03-24,សុំបវេសចៀសឲ្យឆ្ងាយ សាធុ សាធុ សាធុ,លេ ណា,2026-09-01,keyword:ជំងឺអាសន្នរោគ
832514359875309,https://www.facebook.com/photo?fbid=832514359875309&set=a.229857180141033,,2026-03-24,លេ ណា,ព្រះរាម  សម្ដែងរិទ្ធ ៚,2026-09-01,keyword:ជំងឺអាសន្នរោគ
832514359875309,https://www.facebook.com/photo?fbid=832514359875309&set=a.229857180141033,,2026-03-24,,Jèè Nait,2026-09-01,keyword:ជំងឺអាសន្នរោគ
832514359875309,https://www.facebook.com/photo?fbid=832514359875309&set=a.229857180141033,,2026-03-24,Jèè Nait,ព្រះរាម  សម្ដែងរិទ្ធ ៚,2026-09-01,keyword:ជំងឺអាសន្នរោគ
832514359875309,https://www.facebook.com/photo?fbid=832514359875309&set=a.229857180141033,,2026-03-24,,Yok Pheab,2026-09-01,keyword:ជំងឺអាសន្នរោគ
832514359875309,https://www.facebook.com/photo?fbid=832514359875309&set=a.229857180141033,,2026-03-24,Yok Pheab,ព្រះរាម  សម្ដែងរិទ្ធ ៚,2026-09-01,keyword:ជំងឺអាសន្នរោគ
832514359875309,https://www.facebook.com/photo?fbid=832514359875309&set=a.229857180141033,,2026-03-24,,សុន ពន្លឺ មានលក់ផលិតផលគ្រប់មុខ,2026-09-01,keyword:ជំងឺអាសន្នរោគ
832514359875309,https://www.facebook.com/photo?fbid=832514359875309&set=a.229857180141033,,2026-03-24,,អាទិ សិរី,2026-09-01,keyword:ជំងឺអាសន្នរោគ
832514359875309,https://www.facebook.com/photo?fbid=832514359875309&set=a.229857180141033,,2026-03-24,,បញ្ចៈព៏ណ ទេវី,2026-09-01,keyword:ជំងឺអាសន្នរោគ
832514359875309,https://www.facebook.com/photo?fbid=832514359875309&set=a.229857180141033,,2026-03-24,,ណិប រ៉ាន់,2026-09-01,keyword:ជំងឺអាសន្នរោគ
832514359875309,https://www.facebook.com/photo?fbid=832514359875309&set=a.229857180141033,,2026-03-24,รัน เนพ,ព្រះរាម  សម្ដែងរិទ្ធ ៚,2026-09-01,keyword:ជំងឺអាសន្នរោគ
832514359875309,https://www.facebook.com/photo?fbid=832514359875309&set=a.229857180141033,,2026-03-24,,Chea Bunly,2026-09-01,keyword:ជំងឺអាសន្នរោគ
